date,bdi_index,bci_index,route_c3_usd_per_tonne,route_c5_usd_per_tonne,iron_ore_price_usd,coking_coal_price_usd,brent_crude_usd,bunker_fuel_vlsfo_usd,sp500_index,usd_cny,usd_inr,china_manufacturing_pmi,india_steel_production_mt,capesize_fleet_dwt_m,vessel_orderbook_pct,port_congestion_east_india_days,port_congestion_china_days,is_chinese_new_year,is_monsoon_season,day_of_week,month,quarter,sin_day_of_year,cos_day_of_year,bci_lag_1,bdi_lag_1,c5_lag_1,c3_lag_1,bci_lag_2,bdi_lag_2,c5_lag_2,c3_lag_2,bci_lag_3,bdi_lag_3,c5_lag_3,c3_lag_3,bci_lag_7,bdi_lag_7,c5_lag_7,c3_lag_7,bci_lag_14,bdi_lag_14,c5_lag_14,c3_lag_14,bci_lag_30,bdi_lag_30,c5_lag_30,c3_lag_30,bci_ma_7,bci_std_7,c5_ma_7,bci_ma_14,bci_std_14,c5_ma_14,bci_ma_30,bci_std_30,c5_ma_30,bci_ma_60,bci_std_60,c5_ma_60,bci_roc_7,bci_roc_14,c5_roc_7,fuel_to_c5_ratio,iron_ore_to_bci_ratio,bci_to_bdi_ratio,target_bci_next_1d,target_bci_next_7d,target_bci_next_14d,target_bci_next_30d,target_c5_next_7d,target_c3_next_7d,chartering_signal,chartering_recommendation
2019-03-27,2577.1,3355.2,26.74,13.1,88.97,151.65,63.34,496.71,2772.5,6.7806,70.42,50.89,9.22,347.8,12.09,4,4,0,0,2,3,1,0.9958,0.0913,3340.7,2603.0,13.55,26.98,3440.0,2614.0,13.21,27.07,3285.8,2615.1,12.94,26.24,3285.8,2602.6,12.32,26.34,2997.4,2390.7,12.94,26.73,2877.4,2268.7,12.7,24.87,3343.27,97.29,13.23,3286.94,118.38,13.06,3092.87,211.24,12.78,2810.32,355.54,12.31,0.0211,0.1194,0.0633,0.0379,0.0265,1.3019,3315.1,3422.0,3579.7,3057.9,13.2,28.66,0,HOLD_NEUTRAL
2019-03-28,2608.0,3315.1,26.91,12.64,84.99,157.94,63.92,480.17,2866.4,6.7062,70.42,52.25,9.3,347.9,12.29,4,4,0,0,3,3,1,0.9972,0.0741,3355.2,2577.1,13.1,26.74,3340.7,2603.0,13.55,26.98,3440.0,2614.0,13.21,27.07,3158.4,2447.0,12.95,26.66,3142.6,2513.0,12.86,26.36,2851.8,2336.3,12.88,24.14,3365.66,57.58,13.18,3299.26,110.94,13.05,3108.31,209.94,12.77,2828.08,353.66,12.32,0.0496,0.0549,-0.0239,0.038,0.0256,1.2711,3230.6,3278.9,3375.0,3045.5,13.03,26.03,0,HOLD_NEUTRAL
2019-03-29,2529.3,3230.6,26.32,13.32,92.83,139.46,62.3,503.33,2799.6,6.8153,69.97,51.95,9.3,347.9,12.25,5,5,0,0,4,3,1,0.9984,0.057,3315.1,2608.0,12.64,26.91,3355.2,2577.1,13.1,26.74,3340.7,2603.0,13.55,26.98,3427.5,2667.4,13.3,26.83,3017.1,2499.1,13.06,26.37,2817.2,2277.2,12.17,24.82,3337.53,69.25,13.19,3314.51,79.35,13.07,3122.09,203.64,12.81,2845.68,346.79,12.35,-0.0574,0.0708,0.0015,0.0378,0.0287,1.2773,3332.2,3294.9,3415.5,2958.3,13.01,26.53,0,HOLD_NEUTRAL
2019-04-01,2621.4,3332.2,26.7,13.25,96.7,153.71,62.18,524.12,2779.9,6.744,70.76,50.77,9.23,348.0,12.28,5,4,0,0,0,4,2,1.0,0.0054,3230.6,2529.3,13.32,26.32,3315.1,2608.0,12.64,26.91,3355.2,2577.1,13.1,26.74,3395.3,2597.1,13.55,26.92,3256.2,2538.6,12.69,25.98,3010.9,2417.7,12.46,26.24,3328.51,64.41,13.14,3319.94,77.63,13.11,3132.8,206.03,12.84,2864.18,342.56,12.38,-0.0186,0.0233,-0.0221,0.0396,0.029,1.2712,3265.5,3422.6,3380.3,2989.6,13.81,27.05,0,HOLD_NEUTRAL
2019-04-02,2571.1,3265.5,26.85,13.22,98.99,129.49,65.84,547.65,2846.7,6.7467,70.57,51.49,9.38,348.0,12.05,4,4,0,0,1,4,2,0.9999,-0.0118,3332.2,2621.4,13.25,26.7,3230.6,2529.3,13.32,26.32,3315.1,2608.0,12.64,26.91,3285.8,2615.1,12.94,26.24,3335.7,2529.1,12.95,26.57,2815.4,2233.0,13.15,24.89,3325.61,67.06,13.18,3314.93,78.79,13.12,3147.81,198.36,12.84,2880.11,338.54,12.41,-0.0062,-0.021,0.0216,0.0414,0.0303,1.2701,3287.2,3466.7,3385.7,2950.8,13.63,27.49,1,CHARTER_NOW
2019-04-03,2534.5,3287.2,26.38,13.21,93.89,136.93,66.86,529.16,2808.9,6.7751,70.61,51.56,9.27,348.1,12.21,3,3,0,0,2,4,2,0.9996,-0.029,3265.5,2571.1,13.22,26.85,3332.2,2621.4,13.25,26.7,3230.6,2529.3,13.32,26.32,3440.0,2614.0,13.21,27.07,3344.1,2661.5,13.56,25.67,3033.9,2429.7,12.76,25.44,3303.79,44.79,13.18,3310.86,78.64,13.1,3156.25,198.74,12.86,2899.41,327.83,12.45,-0.0444,-0.017,0.0,0.0401,0.0286,1.297,3299.8,3452.1,3451.5,2837.6,13.62,27.03,1,CHARTER_NOW
2019-04-04,2623.2,3299.8,26.45,12.68,94.27,138.83,64.33,510.19,2795.9,6.8119,70.98,51.3,9.4,348.1,11.81,4,4,0,0,3,4,2,0.9989,-0.0462,3287.2,2534.5,13.21,26.38,3265.5,2571.1,13.22,26.85,3332.2,2621.4,13.25,26.7,3340.7,2603.0,13.55,26.98,3232.8,2633.2,12.84,26.32,2916.4,2325.3,12.16,25.74,3297.94,41.74,13.06,3315.65,75.5,13.09,3169.03,195.08,12.87,2914.52,324.99,12.47,-0.0122,0.0207,-0.0642,0.0402,0.0286,1.2579,3422.0,3416.3,3411.5,2986.2,13.38,27.51,0,HOLD_NEUTRAL
2019-04-05,2667.7,3422.0,28.66,13.2,99.5,136.0,66.3,536.46,2816.0,6.8024,70.67,51.93,9.08,348.1,12.24,4,4,0,0,4,4,2,0.998,-0.0634,3299.8,2623.2,12.68,26.45,3287.2,2534.5,13.21,26.38,3265.5,2571.1,13.22,26.85,3355.2,2577.1,13.1,26.74,3285.8,2602.6,12.32,26.34,2807.4,2238.5,12.2,24.19,3307.49,60.45,13.07,3325.38,80.0,13.15,3189.52,187.93,12.91,2933.42,320.89,12.5,0.0199,0.0415,0.0076,0.0406,0.0291,1.2828,3278.9,3579.7,3336.4,2875.0,13.64,26.1,1,CHARTER_NOW
2019-04-08,2529.0,3278.9,26.03,13.03,90.48,134.39,65.18,511.24,2789.7,6.7987,70.56,51.98,9.35,348.2,12.44,4,5,0,0,0,4,2,0.9934,-0.1148,3422.0,2667.7,13.2,28.66,3299.8,2623.2,12.68,26.45,3287.2,2534.5,13.21,26.38,3315.1,2608.0,12.64,26.91,3158.4,2447.0,12.95,26.66,2915.4,2382.5,12.37,25.88,3302.31,61.24,13.13,3333.99,65.89,13.16,3201.63,181.25,12.93,2948.31,315.72,12.52,-0.0109,0.0382,0.0309,0.0392,0.0276,1.2965,3294.9,3375.0,3297.3,2834.8,13.36,27.7,0,HOLD_NEUTRAL
2019-04-09,2700.8,3294.9,26.53,13.01,95.44,149.49,63.4,514.76,2778.2,6.7623,70.82,51.43,9.17,348.3,11.92,4,4,0,0,1,4,2,0.9913,-0.1319,3278.9,2529.0,13.03,26.03,3422.0,2667.7,13.2,28.66,3299.8,2623.2,12.68,26.45,3230.6,2529.3,13.32,26.32,3427.5,2667.4,13.3,26.83,2814.0,2204.1,12.34,26.32,3311.5,52.95,13.09,3324.51,60.74,13.14,3217.66,166.44,12.95,2961.86,312.79,12.53,0.0199,-0.0387,-0.0233,0.0396,0.029,1.22,3422.6,3415.5,3450.2,2867.0,13.28,27.55,0,HOLD_NEUTRAL
2019-04-10,2694.3,3422.6,27.05,13.81,97.51,144.91,65.25,532.88,2811.0,6.7621,70.95,51.39,9.26,348.3,12.3,5,3,0,0,2,4,2,0.9889,-0.1489,3294.9,2700.8,13.01,26.53,3278.9,2529.0,13.03,26.03,3422.0,2667.7,13.2,28.66,3332.2,2621.4,13.25,26.7,3395.3,2597.1,13.55,26.92,2896.8,2362.2,12.0,25.26,3324.41,67.78,13.17,3326.46,63.56,13.16,3235.19,159.01,13.01,2978.8,309.69,12.57,0.0271,0.008,0.0423,0.0386,0.0285,1.2703,3466.7,3380.3,3394.5,2781.9,13.23,26.24,0,HOLD_NEUTRAL
2019-04-11,2691.0,3466.7,27.49,13.63,98.56,149.48,67.4,553.03,2780.8,6.7825,70.77,52.38,9.42,348.3,12.07,5,3,0,0,3,4,2,0.9861,-0.1659,3422.6,2694.3,13.81,27.05,3294.9,2700.8,13.01,26.53,3278.9,2529.0,13.03,26.03,3265.5,2571.1,13.22,26.85,3285.8,2615.1,12.94,26.24,2848.7,2337.4,12.39,24.79,3353.16,80.17,13.22,3339.39,72.43,13.2,3255.79,146.77,13.05,2994.7,309.85,12.61,0.0616,0.0551,0.031,0.0406,0.0284,1.2883,3452.1,3385.7,3439.4,2773.4,12.98,25.71,0,HOLD_NEUTRAL
2019-04-12,2760.1,3452.1,27.03,13.62,95.71,151.93,64.6,518.05,2817.7,6.7684,70.87,52.08,9.07,348.4,12.35,5,4,0,0,4,4,2,0.9831,-0.1828,3466.7,2691.0,13.63,27.49,3422.6,2694.3,13.81,27.05,3294.9,2700.8,13.01,26.53,3287.2,2534.5,13.21,26.38,3440.0,2614.0,13.21,27.07,3004.9,2359.2,13.33,25.85,3376.71,81.77,13.28,3340.25,73.78,13.23,3270.7,143.08,13.06,3012.0,305.83,12.64,0.0502,0.0035,0.031,0.038,0.0277,1.2507,3416.3,3451.5,3182.6,2781.3,13.32,26.28,0,HOLD_NEUTRAL
2019-04-15,2758.5,3416.3,27.51,13.38,98.11,148.86,67.51,536.6,2833.1,6.7997,70.68,51.62,9.24,348.4,12.22,5,4,0,0,0,4,2,0.9724,-0.2333,3452.1,2760.1,13.62,27.03,3466.7,2691.0,13.63,27.49,3422.6,2694.3,13.81,27.05,3299.8,2623.2,12.68,26.45,3340.7,2603.0,13.55,26.98,2962.6,2335.1,12.78,24.22,3393.36,75.08,13.38,3345.65,76.53,13.22,3285.82,133.01,13.08,3029.03,299.25,12.67,0.0353,0.0226,0.0552,0.0401,0.0287,1.2385,3579.7,3411.5,3268.6,2756.9,13.36,27.15,0,HOLD_NEUTRAL
2019-04-16,2763.8,3579.7,26.1,13.64,90.25,151.91,60.0,477.48,2851.7,6.7981,70.71,50.7,9.52,348.5,12.26,4,4,0,0,1,4,2,0.9683,-0.25,3416.3,2758.5,13.38,27.51,3452.1,2760.1,13.62,27.03,3466.7,2691.0,13.63,27.49,3422.0,2667.7,13.2,28.66,3355.2,2577.1,13.1,26.74,2996.4,2386.5,11.62,25.74,3415.89,103.42,13.45,3361.69,98.93,13.26,3305.26,131.87,13.15,3048.51,296.36,12.71,0.0461,0.0669,0.0333,0.035,0.0252,1.2952,3375.0,3336.4,3310.1,2760.9,13.0,28.6,-1,WAIT
2019-04-17,2657.4,3375.0,27.7,13.36,96.33,146.57,66.22,520.4,2862.5,6.7912,70.76,51.79,9.12,348.5,12.19,4,4,0,0,2,4,2,0.9638,-0.2666,3579.7,2763.8,13.64,26.1,3416.3,2758.5,13.38,27.51,3452.1,2760.1,13.62,27.03,3278.9,2529.0,13.03,26.03,3315.1,2608.0,12.64,26.91,3079.7,2465.1,13.04,26.08,3429.61,87.33,13.49,3365.96,98.05,13.31,3315.11,125.31,13.16,3061.42,293.37,12.73,0.0293,0.0181,0.0253,0.039,0.0285,1.27,3415.5,3297.3,3113.2,2780.8,13.61,27.33,0,HOLD_NEUTRAL
2019-04-18,2616.5,3415.5,27.55,13.28,100.11,138.3,64.93,518.79,2810.0,6.6979,70.55,52.0,9.76,348.5,12.44,5,4,0,0,3,4,2,0.9591,-0.2831,3375.0,2657.4,13.36,27.7,3579.7,2763.8,13.64,26.1,3416.3,2758.5,13.38,27.51,3294.9,2700.8,13.01,26.53,3230.6,2529.3,13.32,26.32,2997.4,2390.7,12.94,26.73,3446.84,65.49,13.53,3379.17,90.58,13.31,3329.04,111.22,13.17,3075.93,288.87,12.76,0.0366,0.0572,0.0208,0.0391,0.0293,1.3054,3380.3,3450.2,3057.9,2747.9,12.81,25.93,0,HOLD_NEUTRAL
2019-04-19,2636.0,3380.3,26.24,13.23,95.73,155.24,64.26,521.35,2842.8,6.7777,70.6,50.11,9.65,348.6,12.24,5,4,0,0,4,4,2,0.9541,-0.2996,3415.5,2616.5,13.28,27.55,3375.0,2657.4,13.36,27.7,3579.7,2763.8,13.64,26.1,3422.6,2694.3,13.81,27.05,3332.2,2621.4,13.25,26.7,3142.6,2513.0,12.86,26.36,3440.8,69.91,13.45,3382.61,89.57,13.31,3336.97,105.81,13.18,3088.01,286.14,12.78,-0.0124,0.0144,-0.042,0.0394,0.0283,1.2824,3385.7,3394.5,3045.5,2937.5,12.88,26.24,0,HOLD_NEUTRAL
2019-04-22,2636.9,3385.7,25.71,12.98,99.72,143.0,64.98,532.85,2846.0,6.7713,71.11,51.77,9.32,348.7,12.02,5,4,0,0,0,4,2,0.9373,-0.3484,3380.3,2636.0,13.23,26.24,3415.5,2616.5,13.28,27.55,3375.0,2657.4,13.36,27.7,3466.7,2691.0,13.63,27.49,3265.5,2571.1,13.22,26.85,3017.1,2499.1,13.06,26.37,3429.23,71.59,13.36,3391.19,83.0,13.29,3349.25,87.14,13.18,3103.31,276.79,12.8,-0.0234,0.0368,-0.0477,0.0411,0.0295,1.284,3451.5,3439.4,2958.3,2604.9,13.71,27.25,0,HOLD_NEUTRAL
2019-04-23,2698.2,3451.5,26.28,13.32,101.18,140.5,61.26,486.94,2841.4,6.7798,71.28,51.42,9.26,348.7,12.18,5,4,0,0,1,4,2,0.9312,-0.3645,3385.7,2636.9,12.98,25.71,3380.3,2636.0,13.23,26.24,3415.5,2616.5,13.28,27.55,3452.1,2760.1,13.62,27.03,3287.2,2534.5,13.21,26.38,3256.2,2538.6,12.69,25.98,3429.14,71.56,13.31,3402.93,78.67,13.3,3355.76,87.25,13.2,3116.63,273.95,12.82,-0.0002,0.05,-0.022,0.0366,0.0293,1.2792,3411.5,3182.6,2989.6,2766.0,13.18,26.81,-1,WAIT
2019-04-24,2680.0,3411.5,27.15,13.36,98.87,146.29,64.46,536.27,2814.3,6.7523,71.18,51.53,9.46,348.7,12.08,5,4,0,0,2,4,2,0.9248,-0.3804,3451.5,2698.2,13.32,26.28,3385.7,2636.9,12.98,25.71,3380.3,2636.0,13.23,26.24,3416.3,2758.5,13.38,27.51,3299.8,2623.2,12.68,26.45,3335.7,2529.1,12.95,26.57,3428.46,71.72,13.31,3410.91,72.86,13.35,3358.29,87.74,13.22,3128.97,270.19,12.85,-0.0014,0.0339,-0.0015,0.0401,0.029,1.2729,3336.4,3268.6,2950.8,2976.5,13.06,25.86,-1,WAIT
2019-04-25,2643.3,3336.4,28.6,13.0,100.73,140.88,65.52,522.29,2796.3,6.7354,70.46,51.17,9.13,348.8,12.19,5,4,0,0,3,4,2,0.9181,-0.3963,3411.5,2680.0,13.36,27.15,3451.5,2698.2,13.32,26.28,3385.7,2636.9,12.98,25.71,3579.7,2763.8,13.64,26.1,3422.0,2667.7,13.2,28.66,3344.1,2661.5,13.56,25.67,3393.7,36.54,13.22,3404.79,75.4,13.33,3358.03,87.8,13.2,3142.46,259.6,12.86,-0.068,-0.025,-0.0469,0.0402,0.0302,1.2622,3297.3,3310.1,2837.6,2834.4,13.19,26.69,0,HOLD_NEUTRAL
2019-04-26,2602.1,3297.3,27.33,13.61,97.33,144.69,67.56,539.13,2851.0,6.7893,70.44,51.59,9.02,348.8,12.07,4,4,0,0,4,4,2,0.9112,-0.412,3336.4,2643.3,13.0,28.6,3411.5,2680.0,13.36,27.15,3451.5,2698.2,13.32,26.28,3375.0,2657.4,13.36,27.7,3278.9,2529.0,13.03,26.03,3232.8,2633.2,12.84,26.32,3382.6,51.79,13.25,3406.11,73.16,13.37,3360.18,85.38,13.22,3154.06,250.42,12.9,-0.023,0.0056,0.0187,0.0396,0.0295,1.2672,3450.2,3113.2,2986.2,2835.6,12.98,25.89,-1,WAIT
2019-04-29,2627.6,3450.2,25.93,12.81,100.4,150.5,63.98,506.09,2777.1,6.7654,70.52,52.45,9.34,348.9,12.01,5,4,0,0,0,4,2,0.8887,-0.4585,3297.3,2602.1,13.61,27.33,3336.4,2643.3,13.0,28.6,3411.5,2680.0,13.36,27.15,3415.5,2616.5,13.28,27.55,3294.9,2700.8,13.01,26.53,3285.8,2602.6,12.32,26.34,3387.56,56.87,13.19,3417.2,66.47,13.36,3365.66,85.72,13.24,3166.84,245.51,12.9,0.0102,0.0471,-0.0354,0.0395,0.0291,1.3131,3394.5,3057.9,2875.0,2773.0,12.13,25.15,-1,WAIT
2019-04-30,2605.6,3394.5,26.24,12.88,103.24,150.62,63.47,482.52,2828.6,6.7935,70.85,51.45,9.4,348.9,12.18,4,4,0,0,1,4,2,0.8807,-0.4737,3450.2,2627.6,12.81,25.93,3297.3,2602.1,13.61,27.33,3336.4,2643.3,13.0,28.6,3380.3,2636.0,13.23,26.24,3422.6,2694.3,13.81,27.05,3158.4,2447.0,12.95,26.66,3389.59,56.82,13.14,3415.19,66.72,13.29,3373.53,76.36,13.24,3175.38,244.34,12.92,0.0042,-0.0082,-0.0265,0.0375,0.0304,1.3028,3439.4,3045.5,2834.8,2745.9,12.66,26.24,-1,WAIT
2019-05-01,2653.9,3439.4,27.25,13.71,102.0,141.37,64.04,526.06,2749.8,6.7564,70.13,52.23,9.45,349.0,12.15,6,4,0,0,2,5,2,0.8724,-0.4888,3394.5,2605.6,12.88,26.24,3450.2,2627.6,12.81,25.93,3297.3,2602.1,13.61,27.33,3385.7,2636.9,12.98,25.71,3466.7,2691.0,13.63,27.49,3427.5,2667.4,13.3,26.83,3397.26,59.76,13.24,3413.24,65.49,13.3,3373.93,76.68,13.25,3189.92,233.23,12.95,0.0159,-0.0079,0.0562,0.0384,0.0297,1.296,3182.6,2958.3,2867.0,2550.5,13.19,26.25,-1,WAIT
2019-05-02,2502.7,3182.6,26.81,13.18,99.84,144.54,66.6,541.73,2793.5,6.8192,70.69,51.26,9.31,349.0,12.35,5,4,0,0,3,5,2,0.8639,-0.5037,3439.4,2653.9,13.71,27.25,3394.5,2605.6,12.88,26.24,3450.2,2627.6,12.81,25.93,3451.5,2698.2,13.32,26.28,3452.1,2760.1,13.62,27.03,3395.3,2597.1,13.55,26.92,3358.84,95.07,13.22,3393.99,88.69,13.27,3366.84,84.11,13.24,3196.16,227.78,12.96,-0.0779,-0.0781,-0.0105,0.0411,0.0314,1.2717,3268.6,2989.6,2781.9,2596.0,12.32,26.18,-1,WAIT
2019-05-03,2624.5,3268.6,25.86,13.06,102.66,156.34,65.56,522.4,2810.7,6.807,71.19,52.13,9.69,349.0,12.05,4,5,0,0,4,5,2,0.8551,-0.5185,3182.6,2502.7,13.18,26.81,3439.4,2653.9,13.71,27.25,3394.5,2605.6,12.88,26.24,3411.5,2680.0,13.36,27.15,3416.3,2758.5,13.38,27.51,3285.8,2615.1,12.94,26.24,3338.43,97.2,13.18,3383.44,94.43,13.24,3366.27,84.74,13.24,3203.69,222.44,12.98,-0.0419,-0.0432,-0.0225,0.04,0.0314,1.2454,3310.1,2950.8,2773.4,2480.7,12.49,26.08,-1,WAIT
2019-05-06,2540.3,3310.1,26.69,13.19,104.88,152.09,64.02,516.14,2883.3,6.7865,71.11,51.72,9.14,349.1,11.72,5,4,0,0,0,5,2,0.8272,-0.5619,3268.6,2624.5,13.06,25.86,3182.6,2502.7,13.18,26.81,3439.4,2653.9,13.71,27.25,3336.4,2643.3,13.0,28.6,3579.7,2763.8,13.64,26.1,3440.0,2614.0,13.21,27.07,3334.67,97.8,13.21,3364.19,77.26,13.21,3361.94,84.16,13.24,3211.62,217.47,12.99,-0.0079,-0.0753,0.0146,0.0391,0.0317,1.303,3113.2,2837.6,2781.3,2380.7,12.05,24.68,-1,WAIT
2019-05-07,2454.6,3113.2,25.89,12.98,96.26,164.02,65.9,534.34,2870.1,6.7714,70.74,51.92,9.22,349.2,12.04,5,4,0,0,1,5,2,0.8174,-0.5761,3310.1,2540.3,13.19,26.69,3268.6,2624.5,13.06,25.86,3182.6,2502.7,13.18,26.81,3297.3,2602.1,13.61,27.33,3375.0,2657.4,13.36,27.7,3340.7,2603.0,13.55,26.98,3308.37,129.23,13.12,3345.49,102.12,13.18,3354.35,95.61,13.22,3215.65,213.27,13.0,-0.0558,-0.0776,-0.0463,0.0412,0.0309,1.2683,3057.9,2986.2,2756.9,2356.4,12.69,26.39,-1,WAIT
2019-05-08,2484.7,3057.9,25.15,12.13,106.74,157.38,65.16,504.35,2827.8,6.8036,70.77,51.74,9.54,349.2,11.79,5,4,0,0,2,5,2,0.8074,-0.59,3113.2,2454.6,12.98,25.89,3310.1,2540.3,13.19,26.69,3268.6,2624.5,13.06,25.86,3450.2,2627.6,12.81,25.93,3415.5,2616.5,13.28,27.55,3355.2,2577.1,13.1,26.74,3252.33,141.91,13.02,3319.94,125.34,13.1,3344.44,109.86,13.19,3218.66,209.66,12.99,-0.1137,-0.1047,-0.0531,0.0416,0.0349,1.2307,3045.5,2875.0,2760.9,2500.3,12.31,25.71,-1,WAIT
2019-05-09,2414.1,3045.5,26.24,12.66,102.18,157.2,66.74,527.46,2873.9,6.79,71.02,52.09,9.21,349.2,12.19,4,4,0,0,3,5,2,0.7971,-0.6038,3057.9,2484.7,12.13,25.15,3113.2,2454.6,12.98,25.89,3310.1,2540.3,13.19,26.69,3394.5,2605.6,12.88,26.24,3380.3,2636.0,13.23,26.24,3315.1,2608.0,12.64,26.91,3202.47,144.91,12.99,3296.03,143.56,13.06,3335.46,122.63,13.19,3221.88,205.36,12.98,-0.1028,-0.099,-0.0171,0.0417,0.0336,1.2615,2958.3,2834.8,2780.8,2478.8,12.5,25.24,-1,WAIT
2019-05-10,2396.3,2958.3,26.25,13.19,104.84,138.28,63.73,522.91,2880.6,6.7856,71.12,50.34,9.21,349.3,11.77,5,4,0,0,4,5,2,0.7866,-0.6175,3045.5,2414.1,12.66,26.24,3057.9,2484.7,12.13,25.15,3113.2,2454.6,12.98,25.89,3439.4,2653.9,13.71,27.25,3385.7,2636.9,12.98,25.71,3230.6,2529.3,13.32,26.32,3133.74,126.77,12.91,3265.5,166.61,13.08,3326.38,139.57,13.19,3224.24,201.42,13.0,-0.1399,-0.1262,-0.0379,0.0396,0.0354,1.2345,2989.6,2867.0,2747.9,2248.2,12.62,25.17,0,HOLD_NEUTRAL
2019-05-13,2386.4,2989.6,26.18,12.32,107.96,154.5,64.41,502.93,2847.3,6.8104,70.78,50.97,9.48,349.4,11.9,4,4,0,0,0,5,2,0.7537,-0.6572,2958.3,2396.3,13.19,26.25,3045.5,2414.1,12.66,26.24,3057.9,2484.7,12.13,25.15,3182.6,2502.7,13.18,26.81,3451.5,2698.2,13.32,26.28,3332.2,2621.4,13.25,26.7,3106.17,135.08,12.79,3232.51,172.58,13.01,3314.96,152.49,13.16,3223.88,201.82,13.0,-0.0606,-0.1338,-0.0653,0.0408,0.0361,1.2528,2950.8,2781.9,2937.5,2183.2,12.48,24.59,-1,WAIT
2019-05-14,2381.3,2950.8,26.08,12.49,99.96,148.44,64.29,520.72,2805.6,6.8221,70.86,51.99,9.25,349.4,12.02,5,4,0,0,1,5,2,0.7423,-0.6701,2989.6,2386.4,12.32,26.18,2958.3,2396.3,13.19,26.25,3045.5,2414.1,12.66,26.24,3268.6,2624.5,13.06,25.86,3411.5,2680.0,13.36,27.15,3265.5,2571.1,13.22,26.85,3060.77,124.37,12.71,3199.6,179.6,12.94,3304.47,166.22,13.13,3226.14,197.89,12.99,-0.0972,-0.135,-0.0436,0.0417,0.0339,1.2392,2837.6,2773.4,2604.9,2152.1,11.89,25.05,-1,WAIT
2019-05-15,2284.6,2837.6,24.68,12.05,102.3,144.78,62.37,487.8,2848.0,6.742,70.78,50.64,9.43,349.4,12.4,4,4,0,0,2,5,2,0.7306,-0.6828,2950.8,2381.3,12.49,26.08,2989.6,2386.4,12.32,26.18,2958.3,2396.3,13.19,26.25,3310.1,2540.3,13.19,26.69,3336.4,2643.3,13.0,28.6,3287.2,2534.5,13.21,26.38,2993.27,89.96,12.55,3163.97,198.82,12.88,3289.48,186.82,13.09,3222.87,202.69,12.97,-0.1427,-0.1495,-0.0864,0.0405,0.0361,1.2421,2986.2,2781.3,2766.0,2159.4,12.23,26.75,0,HOLD_NEUTRAL
2019-05-16,2424.5,2986.2,26.39,12.69,103.86,150.24,65.53,531.21,2853.0,6.7483,70.6,51.48,9.32,349.5,11.88,4,4,0,0,3,5,2,0.7188,-0.6952,2837.6,2284.6,12.05,24.68,2950.8,2381.3,12.49,26.08,2989.6,2386.4,12.32,26.18,3113.2,2454.6,12.98,25.89,3297.3,2602.1,13.61,27.33,3299.8,2623.2,12.68,26.45,2975.13,72.94,12.5,3141.75,200.15,12.81,3279.03,194.83,13.09,3224.03,201.09,12.98,-0.0408,-0.0943,-0.0223,0.0419,0.0348,1.2317,2875.0,2756.9,2976.5,2258.8,12.27,25.34,-1,WAIT
2019-05-17,2242.7,2875.0,25.71,12.31,102.5,156.14,65.46,524.73,2814.4,6.7566,70.88,51.74,9.29,349.5,12.09,5,4,0,0,4,5,2,0.7067,-0.7075,2986.2,2424.5,12.69,26.39,2837.6,2284.6,12.05,24.68,2950.8,2381.3,12.49,26.08,3057.9,2484.7,12.13,25.15,3450.2,2627.6,12.81,25.93,3422.0,2667.7,13.2,28.66,2949.0,71.09,12.53,3100.66,190.78,12.77,3260.8,206.25,13.06,3225.16,198.9,12.99,-0.0598,-0.1667,0.0148,0.0426,0.0357,1.2819,2834.8,2760.9,2834.4,2140.9,12.4,24.57,0,HOLD_NEUTRAL
2019-05-20,2276.1,2834.8,25.24,12.5,111.22,152.87,65.0,502.61,2873.8,6.7356,70.88,51.32,9.05,349.6,12.19,4,4,0,0,0,5,2,0.6693,-0.743,2875.0,2242.7,12.31,25.71,2986.2,2424.5,12.69,26.39,2837.6,2284.6,12.05,24.68,3045.5,2414.1,12.66,26.24,3394.5,2605.6,12.88,26.24,3278.9,2529.0,13.03,26.03,2918.9,67.96,12.51,3060.69,182.96,12.75,3245.99,220.36,13.05,3223.81,201.28,12.99,-0.0692,-0.1649,-0.0126,0.0402,0.0392,1.2455,2867.0,2780.8,2835.6,2022.9,12.11,24.7,0,HOLD_NEUTRAL
2019-05-21,2329.7,2867.0,25.17,12.62,103.14,142.59,64.56,533.0,2871.9,6.779,70.65,51.4,9.5,349.6,12.37,4,4,0,0,1,5,2,0.6564,-0.7544,2834.8,2276.1,12.5,25.24,2875.0,2242.7,12.31,25.71,2986.2,2424.5,12.69,26.39,2958.3,2396.3,13.19,26.25,3439.4,2653.9,13.71,27.25,3294.9,2700.8,13.01,26.53,2905.86,67.89,12.43,3019.8,153.38,12.67,3231.73,230.69,13.03,3224.7,199.56,12.99,-0.0309,-0.1664,-0.0432,0.0422,0.036,1.2306,2781.9,2747.9,2773.0,2254.0,12.79,25.05,-1,WAIT
2019-05-22,2287.1,2781.9,24.59,12.48,104.32,154.8,62.43,495.7,2878.9,6.7991,71.13,51.93,9.22,349.7,12.23,4,4,0,0,2,5,2,0.6433,-0.7656,2867.0,2329.7,12.62,25.17,2834.8,2276.1,12.5,25.24,2875.0,2242.7,12.31,25.71,2989.6,2386.4,12.32,26.18,3182.6,2502.7,13.18,26.81,3422.6,2694.3,13.81,27.05,2876.19,70.53,12.45,2991.18,157.98,12.62,3210.37,241.8,12.99,3222.78,203.28,13.0,-0.0695,-0.1259,0.013,0.0397,0.0375,1.2163,2773.4,2937.5,2745.9,2352.0,13.06,27.19,1,CHARTER_NOW
2019-05-23,2329.6,2773.4,25.05,11.89,106.98,144.51,64.21,506.91,2874.2,6.7807,71.1,52.34,9.44,349.7,12.29,4,4,0,0,3,5,2,0.6301,-0.7765,2781.9,2287.1,12.48,24.59,2867.0,2329.7,12.62,25.17,2834.8,2276.1,12.5,25.24,2950.8,2381.3,12.49,26.08,3268.6,2624.5,13.06,25.86,3466.7,2691.0,13.63,27.49,2850.84,71.12,12.36,2955.81,146.08,12.54,3187.26,249.46,12.93,3221.53,205.84,12.99,-0.0601,-0.1515,-0.048,0.0426,0.0386,1.1905,2781.3,2604.9,2550.5,2147.6,11.78,24.42,-1,WAIT
2019-05-24,2240.5,2781.3,26.75,12.23,102.69,150.97,64.34,519.93,2891.1,6.7655,71.16,51.26,9.37,349.7,12.24,4,4,0,0,4,5,2,0.6166,-0.7873,2773.4,2329.6,11.89,25.05,2781.9,2287.1,12.48,24.59,2867.0,2329.7,12.62,25.17,2837.6,2284.6,12.05,24.68,3310.1,2540.3,13.19,26.69,3452.1,2760.1,13.62,27.03,2842.8,75.89,12.39,2918.04,111.76,12.47,3164.9,254.91,12.88,3217.8,211.77,12.97,-0.0198,-0.1598,0.0149,0.0425,0.0369,1.2414,2756.9,2766.0,2596.0,2246.3,12.13,25.66,0,HOLD_NEUTRAL
2019-05-27,2318.4,2756.9,25.34,12.27,105.93,147.13,63.5,525.6,2862.8,6.816,70.81,51.48,9.44,349.8,11.82,4,4,0,0,0,5,2,0.5752,-0.818,2781.3,2240.5,12.23,26.75,2773.4,2329.6,11.89,25.05,2781.9,2287.1,12.48,24.59,2986.2,2424.5,12.69,26.39,3113.2,2454.6,12.98,25.89,3416.3,2758.5,13.38,27.51,2810.04,48.07,12.33,2892.59,104.21,12.42,3142.92,260.85,12.85,3214.37,217.56,12.96,-0.0768,-0.1144,-0.0331,0.0428,0.0384,1.1891,2760.9,2976.5,2480.7,2225.1,12.26,25.19,1,CHARTER_NOW
2019-05-28,2214.1,2760.9,24.57,12.4,108.43,147.81,64.64,507.39,2877.2,6.7866,70.52,51.39,9.45,349.9,12.13,3,4,0,0,1,5,2,0.561,-0.8278,2756.9,2318.4,12.27,25.34,2781.3,2240.5,12.23,26.75,2773.4,2329.6,11.89,25.05,2875.0,2242.7,12.31,25.71,3057.9,2484.7,12.13,25.15,3579.7,2763.8,13.64,26.1,2793.74,41.23,12.34,2871.37,98.01,12.44,3115.63,256.37,12.81,3210.45,223.6,12.98,-0.0397,-0.0971,0.0073,0.0409,0.0393,1.247,2780.8,2834.4,2380.7,2171.2,13.36,25.52,0,HOLD_NEUTRAL
2019-05-29,2326.2,2780.8,24.7,12.11,106.57,155.25,65.65,527.14,2857.4,6.7929,71.14,50.46,9.52,349.9,12.22,4,4,0,0,2,5,2,0.5467,-0.8373,2760.9,2214.1,12.4,24.57,2756.9,2318.4,12.27,25.34,2781.3,2240.5,12.23,26.75,2834.8,2276.1,12.5,25.24,3045.5,2414.1,12.66,26.24,3375.0,2657.4,13.36,27.7,2786.03,37.11,12.29,2852.46,86.72,12.4,3095.82,258.58,12.76,3205.46,229.8,12.96,-0.019,-0.0869,-0.0312,0.0435,0.0383,1.1954,2747.9,2835.6,2356.4,2174.1,12.21,25.73,0,HOLD_NEUTRAL
2019-05-30,2279.5,2747.9,25.05,12.79,107.56,141.75,68.3,549.58,2852.0,6.8175,70.86,51.88,9.34,349.9,11.86,6,4,0,0,3,5,2,0.5322,-0.8466,2780.8,2326.2,12.11,24.7,2760.9,2214.1,12.4,24.57,2756.9,2318.4,12.27,25.34,2867.0,2329.7,12.62,25.17,2958.3,2396.3,13.19,26.25,3415.5,2616.5,13.28,27.55,2769.01,13.74,12.31,2837.44,85.18,12.37,3073.57,258.85,12.75,3201.31,235.81,12.96,-0.0415,-0.0711,0.0135,0.043,0.0391,1.2055,2937.5,2773.0,2500.3,2212.0,12.9,24.72,0,HOLD_NEUTRAL
2019-05-31,2314.3,2937.5,27.19,13.06,106.38,164.18,65.2,531.69,2920.5,6.7794,70.81,52.31,9.74,350.0,11.93,5,3,0,0,4,5,2,0.5176,-0.8556,2747.9,2279.5,12.79,25.05,2780.8,2326.2,12.11,24.7,2760.9,2214.1,12.4,24.57,2781.9,2287.1,12.48,24.59,2989.6,2386.4,12.32,26.18,3380.3,2636.0,13.23,26.24,2791.24,65.7,12.39,2833.71,78.93,12.42,3058.81,253.32,12.74,3197.89,238.15,12.96,0.0559,-0.0174,0.0465,0.0407,0.0362,1.2693,2604.9,2745.9,2478.8,2062.6,11.87,24.67,-1,WAIT
2019-06-03,2162.5,2604.9,24.42,11.78,103.88,135.98,65.33,526.38,2805.6,6.8455,70.74,52.36,9.13,350.1,11.88,6,4,0,1,0,6,2,0.4728,-0.8812,2937.5,2314.3,13.06,27.19,2747.9,2279.5,12.79,25.05,2780.8,2326.2,12.11,24.7,2773.4,2329.6,11.89,25.05,2950.8,2381.3,12.49,26.08,3385.7,2636.9,12.98,25.71,2767.17,96.82,12.38,2809.01,92.44,12.37,3032.78,258.63,12.7,3191.02,249.15,12.94,-0.0608,-0.1172,-0.0093,0.0447,0.0399,1.2046,2766.0,2550.5,2248.2,2036.3,11.75,25.68,0,HOLD_NEUTRAL
2019-06-04,2247.7,2766.0,25.66,12.13,109.98,145.19,64.72,515.66,2908.9,6.7705,70.99,51.32,9.45,350.1,12.19,6,3,0,1,1,6,2,0.4575,-0.8892,2604.9,2162.5,11.78,24.42,2937.5,2314.3,13.06,27.19,2747.9,2279.5,12.79,25.05,2781.3,2240.5,12.23,26.75,2837.6,2284.6,12.05,24.68,3451.5,2698.2,13.32,26.28,2764.99,96.62,12.36,2803.89,92.72,12.38,3009.93,250.52,12.66,3182.85,254.94,12.93,-0.0055,-0.0252,-0.0082,0.0425,0.0398,1.2306,2976.5,2596.0,2183.2,2028.1,11.67,24.92,-1,WAIT
2019-06-05,2416.2,2976.5,25.19,12.26,114.78,152.49,61.37,487.42,2857.7,6.8441,71.46,51.11,9.67,350.1,12.02,7,3,0,1,2,6,2,0.4422,-0.8969,2766.0,2247.7,12.13,25.66,2604.9,2162.5,11.78,24.42,2937.5,2314.3,13.06,27.19,2756.9,2318.4,12.27,25.34,2986.2,2424.5,12.69,26.39,3411.5,2680.0,13.36,27.15,2796.36,125.03,12.36,2803.2,91.28,12.34,2995.43,238.79,12.63,3176.86,255.51,12.92,0.0797,-0.0032,-0.0008,0.0398,0.0386,1.2319,2834.4,2480.7,2152.1,2210.0,11.45,24.46,-1,WAIT
2019-06-06,2282.8,2834.4,25.52,13.36,109.45,154.13,64.76,521.39,2854.3,6.7551,70.95,51.81,9.6,350.2,11.96,7,3,0,1,3,6,2,0.4267,-0.9044,2976.5,2416.2,12.26,25.19,2766.0,2247.7,12.13,25.66,2604.9,2162.5,11.78,24.42,2760.9,2214.1,12.4,24.57,2875.0,2242.7,12.31,25.71,3336.4,2643.3,13.0,28.6,2806.86,124.64,12.5,2800.3,89.45,12.42,2978.7,231.55,12.64,3168.37,258.31,12.92,0.0266,-0.0141,0.0774,0.039,0.0386,1.2416,2835.6,2380.7,2159.4,2190.3,11.79,24.64,-1,WAIT
2019-06-07,2279.4,2835.6,25.73,12.21,110.33,149.03,64.89,508.39,2890.8,6.8001,70.81,52.26,9.31,350.2,11.77,6,4,0,1,4,6,2,0.4111,-0.9116,2834.4,2282.8,13.36,25.52,2976.5,2416.2,12.26,25.19,2766.0,2247.7,12.13,25.66,2780.8,2326.2,12.11,24.7,2834.8,2276.1,12.5,25.24,3297.3,2602.1,13.61,27.33,2814.69,124.45,12.51,2800.36,89.47,12.4,2963.31,224.89,12.59,3161.75,261.7,12.91,0.0197,0.0003,0.0083,0.0416,0.0389,1.244,2773.0,2356.4,2258.8,2155.5,11.67,24.48,-1,WAIT
2019-06-10,2323.1,2773.0,24.72,12.9,112.48,149.38,69.19,515.45,2833.0,6.766,71.26,51.88,9.35,350.3,12.0,7,3,0,1,0,6,2,0.3635,-0.9316,2835.6,2279.4,12.21,25.73,2834.4,2282.8,13.36,25.52,2976.5,2416.2,12.26,25.19,2747.9,2279.5,12.79,25.05,2867.0,2329.7,12.62,25.17,3450.2,2627.6,12.81,25.93,2818.27,122.56,12.53,2793.64,87.59,12.42,2940.74,207.66,12.59,3153.2,265.92,12.92,0.0091,-0.0328,0.0086,0.04,0.0406,1.1937,2745.9,2500.3,2140.9,2173.5,11.7,25.69,-1,WAIT
2019-06-11,2232.5,2745.9,24.67,11.87,106.42,152.92,64.39,523.06,2857.7,6.8191,71.15,51.96,9.31,350.3,11.9,5,3,0,1,1,6,2,0.3474,-0.9377,2773.0,2323.1,12.9,24.72,2835.6,2279.4,12.21,25.73,2834.4,2282.8,13.36,25.52,2937.5,2314.3,13.06,27.19,2781.9,2287.1,12.48,24.59,3394.5,2605.6,12.88,26.24,2790.9,112.47,12.36,2791.07,88.49,12.38,2919.12,191.96,12.56,3146.32,271.07,12.9,-0.0652,-0.0129,-0.0911,0.0441,0.0388,1.23,2550.5,2478.8,2022.9,2156.6,12.18,24.03,-1,WAIT
2019-06-12,2153.6,2550.5,25.68,11.75,116.15,148.13,65.25,534.52,2857.7,6.7714,70.59,52.42,9.63,350.4,12.06,5,4,0,1,2,6,2,0.3312,-0.9436,2745.9,2232.5,11.87,24.67,2773.0,2323.1,12.9,24.72,2835.6,2279.4,12.21,25.73,2604.9,2162.5,11.78,24.42,2773.4,2329.6,11.89,25.05,3439.4,2653.9,13.71,27.25,2783.13,128.24,12.35,2775.15,109.48,12.37,2889.49,176.89,12.5,3131.71,279.17,12.87,-0.0209,-0.0804,-0.0025,0.0455,0.0455,1.1843,2596.0,2248.2,2254.0,2153.2,12.07,24.02,-1,WAIT
2019-06-13,2130.1,2596.0,24.92,11.67,111.57,160.34,64.61,491.01,2880.8,6.7946,71.29,51.39,9.37,350.4,11.78,6,4,0,1,3,6,2,0.3149,-0.9491,2550.5,2153.6,11.75,25.68,2745.9,2232.5,11.87,24.67,2773.0,2323.1,12.9,24.72,2766.0,2247.7,12.13,25.66,2781.3,2240.5,12.23,26.75,3182.6,2502.7,13.18,26.81,2758.84,146.78,12.29,2761.91,119.43,12.33,2869.93,175.79,12.44,3118.39,285.38,12.84,-0.0615,-0.0666,-0.0379,0.0421,0.043,1.2187,2480.7,2183.2,2352.0,2300.6,11.79,22.33,-1,WAIT
2019-06-14,2151.0,2480.7,24.46,11.45,116.36,156.21,62.54,493.16,2861.6,6.7666,71.66,51.67,9.57,350.4,12.04,6,3,0,1,4,6,2,0.2986,-0.9544,2596.0,2130.1,11.67,24.92,2550.5,2153.6,11.75,25.68,2745.9,2232.5,11.87,24.67,2976.5,2416.2,12.26,25.19,2756.9,2318.4,12.27,25.34,3268.6,2624.5,13.06,25.86,2688.01,143.84,12.17,2742.19,141.15,12.27,2843.67,173.01,12.39,3104.97,296.1,12.82,-0.1666,-0.1002,-0.0661,0.0431,0.0469,1.1533,2380.7,2152.1,2147.6,2205.1,11.59,22.63,-1,WAIT
2019-06-17,1969.7,2380.7,24.64,11.79,109.45,156.48,66.67,540.79,2949.2,6.8149,70.5,52.69,9.57,350.5,11.91,6,4,0,1,0,6,2,0.2489,-0.9685,2480.7,2151.0,11.45,24.46,2596.0,2130.1,11.67,24.92,2550.5,2153.6,11.75,25.68,2834.4,2282.8,13.36,25.52,2760.9,2214.1,12.4,24.57,3310.1,2540.3,13.19,26.69,2623.2,167.21,11.95,2715.03,170.75,12.22,2812.69,169.79,12.34,3087.31,307.16,12.79,-0.1601,-0.1377,-0.1175,0.0459,0.046,1.2087,2356.4,2159.4,2246.3,2285.2,11.55,22.6,-1,WAIT
2019-06-18,1957.4,2356.4,24.48,11.67,117.83,142.7,65.93,553.04,2957.2,6.7673,70.85,51.68,10.0,350.6,11.74,6,3,0,1,1,6,2,0.2322,-0.9727,2380.7,1969.7,11.79,24.64,2480.7,2151.0,11.45,24.46,2596.0,2130.1,11.67,24.92,2835.6,2279.4,12.21,25.73,2780.8,2326.2,12.11,24.7,3113.2,2454.6,12.98,25.89,2554.74,163.81,11.87,2684.71,194.23,12.19,2787.46,179.55,12.3,3070.91,319.44,12.76,-0.169,-0.1526,-0.0442,0.0474,0.05,1.2038,2500.3,2258.8,2225.1,2333.9,11.29,24.14,-1,WAIT
2019-06-19,2156.4,2500.3,25.69,11.7,114.72,149.37,65.97,528.85,2824.7,6.8377,70.45,51.09,9.59,350.6,11.72,6,3,0,1,2,6,2,0.2155,-0.9765,2356.4,1957.4,11.67,24.48,2380.7,1969.7,11.79,24.64,2480.7,2151.0,11.45,24.46,2773.0,2323.1,12.9,24.72,2747.9,2279.5,12.79,25.05,3057.9,2484.7,12.13,25.15,2515.79,132.74,11.7,2667.03,199.24,12.11,2768.88,179.45,12.29,3056.66,325.55,12.74,-0.0983,-0.0901,-0.093,0.0452,0.0459,1.1595,2478.8,2140.9,2171.2,2366.5,10.95,21.28,-1,WAIT
2019-06-20,2044.2,2478.8,24.03,12.18,114.22,147.72,62.87,498.81,2915.7,6.7576,71.15,51.41,9.37,350.6,11.75,6,4,0,1,3,6,2,0.1986,-0.9801,2500.3,2156.4,11.7,25.69,2356.4,1957.4,11.67,24.48,2380.7,1969.7,11.79,24.64,2745.9,2232.5,11.87,24.67,2937.5,2314.3,13.06,27.19,3045.5,2414.1,12.66,26.24,2477.63,85.57,11.74,2634.26,188.79,12.05,2749.99,179.15,12.27,3042.72,332.13,12.73,-0.0973,-0.1562,0.0261,0.041,0.0461,1.2126,2248.2,2022.9,2174.1,2421.7,11.36,22.53,-1,WAIT
2019-06-21,1998.9,2248.2,24.02,12.07,113.42,142.44,67.0,533.4,2927.8,6.7473,71.42,51.26,9.24,350.7,11.94,7,3,0,1,4,6,2,0.1818,-0.9833,2478.8,2044.2,12.18,24.03,2500.3,2156.4,11.7,25.69,2356.4,1957.4,11.67,24.48,2550.5,2153.6,11.75,25.68,2604.9,2162.5,11.78,24.42,2958.3,2396.3,13.19,26.25,2434.44,114.17,11.79,2608.79,215.27,12.07,2726.32,196.73,12.23,3026.35,346.61,12.71,-0.1185,-0.1369,0.0272,0.0442,0.0504,1.1247,2183.2,2254.0,2212.0,2474.6,11.22,21.67,0,HOLD_NEUTRAL
2019-06-24,1921.8,2183.2,22.33,11.79,112.53,152.69,61.91,517.51,2920.2,6.8169,71.22,51.97,9.48,350.7,12.0,7,3,0,1,0,6,2,0.1308,-0.9914,2248.2,1998.9,12.07,24.02,2478.8,2044.2,12.18,24.03,2500.3,2156.4,11.7,25.69,2596.0,2130.1,11.67,24.92,2766.0,2247.7,12.13,25.66,2989.6,2386.4,12.32,26.18,2375.47,123.08,11.81,2567.16,237.71,12.05,2699.44,213.86,12.22,3007.2,360.88,12.69,-0.159,-0.2107,0.0103,0.0439,0.0515,1.136,2152.1,2352.0,2062.6,2489.6,11.26,23.08,1,CHARTER_NOW
2019-06-25,1849.6,2152.1,22.63,11.59,117.39,145.96,65.45,517.34,2879.3,6.7708,71.55,51.28,9.51,350.8,12.02,5,3,0,1,1,6,2,0.1137,-0.9935,2183.2,1921.8,11.79,22.33,2248.2,1998.9,12.07,24.02,2478.8,2044.2,12.18,24.03,2480.7,2151.0,11.45,24.46,2976.5,2416.2,12.26,25.19,2950.8,2381.3,12.49,26.08,2328.53,138.01,11.83,2508.27,230.51,12.0,2672.81,230.55,12.19,2988.64,375.69,12.66,-0.1325,-0.277,0.0122,0.0446,0.0545,1.1635,2159.4,2147.6,2036.3,2425.1,11.78,22.8,0,HOLD_NEUTRAL
2019-06-26,1771.4,2159.4,22.6,11.55,114.22,154.92,68.3,534.85,2895.0,6.7886,71.42,51.91,9.1,350.8,12.03,5,4,0,1,2,6,2,0.0966,-0.9953,2152.1,1849.6,11.59,22.63,2183.2,1921.8,11.79,22.33,2248.2,1998.9,12.07,24.02,2380.7,1969.7,11.79,24.64,2834.4,2282.8,13.36,25.52,2837.6,2284.6,12.05,24.68,2296.91,148.98,11.79,2460.06,227.62,11.87,2650.21,246.53,12.17,2969.84,388.5,12.63,-0.093,-0.2381,-0.0204,0.0463,0.0529,1.219,2258.8,2246.3,2028.1,2428.9,12.1,24.17,1,CHARTER_NOW
2019-06-27,1924.7,2258.8,24.14,11.29,107.69,141.97,62.53,499.43,2878.5,6.7793,71.64,51.35,9.4,350.8,11.81,6,4,0,1,3,6,2,0.0795,-0.9968,2159.4,1771.4,11.55,22.6,2152.1,1849.6,11.59,22.63,2183.2,1921.8,11.79,22.33,2356.4,1957.4,11.67,24.48,2835.6,2279.4,12.21,25.73,2986.2,2424.5,12.69,26.39,2282.97,147.04,11.74,2418.86,205.55,11.81,2625.96,248.11,12.12,2952.5,396.67,12.61,-0.0414,-0.2034,-0.0326,0.0442,0.0477,1.1736,2140.9,2225.1,2210.0,2431.5,11.56,23.5,0,HOLD_NEUTRAL
2019-06-28,1855.3,2140.9,21.28,10.95,110.63,162.89,63.25,498.69,2891.1,6.7498,71.52,50.58,9.6,350.9,12.17,6,4,0,1,4,6,2,0.0623,-0.9981,2258.8,1924.7,11.29,24.14,2159.4,1771.4,11.55,22.6,2152.1,1849.6,11.59,22.63,2500.3,2156.4,11.7,25.69,2773.0,2323.1,12.9,24.72,2875.0,2242.7,12.31,25.71,2231.63,118.48,11.63,2373.71,190.66,11.67,2601.49,258.68,12.08,2931.14,405.35,12.57,-0.1437,-0.2279,-0.0641,0.0455,0.0517,1.1539,2022.9,2171.2,2190.3,2338.6,11.8,22.66,0,HOLD_NEUTRAL
2019-07-01,1833.0,2022.9,22.53,11.36,114.27,143.27,64.41,519.45,2866.9,6.7876,71.14,51.92,9.44,351.0,11.86,6,4,0,1,0,7,3,0.0108,-0.9999,2140.9,1855.3,10.95,21.28,2258.8,1924.7,11.29,24.14,2159.4,1771.4,11.55,22.6,2478.8,2044.2,12.18,24.03,2745.9,2232.5,11.87,24.67,2834.8,2276.1,12.5,25.24,2166.5,78.54,11.51,2322.06,179.69,11.63,2574.43,275.36,12.04,2910.21,419.28,12.54,-0.1839,-0.2633,-0.0673,0.0457,0.0565,1.1036,2254.0,2174.1,2155.5,2471.2,11.44,24.09,1,CHARTER_NOW
2019-07-02,2002.0,2254.0,21.67,11.22,95.98,151.63,63.28,529.79,2906.4,6.828,71.27,51.82,9.74,351.0,12.04,7,3,0,1,1,7,3,-0.0065,-1.0,2022.9,1833.0,11.36,22.53,2140.9,1855.3,10.95,21.28,2258.8,1924.7,11.29,24.14,2248.2,1998.9,12.07,24.02,2550.5,2153.6,11.75,25.68,2867.0,2329.7,12.62,25.17,2167.33,79.57,11.39,2300.89,167.77,11.59,2553.99,275.65,11.99,2892.86,424.6,12.51,0.0026,-0.1163,-0.0704,0.0472,0.0426,1.1259,2352.0,2212.0,2173.5,2459.9,10.94,23.21,0,HOLD_NEUTRAL
2019-07-03,1951.0,2352.0,23.08,11.26,94.77,155.92,61.35,501.04,2859.0,6.8204,71.04,52.02,9.24,351.0,11.91,6,3,0,1,2,7,3,-0.0237,-0.9997,2254.0,2002.0,11.22,21.67,2022.9,1833.0,11.36,22.53,2140.9,1855.3,10.95,21.28,2183.2,1921.8,11.79,22.33,2596.0,2130.1,11.67,24.92,2781.9,2287.1,12.48,24.59,2191.44,106.27,11.32,2283.46,146.02,11.56,2539.66,274.56,11.95,2875.02,424.45,12.47,0.0773,-0.094,-0.045,0.0445,0.0403,1.2055,2147.6,2062.6,2156.6,2377.5,11.67,23.24,-1,WAIT
2019-07-04,1894.5,2147.6,22.8,11.78,98.81,145.69,64.21,513.63,2905.7,6.7975,71.21,51.36,9.69,351.1,12.02,6,3,0,1,3,7,3,-0.0408,-0.9992,2352.0,1951.0,11.26,23.08,2254.0,2002.0,11.22,21.67,2022.9,1833.0,11.36,22.53,2152.1,1849.6,11.59,22.63,2480.7,2151.0,11.45,24.46,2773.4,2329.6,11.89,25.05,2190.8,106.56,11.34,2259.66,138.35,11.59,2518.8,279.91,11.95,2853.03,427.44,12.44,-0.0021,-0.1343,0.0164,0.0436,0.046,1.1336,2246.3,2036.3,2153.2,2497.2,11.49,22.13,-1,WAIT
2019-07-05,1955.9,2246.3,24.17,12.1,88.62,156.35,62.13,498.98,2870.2,6.8241,71.29,51.29,9.74,351.1,11.9,5,5,0,1,4,7,3,-0.058,-0.9983,2147.6,1894.5,11.78,22.8,2352.0,1951.0,11.26,23.08,2254.0,2002.0,11.22,21.67,2159.4,1771.4,11.55,22.6,2380.7,1969.7,11.79,24.64,2781.3,2240.5,12.23,26.75,2203.21,107.36,11.42,2250.06,133.89,11.61,2500.97,279.65,11.94,2832.94,427.14,12.41,0.0402,-0.0565,0.0476,0.0412,0.0395,1.1485,2225.1,2028.1,2300.6,2348.0,11.08,21.84,-1,WAIT
2019-07-08,1957.7,2225.1,23.5,11.56,95.21,140.72,64.85,502.19,2924.6,6.7596,71.27,51.93,9.75,351.2,12.01,7,4,0,1,0,7,3,-0.1094,-0.994,2246.3,1955.9,12.1,24.17,2147.6,1894.5,11.78,22.8,2352.0,1951.0,11.26,23.08,2258.8,1924.7,11.29,24.14,2356.4,1957.4,11.67,24.48,2756.9,2318.4,12.27,25.34,2198.4,105.18,11.46,2240.69,130.42,11.6,2483.24,279.73,11.92,2813.08,427.25,12.38,-0.0149,-0.0557,0.0239,0.0434,0.0428,1.1366,2171.2,2210.0,2205.1,2335.9,11.37,22.74,0,HOLD_NEUTRAL
2019-07-09,1894.5,2171.2,22.66,11.8,88.89,160.81,62.29,514.15,2894.7,6.7819,71.64,52.54,9.25,351.2,11.93,4,4,0,1,1,7,3,-0.1265,-0.992,2225.1,1957.7,11.56,23.5,2246.3,1955.9,12.1,24.17,2147.6,1894.5,11.78,22.8,2140.9,1855.3,10.95,21.28,2500.3,2156.4,11.7,25.69,2760.9,2214.1,12.4,24.57,2202.73,103.02,11.58,2217.18,107.71,11.61,2463.59,280.26,11.9,2789.61,423.09,12.35,0.0142,-0.1316,0.0776,0.0436,0.0409,1.1461,2174.1,2190.3,2285.2,2408.1,11.95,23.58,0,HOLD_NEUTRAL
2019-07-10,1774.3,2174.1,24.09,11.44,97.1,150.0,66.68,532.49,2929.8,6.8037,71.22,51.7,9.63,351.3,12.09,7,3,0,1,2,7,3,-0.1436,-0.9896,2171.2,1894.5,11.8,22.66,2225.1,1957.7,11.56,23.5,2246.3,1955.9,12.1,24.17,2022.9,1833.0,11.36,22.53,2478.8,2044.2,12.18,24.03,2780.8,2326.2,12.11,24.7,2224.33,69.4,11.59,2195.41,77.26,11.55,2443.36,278.47,11.88,2769.59,423.33,12.32,0.0747,-0.1229,0.007,0.0465,0.0447,1.2253,2212.0,2155.5,2333.9,2329.3,10.93,22.98,0,HOLD_NEUTRAL
2019-07-11,1887.9,2212.0,23.21,10.94,94.33,145.4,62.43,502.34,2958.6,6.7881,71.08,51.92,9.43,351.3,11.76,7,4,0,1,3,7,3,-0.1606,-0.987,2174.1,1774.3,11.44,24.09,2171.2,1894.5,11.8,22.66,2225.1,1957.7,11.56,23.5,2254.0,2002.0,11.22,21.67,2248.2,1998.9,12.07,24.02,2747.9,2279.5,12.79,25.05,2218.33,68.21,11.55,2192.83,75.96,11.47,2425.5,275.43,11.82,2749.53,420.71,12.28,-0.0186,-0.0161,-0.025,0.0459,0.0426,1.1717,2062.6,2173.5,2366.5,2338.0,11.05,24.02,0,HOLD_NEUTRAL
2019-07-12,1742.3,2062.6,23.24,11.67,95.94,147.61,63.2,548.1,2977.6,6.7849,71.1,51.51,9.29,351.3,11.56,6,4,0,1,4,7,3,-0.1775,-0.9841,2212.0,1887.9,10.94,23.21,2174.1,1774.3,11.44,24.09,2171.2,1894.5,11.8,22.66,2352.0,1951.0,11.26,23.08,2183.2,1921.8,11.79,22.33,2937.5,2314.3,13.06,27.19,2176.99,61.01,11.61,2184.21,83.59,11.46,2396.34,265.49,11.77,2727.57,421.62,12.26,-0.123,-0.0552,0.0364,0.047,0.0465,1.1838,2036.3,2156.6,2421.7,2313.1,11.11,23.52,1,CHARTER_NOW
2019-07-15,1773.1,2036.3,22.13,11.49,91.71,155.89,65.19,526.9,2836.9,6.7569,71.51,50.82,9.49,351.4,11.72,7,3,0,1,0,7,3,-0.2281,-0.9736,2062.6,1742.3,11.67,23.24,2212.0,1887.9,10.94,23.21,2174.1,1774.3,11.44,24.09,2147.6,1894.5,11.78,22.8,2152.1,1849.6,11.59,22.63,2604.9,2162.5,11.78,24.42,2161.09,81.13,11.57,2175.94,92.29,11.46,2377.38,270.34,11.76,2705.08,421.91,12.23,-0.0518,-0.0538,-0.0246,0.0459,0.045,1.1484,2028.1,2153.2,2474.6,2329.4,11.41,21.36,1,CHARTER_NOW
2019-07-16,1827.0,2028.1,21.84,11.08,98.53,145.41,61.46,488.89,2897.3,6.7307,71.0,52.2,9.4,351.5,12.12,6,3,0,1,1,7,3,-0.2448,-0.9696,2036.3,1773.1,11.49,22.13,2062.6,1742.3,11.67,23.24,2212.0,1887.9,10.94,23.21,2246.3,1955.9,12.1,24.17,2159.4,1771.4,11.55,22.6,2766.0,2247.7,12.13,25.66,2129.91,84.77,11.43,2166.56,100.41,11.42,2352.79,267.31,11.72,2681.36,419.24,12.19,-0.0971,-0.0608,-0.0843,0.0441,0.0486,1.1101,2210.0,2300.6,2489.6,2389.2,11.25,23.81,1,CHARTER_NOW
2019-07-17,1909.7,2210.0,22.74,11.37,97.73,144.14,64.02,510.25,2917.1,6.8179,71.3,52.15,9.76,351.5,11.87,6,3,0,1,2,7,3,-0.2614,-0.9652,2028.1,1827.0,11.08,21.84,2036.3,1773.1,11.49,22.13,2062.6,1742.3,11.67,23.24,2225.1,1957.7,11.56,23.5,2258.8,1924.7,11.29,24.14,2976.5,2416.2,12.26,25.19,2127.76,82.09,11.4,2163.08,97.78,11.43,2327.24,240.97,11.7,2661.33,412.41,12.16,-0.0068,-0.0216,-0.0164,0.0449,0.0442,1.1572,2190.3,2205.1,2425.1,2362.0,11.18,22.28,0,HOLD_NEUTRAL
2019-07-18,1939.2,2190.3,23.58,11.95,96.23,148.06,65.91,541.97,2944.9,6.8009,71.69,52.04,9.68,351.5,11.92,6,2,0,1,3,7,3,-0.278,-0.9606,2210.0,1909.7,11.37,22.74,2028.1,1827.0,11.08,21.84,2036.3,1773.1,11.49,22.13,2171.2,1894.5,11.8,22.66,2140.9,1855.3,10.95,21.28,2834.4,2282.8,13.36,25.52,2130.49,84.07,11.42,2166.61,97.81,11.5,2305.77,222.19,11.65,2642.23,407.12,12.14,0.0088,0.0231,0.0127,0.0454,0.0439,1.1295,2155.5,2285.2,2428.9,2398.6,11.32,22.88,1,CHARTER_NOW
2019-07-19,1876.6,2155.5,22.98,10.93,93.91,140.86,60.6,493.47,2872.2,6.8209,71.44,51.54,9.35,351.6,11.69,8,4,0,1,4,7,3,-0.2945,-0.9557,2190.3,1939.2,11.95,23.58,2210.0,1909.7,11.37,22.74,2028.1,1827.0,11.08,21.84,2174.1,1774.3,11.44,24.09,2022.9,1833.0,11.36,22.53,2835.6,2279.4,12.21,25.73,2127.83,82.75,11.35,2176.08,88.83,11.47,2283.1,199.84,11.61,2623.2,402.64,12.1,-0.0086,0.0655,-0.0446,0.0451,0.0436,1.1486,2173.5,2333.9,2431.5,2535.9,11.65,23.32,1,CHARTER_NOW
2019-07-22,1806.2,2173.5,24.02,11.05,96.06,163.3,63.77,496.38,2899.1,6.7813,71.37,51.95,9.44,351.7,11.9,7,4,0,1,0,7,3,-0.3434,-0.9392,2155.5,1876.6,10.93,22.98,2190.3,1939.2,11.95,23.58,2210.0,1909.7,11.37,22.74,2212.0,1887.9,10.94,23.21,2254.0,2002.0,11.22,21.67,2773.0,2323.1,12.9,24.72,2122.33,77.32,11.36,2170.33,85.95,11.46,2263.11,177.93,11.54,2601.93,391.79,12.07,-0.0174,-0.0357,0.0101,0.0449,0.0442,1.2034,2156.6,2366.5,2338.6,2520.1,11.17,23.36,1,CHARTER_NOW
2019-07-23,1734.2,2156.6,23.52,11.11,91.9,145.36,63.85,525.18,2939.1,6.7733,71.39,52.11,9.51,351.7,11.68,6,3,0,1,1,7,3,-0.3595,-0.9332,2173.5,1806.2,11.05,24.02,2155.5,1876.6,10.93,22.98,2190.3,1939.2,11.95,23.58,2062.6,1742.3,11.67,23.24,2352.0,1951.0,11.26,23.08,2745.9,2232.5,11.87,24.67,2135.76,73.28,11.28,2156.37,68.22,11.45,2243.47,153.67,11.52,2581.29,381.81,12.04,0.0456,-0.0831,-0.048,0.0473,0.0426,1.2436,2153.2,2421.7,2471.2,2479.4,11.86,23.17,1,CHARTER_NOW
2019-07-24,1865.5,2153.2,21.36,11.41,96.86,155.8,64.72,512.1,2938.7,6.7951,71.15,52.49,9.58,351.7,11.71,5,3,0,1,2,7,3,-0.3755,-0.9268,2156.6,1734.2,11.11,23.52,2173.5,1806.2,11.05,24.02,2155.5,1876.6,10.93,22.98,2036.3,1773.1,11.49,22.13,2147.6,1894.5,11.78,22.8,2550.5,2153.6,11.75,25.68,2152.46,58.71,11.27,2156.77,68.18,11.42,2230.23,143.05,11.51,2559.86,368.7,12.0,0.0574,0.0026,-0.007,0.0449,0.045,1.1542,2300.6,2474.6,2459.9,2281.5,12.25,24.18,1,CHARTER_NOW
2019-07-25,1941.7,2300.6,23.81,11.25,99.36,151.09,61.03,517.46,2950.1,6.8207,71.2,52.14,9.8,351.8,11.8,6,4,0,1,3,7,3,-0.3914,-0.9202,2153.2,1865.5,11.41,21.36,2156.6,1734.2,11.11,23.52,2173.5,1806.2,11.05,24.02,2028.1,1827.0,11.08,21.84,2246.3,1955.9,12.1,24.17,2596.0,2130.1,11.67,24.92,2191.39,52.52,11.3,2160.65,74.88,11.36,2220.38,126.18,11.49,2545.16,360.95,11.97,0.1344,0.0242,0.0153,0.046,0.0432,1.1848,2205.1,2489.6,2377.5,2389.8,11.85,23.12,1,CHARTER_NOW
2019-07-26,1842.4,2205.1,22.28,11.18,97.47,142.09,60.81,506.48,2953.6,6.7884,71.37,51.62,9.73,351.8,11.97,6,4,0,1,4,7,3,-0.4071,-0.9134,2300.6,1941.7,11.25,23.81,2153.2,1865.5,11.41,21.36,2156.6,1734.2,11.11,23.52,2210.0,1909.7,11.37,22.74,2225.1,1957.7,11.56,23.5,2480.7,2151.0,11.45,24.46,2190.69,52.26,11.27,2159.22,73.74,11.33,2211.19,116.21,11.48,2527.43,350.79,11.94,-0.0022,-0.009,-0.0167,0.0453,0.0442,1.1969,2285.2,2425.1,2497.2,2340.2,12.26,24.1,1,CHARTER_NOW
2019-07-29,1857.5,2285.2,22.88,11.32,91.59,149.37,64.06,510.27,2953.3,6.82,71.51,50.85,9.61,351.9,11.98,7,3,0,1,0,7,3,-0.4537,-0.8912,2205.1,1842.4,11.18,22.28,2300.6,1941.7,11.25,23.81,2153.2,1865.5,11.41,21.36,2190.3,1939.2,11.95,23.58,2171.2,1894.5,11.8,22.66,2380.7,1969.7,11.79,24.64,2204.24,63.29,11.18,2167.36,81.09,11.3,2208.01,112.66,11.47,2510.35,336.7,11.91,0.0433,0.0525,-0.0527,0.0451,0.0401,1.2303,2333.9,2428.9,2348.0,2539.1,12.24,25.41,1,CHARTER_NOW
2019-07-30,1937.0,2333.9,23.32,11.65,95.05,155.25,63.59,527.81,2949.4,6.766,71.68,51.64,9.55,351.9,11.98,6,4,0,1,1,7,3,-0.469,-0.8832,2285.2,1857.5,11.32,22.88,2205.1,1842.4,11.18,22.28,2300.6,1941.7,11.25,23.81,2155.5,1876.6,10.93,22.98,2174.1,1774.3,11.44,24.09,2356.4,1957.4,11.67,24.48,2229.73,75.19,11.28,2178.78,92.55,11.31,2207.26,111.71,11.47,2497.36,327.97,11.88,0.0828,0.0735,0.0659,0.0453,0.0407,1.2049,2366.5,2431.5,2335.9,2438.8,12.13,23.25,1,CHARTER_NOW
2019-07-31,1984.9,2366.5,23.36,11.17,89.71,147.9,63.44,512.23,2945.7,6.7916,71.47,51.69,9.25,352.0,11.54,5,5,0,1,2,7,3,-0.4841,-0.875,2333.9,1937.0,11.65,23.32,2285.2,1857.5,11.32,22.88,2205.1,1842.4,11.18,22.28,2173.5,1806.2,11.05,24.02,2212.0,1887.9,10.94,23.21,2500.3,2156.4,11.7,25.69,2257.3,85.78,11.3,2189.81,105.17,11.33,2202.8,101.84,11.45,2485.84,319.99,11.87,0.0888,0.0698,0.0109,0.0459,0.0379,1.1923,2421.7,2338.6,2408.1,2409.5,11.64,23.45,0,HOLD_NEUTRAL
2019-08-01,2063.2,2421.7,23.17,11.86,95.64,158.2,63.55,522.37,2968.2,6.7945,71.8,51.92,9.87,352.0,11.86,6,3,0,1,3,8,3,-0.4991,-0.8666,2366.5,1984.9,11.17,23.36,2333.9,1937.0,11.65,23.32,2285.2,1857.5,11.32,22.88,2156.6,1734.2,11.11,23.52,2062.6,1742.3,11.67,23.24,2478.8,2044.2,12.18,24.03,2295.17,92.19,11.41,2215.46,115.08,11.34,2200.9,96.92,11.44,2475.44,311.52,11.86,0.1229,0.1741,0.0675,0.044,0.0395,1.1738,2474.6,2471.2,2329.3,2454.0,11.66,22.12,0,HOLD_NEUTRAL
2019-08-02,2073.2,2474.6,24.18,12.25,95.21,156.86,61.63,504.92,2867.7,6.8337,71.87,52.26,9.52,352.0,11.82,6,4,0,1,4,8,3,-0.5139,-0.8578,2421.7,2063.2,11.86,23.17,2366.5,1984.9,11.17,23.36,2333.9,1937.0,11.65,23.32,2153.2,1865.5,11.41,21.36,2036.3,1773.1,11.49,22.13,2248.2,1998.9,12.07,24.02,2341.09,89.7,11.53,2246.77,122.0,11.4,2208.44,108.81,11.45,2467.38,305.0,11.84,0.1493,0.2152,0.0736,0.0412,0.0385,1.1936,2489.6,2459.9,2338.0,2425.7,12.13,23.94,0,HOLD_NEUTRAL
2019-08-05,2153.8,2489.6,23.12,11.85,87.67,156.02,63.21,499.65,3003.6,6.8038,71.68,51.45,9.93,352.1,11.54,6,5,0,1,0,8,3,-0.5575,-0.8302,2474.6,2073.2,12.25,24.18,2421.7,2063.2,11.86,23.17,2366.5,1984.9,11.17,23.36,2300.6,1941.7,11.25,23.81,2028.1,1827.0,11.08,21.84,2183.2,1921.8,11.79,22.33,2368.09,102.95,11.61,2279.74,120.71,11.45,2218.66,120.15,11.45,2459.05,297.23,11.83,0.0822,0.2276,0.0533,0.0422,0.0352,1.1559,2425.1,2377.5,2313.1,2609.5,11.6,24.28,-1,WAIT
2019-08-06,1980.3,2425.1,24.1,12.26,89.9,145.62,63.25,502.35,2873.5,6.8501,71.8,52.65,9.66,352.2,11.85,6,4,0,1,1,8,3,-0.5717,-0.8205,2489.6,2153.8,11.85,23.12,2474.6,2073.2,12.25,24.18,2421.7,2063.2,11.86,23.17,2205.1,1842.4,11.18,22.28,2210.0,1909.7,11.37,22.74,2152.1,1849.6,11.59,22.63,2399.51,74.57,11.77,2295.1,124.77,11.52,2227.76,125.17,11.47,2450.29,290.15,11.83,0.0998,0.0973,0.0966,0.041,0.0371,1.2246,2428.9,2497.2,2329.4,2427.1,11.15,24.53,0,HOLD_NEUTRAL
2019-08-07,2078.5,2428.9,25.41,12.24,92.67,140.9,61.36,509.63,2914.1,6.7575,71.25,50.51,10.02,352.2,11.79,6,3,0,1,2,8,3,-0.5857,-0.8105,2425.1,1980.3,12.26,24.1,2489.6,2153.8,11.85,23.12,2474.6,2073.2,12.25,24.18,2285.2,1857.5,11.32,22.88,2190.3,1939.2,11.95,23.58,2159.4,1771.4,11.55,22.6,2420.04,55.09,11.9,2312.14,125.65,11.54,2236.74,129.68,11.49,2443.47,285.66,11.83,0.0629,0.1089,0.0813,0.0416,0.0382,1.1686,2431.5,2348.0,2389.2,2401.7,11.87,23.83,0,HOLD_NEUTRAL
2019-08-08,2038.5,2431.5,23.25,12.13,92.58,144.33,65.94,524.35,2945.0,6.8021,71.22,51.7,9.74,352.2,11.94,7,4,0,1,3,8,3,-0.5996,-0.8003,2428.9,2078.5,12.24,25.41,2425.1,1980.3,12.26,24.1,2489.6,2153.8,11.85,23.12,2333.9,1937.0,11.65,23.32,2155.5,1876.6,10.93,22.98,2258.8,1924.7,11.29,24.14,2433.99,39.91,11.97,2331.86,120.74,11.62,2242.5,134.44,11.52,2434.23,276.63,11.82,0.0418,0.128,0.0412,0.0432,0.0381,1.1928,2338.6,2335.9,2362.0,2377.6,11.23,24.23,0,HOLD_NEUTRAL
2019-08-09,2011.5,2338.6,23.45,11.64,89.63,150.34,63.36,505.99,2977.7,6.8038,71.64,51.01,9.34,352.3,11.85,6,4,0,1,4,8,3,-0.6132,-0.7899,2431.5,2038.5,12.13,23.25,2428.9,2078.5,12.24,25.41,2425.1,1980.3,12.26,24.1,2366.5,1984.9,11.17,23.36,2173.5,1806.2,11.05,24.02,2140.9,1855.3,10.95,21.28,2430.0,48.29,12.03,2343.65,111.81,11.67,2249.09,134.14,11.54,2425.29,270.75,11.81,-0.0118,0.076,0.0421,0.0435,0.0383,1.1626,2471.2,2408.1,2398.6,2498.3,11.42,25.57,0,HOLD_NEUTRAL
2019-08-12,2039.7,2471.2,22.12,11.66,94.63,152.88,60.29,478.5,2852.7,6.8177,71.2,50.39,9.51,352.4,11.72,6,3,0,1,0,8,3,-0.6532,-0.7572,2338.6,2011.5,11.64,23.45,2431.5,2038.5,12.13,23.25,2428.9,2078.5,12.24,25.41,2421.7,2063.2,11.86,23.17,2156.6,1734.2,11.11,23.52,2022.9,1833.0,11.36,22.53,2437.07,50.45,12.0,2366.12,102.56,11.7,2264.03,133.04,11.55,2419.23,265.45,11.8,0.0204,0.1459,-0.0169,0.041,0.0383,1.2116,2459.9,2329.3,2535.9,2453.0,11.63,24.78,-1,WAIT
2019-08-13,2107.9,2459.9,23.94,12.13,94.15,132.43,63.54,517.17,2957.7,6.7749,71.47,51.31,9.6,352.4,12.01,6,4,0,1,1,8,3,-0.6661,-0.7459,2471.2,2039.7,11.66,22.12,2338.6,2011.5,11.64,23.45,2431.5,2038.5,12.13,23.25,2474.6,2073.2,12.25,24.18,2153.2,1865.5,11.41,21.36,2254.0,2002.0,11.22,21.67,2434.97,48.91,11.99,2388.03,84.8,11.76,2270.89,137.73,11.58,2412.44,258.93,11.79,-0.0059,0.1424,-0.0098,0.0426,0.0383,1.167,2377.5,2338.0,2520.1,2423.3,11.53,23.21,-1,WAIT
2019-08-14,2016.4,2377.5,24.28,11.6,92.68,148.58,60.53,516.37,2987.6,6.85,71.74,50.61,9.46,352.4,11.38,6,3,0,1,2,8,3,-0.6788,-0.7343,2459.9,2107.9,12.13,23.94,2471.2,2039.7,11.66,22.12,2338.6,2011.5,11.64,23.45,2489.6,2153.8,11.85,23.12,2300.6,1941.7,11.25,23.81,2352.0,1951.0,11.26,23.08,2418.96,46.32,11.95,2393.52,81.11,11.78,2271.74,138.32,11.6,2405.7,254.38,11.77,-0.045,0.0334,-0.0211,0.0445,0.039,1.1791,2497.2,2313.1,2479.4,2559.3,11.21,22.85,0,HOLD_NEUTRAL
2019-08-15,2044.3,2497.2,24.53,11.15,90.85,149.75,63.63,499.86,2995.8,6.8001,71.91,51.3,9.56,352.5,11.8,5,4,0,1,3,8,3,-0.6914,-0.7225,2377.5,2016.4,11.6,24.28,2459.9,2107.9,12.13,23.94,2471.2,2039.7,11.66,22.12,2425.1,1980.3,12.26,24.1,2205.1,1842.4,11.18,22.28,2147.6,1894.5,11.78,22.8,2429.26,55.1,11.79,2414.39,64.85,11.78,2283.4,142.18,11.57,2401.1,250.07,11.76,0.0297,0.1325,-0.0905,0.0448,0.0364,1.2215,2348.0,2329.4,2281.5,2558.5,11.59,23.22,-1,WAIT
2019-08-16,1982.1,2348.0,23.83,11.87,96.58,146.4,64.22,517.0,2937.8,6.7673,71.5,51.4,9.36,352.5,11.46,6,3,0,1,4,8,3,-0.7037,-0.7105,2497.2,2044.3,11.15,24.53,2377.5,2016.4,11.6,24.28,2459.9,2107.9,12.13,23.94,2428.9,2078.5,12.24,25.41,2285.2,1857.5,11.32,22.88,2246.3,1955.9,12.1,24.17,2417.7,63.09,11.74,2418.87,56.92,11.82,2286.79,142.48,11.57,2393.88,245.11,11.76,-0.0333,0.0275,-0.0302,0.0436,0.0411,1.1846,2335.9,2389.2,2389.8,2490.9,12.0,23.13,0,HOLD_NEUTRAL
2019-08-19,1963.0,2335.9,24.23,11.23,98.41,158.08,60.58,508.92,2955.1,6.8001,71.42,51.98,9.64,352.6,11.62,7,3,0,1,0,8,3,-0.7394,-0.6733,2348.0,1982.1,11.87,23.83,2497.2,2044.3,11.15,24.53,2377.5,2016.4,11.6,24.28,2431.5,2038.5,12.13,23.25,2333.9,1937.0,11.65,23.32,2225.1,1957.7,11.56,23.5,2404.04,69.62,11.61,2419.01,56.69,11.79,2290.48,142.26,11.56,2386.86,240.53,11.74,-0.0393,0.0009,-0.0742,0.0453,0.0421,1.19,2408.1,2362.0,2340.2,2647.6,11.23,23.96,0,HOLD_NEUTRAL
2019-08-20,2045.6,2408.1,25.57,11.42,91.52,151.47,63.72,512.33,2945.2,6.7914,71.67,50.52,9.69,352.6,11.91,6,4,0,1,1,8,3,-0.7509,-0.6605,2335.9,1963.0,11.23,24.23,2348.0,1982.1,11.87,23.83,2497.2,2044.3,11.15,24.53,2338.6,2011.5,11.64,23.45,2366.5,1984.9,11.17,23.36,2171.2,1894.5,11.8,22.66,2413.97,63.41,11.58,2421.99,54.78,11.81,2298.38,141.98,11.54,2380.98,235.49,11.72,0.0297,0.0176,-0.0189,0.0449,0.038,1.1772,2329.3,2398.6,2539.1,2726.2,12.22,23.19,0,HOLD_NEUTRAL
2019-08-21,1911.7,2329.3,24.78,11.63,91.07,158.05,62.65,511.46,2954.2,6.8845,71.33,51.83,9.45,352.7,11.54,6,4,0,1,2,8,3,-0.7621,-0.6474,2408.1,2045.6,11.42,25.57,2335.9,1963.0,11.23,24.23,2348.0,1982.1,11.87,23.83,2471.2,2039.7,11.66,22.12,2421.7,2063.2,11.86,23.17,2174.1,1774.3,11.44,24.09,2393.7,64.73,11.58,2415.39,60.12,11.79,2303.55,140.11,11.55,2373.46,229.64,11.71,-0.0574,-0.0382,-0.0026,0.044,0.0391,1.2184,2338.0,2535.9,2438.8,2610.3,11.34,24.17,1,CHARTER_NOW
2019-08-22,1974.8,2338.0,23.21,11.53,94.56,146.51,63.31,497.76,2933.0,6.8328,71.56,51.37,10.04,352.7,11.51,6,4,0,1,3,8,3,-0.7731,-0.6342,2329.3,1911.7,11.63,24.78,2408.1,2045.6,11.42,25.57,2335.9,1963.0,11.23,24.23,2459.9,2107.9,12.13,23.94,2474.6,2073.2,12.25,24.18,2212.0,1887.9,10.94,23.21,2376.29,60.19,11.49,2405.63,60.86,11.74,2307.75,139.16,11.57,2366.62,224.35,11.69,-0.0496,-0.0552,-0.0495,0.0432,0.0404,1.1839,2313.1,2520.1,2409.5,2640.2,12.62,24.73,1,CHARTER_NOW
2019-08-23,1980.1,2313.1,22.85,11.21,91.81,155.07,65.17,528.28,2939.1,6.803,71.61,51.86,9.66,352.7,12.27,6,3,0,1,4,8,3,-0.7839,-0.6208,2338.0,1974.8,11.53,23.21,2329.3,1911.7,11.63,24.78,2408.1,2045.6,11.42,25.57,2377.5,2016.4,11.6,24.28,2489.6,2153.8,11.85,23.12,2062.6,1742.3,11.67,23.24,2367.09,64.73,11.43,2393.02,60.4,11.69,2316.1,131.23,11.55,2356.22,211.53,11.66,-0.0271,-0.0709,-0.0336,0.0471,0.0397,1.1682,2329.4,2479.4,2454.0,2748.6,11.65,23.97,1,CHARTER_NOW
2019-08-26,1972.5,2329.4,23.22,11.59,92.39,160.21,61.23,494.14,2988.9,6.7988,71.62,51.04,9.49,352.8,11.51,7,4,0,1,0,8,3,-0.8149,-0.5796,2313.1,1980.1,11.21,22.85,2338.0,1974.8,11.53,23.21,2329.3,1911.7,11.63,24.78,2497.2,2044.3,11.15,24.53,2425.1,1980.3,12.26,24.1,2036.3,1773.1,11.49,22.13,2343.11,30.56,11.5,2386.19,61.89,11.64,2325.87,120.12,11.56,2351.63,209.02,11.66,-0.0672,-0.0395,0.0395,0.0426,0.0397,1.1809,2389.2,2281.5,2425.7,2788.9,11.56,22.79,0,HOLD_NEUTRAL
2019-08-27,2076.4,2389.2,23.13,12.0,95.16,157.69,60.24,501.46,2979.4,6.8309,71.66,50.53,9.33,352.9,12.11,5,4,0,1,1,8,3,-0.8248,-0.5655,2329.4,1972.5,11.59,23.22,2313.1,1980.1,11.21,22.85,2338.0,1974.8,11.53,23.21,2348.0,1982.1,11.87,23.83,2428.9,2078.5,12.24,25.41,2028.1,1827.0,11.08,21.84,2349.0,35.27,11.52,2383.35,60.68,11.63,2337.91,106.59,11.59,2345.35,201.9,11.66,0.0175,-0.0163,0.011,0.0418,0.0398,1.1506,2362.0,2389.8,2609.5,2738.5,10.99,24.49,0,HOLD_NEUTRAL
2019-08-28,2030.4,2362.0,23.96,11.23,86.65,139.56,59.92,501.68,2993.2,6.8325,71.43,50.58,9.67,352.9,11.74,5,5,0,1,2,8,3,-0.8344,-0.5512,2389.2,2076.4,12.0,23.13,2329.4,1972.5,11.59,23.22,2313.1,1980.1,11.21,22.85,2335.9,1963.0,11.23,24.23,2431.5,2038.5,12.13,23.25,2210.0,1909.7,11.37,22.74,2352.73,35.03,11.52,2378.39,59.26,11.56,2342.97,103.87,11.58,2335.1,184.14,11.64,0.0112,-0.0286,0.0,0.0447,0.0367,1.1633,2398.6,2340.2,2427.1,2715.7,11.61,22.45,0,HOLD_NEUTRAL
2019-08-29,2014.7,2398.6,23.19,12.22,96.94,145.75,59.97,518.86,2984.6,6.7154,71.47,50.52,9.61,352.9,11.67,7,4,0,1,3,8,3,-0.8437,-0.5368,2362.0,2030.4,11.23,23.96,2389.2,2076.4,12.0,23.13,2329.4,1972.5,11.59,23.22,2408.1,2045.6,11.42,25.57,2338.6,2011.5,11.64,23.45,2190.3,1939.2,11.95,23.58,2351.37,32.63,11.63,2382.67,58.33,11.6,2349.92,100.21,11.59,2327.84,172.33,11.62,-0.0039,0.0257,0.0701,0.0425,0.0404,1.1905,2535.9,2539.1,2401.7,2793.0,11.91,23.91,1,CHARTER_NOW
2019-08-30,2113.8,2535.9,24.17,11.34,92.91,144.96,61.22,503.24,3002.9,6.8223,71.47,51.47,9.82,353.0,11.88,5,4,0,1,4,8,3,-0.8528,-0.5222,2398.6,2014.7,12.22,23.19,2362.0,2030.4,11.23,23.96,2389.2,2076.4,12.0,23.13,2329.3,1911.7,11.63,24.78,2471.2,2039.7,11.66,22.12,2155.5,1876.6,10.93,22.98,2380.89,75.12,11.59,2387.29,67.69,11.58,2362.6,98.82,11.61,2322.85,161.36,11.61,0.0887,0.0262,-0.0249,0.0444,0.0366,1.1997,2520.1,2438.8,2377.6,2717.5,11.95,24.3,0,HOLD_NEUTRAL
2019-09-02,2107.7,2520.1,24.73,12.62,91.24,151.12,61.89,504.77,3012.5,6.8045,71.27,52.01,9.64,353.0,12.03,6,3,0,1,0,9,3,-0.8786,-0.4775,2535.9,2113.8,11.34,24.17,2398.6,2014.7,12.22,23.19,2362.0,2030.4,11.23,23.96,2338.0,1974.8,11.53,23.21,2459.9,2107.9,12.13,23.94,2173.5,1806.2,11.05,24.02,2406.9,88.18,11.74,2391.59,74.25,11.62,2374.15,96.18,11.66,2318.63,152.46,11.6,0.0779,0.0245,0.0945,0.04,0.0362,1.1957,2479.4,2409.5,2498.3,2736.4,11.42,23.68,-1,WAIT
2019-09-03,2087.0,2479.4,23.97,11.65,92.24,152.49,61.69,501.85,2921.9,6.7645,71.77,50.87,9.43,353.1,11.53,6,4,0,1,1,9,3,-0.8867,-0.4623,2520.1,2107.7,12.62,24.73,2535.9,2113.8,11.34,24.17,2398.6,2014.7,12.22,23.19,2313.1,1980.1,11.21,22.85,2377.5,2016.4,11.6,24.28,2156.6,1734.2,11.11,23.52,2430.66,80.79,11.81,2398.87,77.68,11.62,2384.91,88.77,11.68,2314.19,143.41,11.6,0.0719,0.0429,0.0393,0.0431,0.0372,1.188,2281.5,2454.0,2453.0,2897.3,11.39,24.0,0,HOLD_NEUTRAL
2019-09-04,1848.9,2281.5,22.79,11.56,92.36,140.95,62.6,501.47,2954.1,6.8305,71.91,51.5,10.01,353.1,11.65,5,4,0,1,2,9,3,-0.8945,-0.447,2479.4,2087.0,11.65,23.97,2520.1,2107.7,12.62,24.73,2535.9,2113.8,11.34,24.17,2329.4,1972.5,11.59,23.22,2497.2,2044.3,11.15,24.53,2153.2,1865.5,11.41,21.36,2423.81,92.04,11.8,2383.46,78.07,11.65,2389.19,79.87,11.68,2309.71,140.06,11.59,-0.0206,-0.0864,-0.0026,0.0434,0.0405,1.234,2389.8,2425.7,2423.3,2746.0,12.07,24.18,1,CHARTER_NOW
2019-09-05,1994.4,2389.8,24.49,10.99,86.9,147.64,61.06,499.25,2977.1,6.8717,71.9,50.3,9.76,353.1,11.92,6,4,0,1,3,9,3,-0.9021,-0.4315,2281.5,1848.9,11.56,22.79,2479.4,2087.0,11.65,23.97,2520.1,2107.7,12.62,24.73,2389.2,2076.4,12.0,23.13,2348.0,1982.1,11.87,23.83,2300.6,1941.7,11.25,23.81,2423.9,92.01,11.66,2386.45,77.4,11.59,2392.16,78.1,11.67,2306.27,135.37,11.58,0.0003,0.0178,-0.0842,0.0454,0.0364,1.1983,2340.2,2609.5,2559.3,2735.4,11.96,24.35,1,CHARTER_NOW
2019-09-06,1903.5,2340.2,22.45,11.61,97.19,131.87,63.57,508.72,2985.5,6.8212,71.64,51.22,9.63,353.2,11.81,6,3,0,1,4,9,3,-0.9094,-0.4159,2389.8,1994.4,10.99,24.49,2281.5,1848.9,11.56,22.79,2479.4,2087.0,11.65,23.97,2362.0,2030.4,11.23,23.96,2335.9,1963.0,11.23,24.23,2205.1,1842.4,11.18,22.28,2420.79,94.78,11.71,2386.76,77.2,11.61,2396.66,70.46,11.69,2303.93,133.51,11.59,-0.0092,0.0018,0.0338,0.0438,0.0415,1.2294,2539.1,2427.1,2558.5,2777.8,12.03,23.21,0,HOLD_NEUTRAL
2019-09-09,2168.9,2539.1,23.91,11.91,92.42,157.72,60.39,492.7,2966.3,6.8382,71.52,51.47,9.72,353.3,11.96,7,3,0,1,0,9,3,-0.9296,-0.3685,2340.2,1903.5,11.61,22.45,2389.8,1994.4,10.99,24.49,2281.5,1848.9,11.56,22.79,2398.6,2014.7,12.22,23.19,2408.1,2045.6,11.42,25.57,2285.2,1857.5,11.32,22.88,2440.86,103.75,11.67,2396.11,87.27,11.65,2405.13,71.85,11.71,2306.57,136.58,11.59,0.0586,0.0544,-0.0254,0.0414,0.0364,1.1707,2438.8,2401.7,2490.9,2930.0,11.44,23.41,-1,WAIT
2019-09-10,2037.8,2438.8,24.3,11.95,93.67,142.95,65.68,542.46,3022.8,6.8595,71.92,50.29,9.78,353.3,11.84,6,4,0,1,1,9,3,-0.9358,-0.3524,2539.1,2168.9,11.91,23.91,2340.2,1903.5,11.61,22.45,2389.8,1994.4,10.99,24.49,2535.9,2113.8,11.34,24.17,2329.3,1911.7,11.63,24.78,2333.9,1937.0,11.65,23.32,2426.99,95.05,11.76,2403.94,85.71,11.67,2408.62,70.81,11.72,2307.94,137.5,11.59,-0.0383,0.047,0.0538,0.0454,0.0384,1.1968,2409.5,2377.6,2647.6,2913.1,11.55,23.41,0,HOLD_NEUTRAL
2019-09-11,2012.4,2409.5,23.68,11.42,95.25,147.09,61.83,488.38,3061.4,6.7807,71.9,50.95,9.4,353.3,12.1,7,4,0,1,2,9,3,-0.9418,-0.3363,2438.8,2037.8,11.95,24.3,2539.1,2168.9,11.91,23.91,2340.2,1903.5,11.61,22.45,2520.1,2107.7,12.62,24.73,2338.0,1974.8,11.53,23.21,2366.5,1984.9,11.17,23.36,2411.19,85.73,11.58,2409.04,83.58,11.66,2410.06,70.36,11.72,2306.43,135.84,11.59,-0.0439,0.0306,-0.0951,0.0428,0.0395,1.1973,2454.0,2498.3,2726.2,2878.7,12.03,24.45,0,HOLD_NEUTRAL
2019-09-12,2095.4,2454.0,24.0,11.39,88.9,144.23,59.08,495.42,2999.7,6.7501,71.8,51.44,9.72,353.4,11.77,6,4,0,1,3,9,3,-0.9474,-0.32,2409.5,2012.4,11.42,23.68,2438.8,2037.8,11.95,24.3,2539.1,2168.9,11.91,23.91,2479.4,2087.0,11.65,23.97,2313.1,1980.1,11.21,22.85,2421.7,2063.2,11.86,23.17,2407.56,82.85,11.55,2419.11,79.53,11.68,2411.13,70.79,11.71,2306.02,135.34,11.57,-0.0102,0.0609,-0.0223,0.0435,0.0362,1.1711,2425.7,2453.0,2610.3,2888.5,10.98,23.15,0,HOLD_NEUTRAL
2019-09-13,2053.5,2425.7,24.18,12.07,93.65,155.03,58.61,494.37,2997.3,6.8258,72.19,49.41,9.6,353.4,11.77,6,4,0,1,4,9,3,-0.9528,-0.3037,2454.0,2095.4,11.39,24.0,2409.5,2012.4,11.42,23.68,2438.8,2037.8,11.95,24.3,2281.5,1848.9,11.56,22.79,2329.4,1972.5,11.59,23.22,2474.6,2073.2,12.25,24.18,2428.16,61.44,11.62,2425.99,75.22,11.71,2409.5,69.83,11.7,2308.97,135.99,11.57,0.0632,0.0413,0.0441,0.041,0.0386,1.1813,2609.5,2423.3,2640.2,3047.1,11.06,24.0,0,HOLD_NEUTRAL
2019-09-16,2093.7,2609.5,24.35,11.96,91.16,125.03,61.33,495.6,3027.6,6.7993,71.77,51.74,9.8,353.5,11.78,7,4,0,1,0,9,3,-0.9672,-0.2541,2425.7,2053.5,12.07,24.18,2454.0,2095.4,11.39,24.0,2409.5,2012.4,11.42,23.68,2389.8,1994.4,10.99,24.49,2389.2,2076.4,12.0,23.13,2489.6,2153.8,11.85,23.12,2459.54,88.67,11.76,2441.72,88.76,11.71,2413.5,77.58,11.71,2316.08,140.38,11.58,0.0919,0.0922,0.0883,0.0414,0.0349,1.2464,2427.1,2559.3,2748.6,2950.7,12.24,24.19,0,HOLD_NEUTRAL
2019-09-17,2029.8,2427.1,23.21,12.03,94.68,146.06,59.97,462.35,2933.7,6.7657,71.72,51.18,9.55,353.5,11.69,6,4,0,1,1,9,3,-0.9714,-0.2375,2609.5,2093.7,11.96,24.35,2425.7,2053.5,12.07,24.18,2454.0,2095.4,11.39,24.0,2340.2,1903.5,11.61,22.45,2362.0,2030.4,11.23,23.96,2425.1,1980.3,12.26,24.1,2471.96,74.05,11.82,2446.37,85.92,11.77,2413.57,77.59,11.7,2320.66,139.42,11.58,0.0371,0.0276,0.0362,0.0384,0.039,1.1957,2401.7,2558.5,2788.9,3104.0,11.51,23.96,1,CHARTER_NOW
2019-09-18,2000.3,2401.7,23.41,11.44,85.13,145.27,61.58,491.43,3001.1,6.8048,71.69,51.36,9.58,353.6,11.88,6,4,0,1,2,9,3,-0.9753,-0.2207,2427.1,2029.8,12.03,23.21,2609.5,2093.7,11.96,24.35,2425.7,2053.5,12.07,24.18,2539.1,2168.9,11.91,23.91,2398.6,2014.7,12.22,23.19,2428.9,2078.5,12.24,25.41,2452.33,71.45,11.75,2446.59,85.79,11.71,2412.66,77.56,11.67,2324.7,138.17,11.58,-0.0541,0.0013,-0.0395,0.043,0.0354,1.2007,2377.6,2490.9,2738.5,3129.6,11.08,24.3,0,HOLD_NEUTRAL
2019-09-19,1914.5,2377.6,23.41,11.55,91.58,142.53,61.06,510.77,3035.5,6.8292,71.4,50.72,10.03,353.6,11.76,6,4,0,1,3,9,3,-0.979,-0.2039,2401.7,2000.3,11.44,23.41,2427.1,2029.8,12.03,23.21,2609.5,2093.7,11.96,24.35,2438.8,2037.8,11.95,24.3,2535.9,2113.8,11.34,24.17,2431.5,2038.5,12.13,23.25,2443.59,76.92,11.69,2435.29,83.51,11.72,2410.86,77.73,11.65,2326.68,138.06,11.59,-0.0251,-0.0624,-0.0335,0.0442,0.0385,1.2419,2498.3,2647.6,2715.7,3107.8,12.49,23.7,1,CHARTER_NOW
2019-09-20,2044.4,2498.3,24.45,12.03,89.93,158.75,59.99,487.68,2979.9,6.8031,71.97,49.98,9.95,353.6,11.87,6,5,0,1,4,9,3,-0.9824,-0.187,2377.6,1914.5,11.55,23.41,2401.7,2000.3,11.44,23.41,2427.1,2029.8,12.03,23.21,2409.5,2012.4,11.42,23.68,2520.1,2107.7,12.62,24.73,2338.6,2011.5,11.64,23.45,2456.27,77.68,11.78,2433.73,82.0,11.68,2416.19,78.08,11.67,2332.64,137.62,11.61,0.0369,-0.0087,0.0534,0.0405,0.036,1.222,2453.0,2726.2,2793.0,3085.1,11.56,25.01,1,CHARTER_NOW
2019-09-23,2040.8,2453.0,23.15,10.98,93.12,139.02,58.52,465.92,2962.9,6.7847,71.79,51.2,9.05,353.7,11.89,6,4,0,1,0,9,3,-0.9907,-0.1361,2498.3,2044.4,12.03,24.45,2377.6,1914.5,11.55,23.41,2401.7,2000.3,11.44,23.41,2454.0,2095.4,11.39,24.0,2479.4,2087.0,11.65,23.97,2471.2,2039.7,11.66,22.12,2456.13,77.68,11.72,2431.84,81.17,11.64,2415.58,77.71,11.64,2339.8,132.31,11.6,-0.0004,-0.0106,-0.036,0.0424,0.038,1.202,2423.3,2610.3,2717.5,3141.5,11.91,24.33,1,CHARTER_NOW
2019-09-24,2025.2,2423.3,24.0,11.06,93.2,151.33,57.23,463.12,3000.5,6.8018,71.95,50.84,9.94,353.8,11.78,7,4,0,1,1,9,3,-0.9929,-0.1191,2453.0,2040.8,10.98,23.15,2498.3,2044.4,12.03,24.45,2377.6,1914.5,11.55,23.41,2425.7,2053.5,12.07,24.18,2281.5,1848.9,11.56,22.79,2459.9,2107.9,12.13,23.94,2455.79,77.85,11.58,2441.97,68.88,11.6,2414.36,77.28,11.61,2342.63,132.26,11.6,-0.001,0.0622,-0.0837,0.0419,0.0385,1.1966,2559.3,2640.2,2736.4,3164.0,12.0,24.05,1,CHARTER_NOW
2019-09-25,2043.8,2559.3,24.19,12.24,89.4,148.08,59.07,491.77,3006.0,6.8081,72.29,50.88,9.7,353.8,11.79,6,4,0,1,2,9,3,-0.9948,-0.102,2423.3,2025.2,11.06,24.0,2453.0,2040.8,10.98,23.15,2498.3,2044.4,12.03,24.45,2609.5,2093.7,11.96,24.35,2389.8,1994.4,10.99,24.49,2377.5,2016.4,11.6,24.28,2448.61,62.03,11.62,2454.08,73.73,11.69,2420.42,81.31,11.63,2346.08,135.18,11.61,-0.0192,0.0709,0.0234,0.0402,0.0349,1.2522,2558.5,2748.6,2897.3,3292.5,11.09,25.0,1,CHARTER_NOW
2019-09-26,2175.0,2558.5,23.96,11.51,89.34,154.73,61.33,503.62,2977.5,6.751,71.74,51.44,9.57,353.8,11.49,6,4,0,1,3,9,3,-0.9964,-0.0848,2559.3,2043.8,12.24,24.19,2423.3,2025.2,11.06,24.0,2453.0,2040.8,10.98,23.15,2427.1,2029.8,12.03,23.21,2340.2,1903.5,11.61,22.45,2497.2,2044.3,11.15,24.53,2467.39,73.29,11.54,2469.67,70.82,11.68,2422.46,84.03,11.64,2352.93,135.36,11.61,0.0541,0.0933,-0.0432,0.0438,0.0349,1.1763,2490.9,2788.9,2746.0,3065.0,12.14,25.31,1,CHARTER_NOW
2019-09-27,2069.0,2490.9,24.3,11.08,91.23,140.13,60.09,485.77,3083.8,6.8049,71.26,51.24,9.52,353.9,11.58,6,4,0,1,4,9,3,-0.9977,-0.0677,2558.5,2175.0,11.51,23.96,2559.3,2043.8,12.24,24.19,2423.3,2025.2,11.06,24.0,2401.7,2000.3,11.44,23.41,2539.1,2168.9,11.91,23.91,2348.0,1982.1,11.87,23.83,2480.13,67.5,11.49,2466.23,68.32,11.62,2427.23,83.71,11.62,2357.01,135.78,11.59,0.0371,-0.019,-0.0315,0.0438,0.0366,1.2039,2647.6,2738.5,2735.4,3242.0,12.24,25.43,1,CHARTER_NOW
2019-09-30,2176.4,2647.6,23.7,12.49,88.6,139.5,57.38,465.8,2997.2,6.7695,71.99,51.86,9.53,354.0,11.85,6,4,0,1,0,9,3,-0.9999,-0.0161,2490.9,2069.0,11.08,24.3,2558.5,2175.0,11.51,23.96,2559.3,2043.8,12.24,24.19,2377.6,1914.5,11.55,23.41,2438.8,2037.8,11.95,24.3,2335.9,1963.0,11.23,24.23,2518.7,75.78,11.63,2481.14,83.07,11.66,2437.62,91.01,11.66,2364.05,139.72,11.61,0.1136,0.0856,0.0814,0.0373,0.0335,1.2165,2726.2,2715.7,2777.8,3243.3,12.25,25.36,0,HOLD_NEUTRAL
2019-10-01,2244.8,2726.2,25.01,11.56,94.12,153.07,59.85,482.3,2974.7,6.8298,71.92,50.86,9.59,354.0,11.96,4,4,0,0,1,10,4,-1.0,0.0011,2647.6,2176.4,12.49,23.7,2490.9,2069.0,11.08,24.3,2558.5,2175.0,11.51,23.96,2498.3,2044.4,12.03,24.45,2409.5,2012.4,11.42,23.68,2408.1,2045.6,11.42,25.57,2551.26,107.76,11.56,2503.76,102.83,11.67,2448.22,104.92,11.66,2373.3,145.01,11.6,0.0912,0.1314,-0.0391,0.0417,0.0345,1.2145,2610.3,2793.0,2930.0,3441.4,12.46,25.13,0,HOLD_NEUTRAL
2019-10-02,2111.2,2610.3,24.33,11.91,90.21,147.9,60.15,477.97,3012.9,6.7634,71.7,50.38,9.5,354.0,11.28,5,4,0,0,2,10,4,-0.9998,0.0183,2726.2,2244.8,11.56,25.01,2647.6,2176.4,12.49,23.7,2490.9,2069.0,11.08,24.3,2453.0,2040.8,10.98,23.15,2454.0,2095.4,11.39,24.0,2329.3,1911.7,11.63,24.78,2573.73,99.98,11.69,2514.93,105.46,11.71,2457.59,106.47,11.67,2380.57,145.79,11.61,0.0641,0.0637,0.0847,0.0401,0.0346,1.2364,2640.2,2717.5,2913.1,3273.4,11.99,24.01,1,CHARTER_NOW
2019-10-03,2192.6,2640.2,24.05,12.0,82.05,132.98,57.79,492.32,3049.1,6.8408,71.99,50.63,9.46,354.1,11.56,4,3,0,0,3,10,4,-0.9994,0.0355,2610.3,2111.2,11.91,24.33,2726.2,2244.8,11.56,25.01,2647.6,2176.4,12.49,23.7,2423.3,2025.2,11.06,24.0,2425.7,2053.5,12.07,24.18,2338.0,1974.8,11.53,23.21,2604.71,76.42,11.83,2530.25,107.07,11.7,2467.66,109.03,11.69,2387.71,147.86,11.63,0.0895,0.0884,0.085,0.041,0.0311,1.2041,2748.6,2736.4,2878.7,3381.7,12.37,26.33,0,HOLD_NEUTRAL
2019-10-04,2220.8,2748.6,25.0,11.09,90.11,140.38,59.57,481.21,3019.1,6.7984,72.09,50.94,9.52,354.1,11.67,4,4,0,0,4,10,4,-0.9986,0.0527,2640.2,2192.6,12.0,24.05,2610.3,2111.2,11.91,24.33,2726.2,2244.8,11.56,25.01,2559.3,2043.8,12.24,24.19,2609.5,2093.7,11.96,24.35,2313.1,1980.1,11.21,22.85,2631.76,89.96,11.66,2540.19,120.59,11.64,2482.18,116.48,11.68,2399.14,148.82,11.62,0.074,0.0533,-0.094,0.0434,0.0328,1.2377,2788.9,2897.3,2888.5,3536.8,11.88,23.9,1,CHARTER_NOW
2019-10-07,2220.0,2788.9,25.31,12.14,87.87,147.17,59.32,497.96,3039.0,6.795,71.68,51.25,9.8,354.2,11.48,5,3,0,0,0,10,4,-0.9946,0.1041,2748.6,2220.8,11.09,25.0,2640.2,2192.6,12.0,24.05,2610.3,2111.2,11.91,24.33,2558.5,2175.0,11.51,23.96,2427.1,2029.8,12.03,23.21,2329.4,1972.5,11.59,23.22,2664.67,100.25,11.75,2566.03,132.65,11.65,2497.49,125.56,11.7,2411.68,149.43,11.63,0.0901,0.1491,0.0547,0.041,0.0315,1.2563,2738.5,2746.0,3047.1,3357.8,11.52,25.16,0,HOLD_NEUTRAL
2019-10-08,2261.3,2738.5,25.43,12.24,85.93,150.41,57.07,486.34,2992.6,6.8204,71.85,49.86,9.75,354.2,11.49,5,4,0,0,1,10,4,-0.9926,0.1212,2788.9,2220.0,12.14,25.31,2748.6,2220.8,11.09,25.0,2640.2,2192.6,12.0,24.05,2490.9,2069.0,11.08,24.3,2401.7,2000.3,11.44,23.41,2389.2,2076.4,12.0,23.13,2700.04,66.84,11.92,2590.09,131.09,11.71,2509.14,131.23,11.71,2423.52,146.64,11.65,0.0994,0.1402,0.1047,0.0397,0.0314,1.211,2715.7,2735.4,2950.7,3491.8,11.54,24.78,0,HOLD_NEUTRAL
2019-10-09,2292.6,2715.7,25.36,12.25,87.15,138.88,59.69,497.88,3076.3,6.7858,72.3,50.65,9.85,354.3,11.75,5,3,0,0,2,10,4,-0.9904,0.1383,2738.5,2261.3,12.24,25.43,2788.9,2220.0,12.14,25.31,2748.6,2220.8,11.09,25.0,2647.6,2176.4,12.49,23.7,2377.6,1914.5,11.55,23.41,2362.0,2030.4,11.23,23.96,2709.77,62.76,11.88,2614.24,119.57,11.76,2520.93,133.43,11.74,2431.95,148.68,11.66,0.0257,0.1422,-0.0192,0.0406,0.0321,1.1846,2793.0,2777.8,3104.0,3438.3,11.7,24.16,0,HOLD_NEUTRAL
2019-10-10,2303.8,2793.0,25.13,12.46,91.42,121.97,59.97,482.65,3045.1,6.8203,71.76,51.51,9.73,354.3,11.96,5,4,0,0,3,10,4,-0.9879,0.1553,2715.7,2292.6,12.25,25.36,2738.5,2261.3,12.24,25.43,2788.9,2220.0,12.14,25.31,2726.2,2244.8,11.56,25.01,2498.3,2044.4,12.03,24.45,2398.6,2014.7,12.22,23.19,2719.31,70.3,12.01,2635.29,123.47,11.79,2534.07,140.22,11.75,2442.0,152.39,11.67,0.0245,0.118,0.0779,0.0387,0.0327,1.2123,2717.5,2930.0,3129.6,3513.1,12.67,25.11,1,CHARTER_NOW
2019-10-11,2265.4,2717.5,24.01,11.99,95.29,147.6,60.83,498.51,3063.2,6.7902,71.96,50.47,9.48,354.3,11.24,5,3,0,0,4,10,4,-0.9851,0.1722,2793.0,2303.8,12.46,25.13,2715.7,2292.6,12.25,25.36,2738.5,2261.3,12.24,25.43,2610.3,2111.2,11.91,24.33,2453.0,2040.8,10.98,23.15,2535.9,2113.8,11.34,24.17,2734.63,51.85,12.02,2654.18,113.24,11.86,2540.13,144.16,11.77,2451.36,151.75,11.69,0.0411,0.1078,0.0067,0.0416,0.0351,1.1996,2736.4,2913.1,3107.8,3544.8,12.05,25.59,1,CHARTER_NOW
2019-10-14,2205.3,2736.4,26.33,12.37,91.92,134.37,60.7,492.47,3042.8,6.7962,71.31,51.09,9.85,354.4,11.6,5,5,0,0,0,10,4,-0.9749,0.2228,2717.5,2265.4,11.99,24.01,2793.0,2303.8,12.46,25.13,2715.7,2292.6,12.25,25.36,2640.2,2192.6,12.0,24.05,2423.3,2025.2,11.06,24.0,2520.1,2107.7,12.62,24.73,2748.37,31.35,12.08,2676.54,93.3,11.95,2547.34,148.47,11.76,2460.74,151.68,11.71,0.0364,0.1292,0.0308,0.0398,0.0336,1.2408,2897.3,2878.7,3085.1,3563.8,12.39,25.97,1,CHARTER_NOW
2019-10-15,2254.4,2897.3,23.9,11.88,88.94,128.24,56.24,451.6,3060.0,6.8252,71.6,50.83,9.55,354.5,11.73,5,3,0,0,1,10,4,-0.9709,0.2396,2736.4,2205.3,12.37,26.33,2717.5,2265.4,11.99,24.01,2793.0,2303.8,12.46,25.13,2748.6,2220.8,11.09,25.0,2559.3,2043.8,12.24,24.19,2479.4,2087.0,11.65,23.97,2769.61,64.44,12.19,2700.69,103.77,11.93,2561.27,160.96,11.77,2473.09,156.57,11.72,0.0541,0.1321,0.0712,0.038,0.0307,1.2852,2746.0,2888.5,3141.5,3815.2,12.22,24.68,0,HOLD_NEUTRAL
2019-10-16,2312.0,2746.0,25.16,11.52,92.3,121.97,56.95,471.18,3001.8,6.7791,72.02,51.06,9.88,354.5,11.79,4,4,0,0,2,10,4,-0.9666,0.2562,2897.3,2254.4,11.88,23.9,2736.4,2205.3,12.37,26.33,2717.5,2265.4,11.99,24.01,2788.9,2220.0,12.14,25.31,2558.5,2175.0,11.51,23.96,2281.5,1848.9,11.56,22.79,2763.49,64.34,12.1,2714.08,95.8,11.93,2576.75,155.36,11.77,2482.97,154.74,11.73,-0.0154,0.0733,-0.0511,0.0409,0.0336,1.1877,2735.4,3047.1,3164.0,3700.2,12.55,25.55,1,CHARTER_NOW
2019-10-17,2333.4,2735.4,24.78,11.54,89.33,149.16,59.49,470.38,3016.3,6.7756,72.29,50.07,9.52,354.5,11.69,4,4,0,0,3,10,4,-0.9621,0.2728,2746.0,2312.0,11.52,25.16,2897.3,2254.4,11.88,23.9,2736.4,2205.3,12.37,26.33,2738.5,2261.3,12.24,25.43,2490.9,2069.0,11.08,24.3,2389.8,1994.4,10.99,24.49,2763.04,64.55,12.0,2731.54,71.09,11.96,2588.27,153.83,11.79,2490.21,156.23,11.73,-0.0011,0.0982,-0.0572,0.0408,0.0327,1.1723,2777.8,2950.7,3292.5,3673.8,12.82,23.72,1,CHARTER_NOW
2019-10-18,2334.9,2777.8,24.16,11.7,88.54,143.86,59.41,498.22,3081.7,6.8212,71.65,50.05,9.62,354.6,11.98,5,4,0,0,4,10,4,-0.9572,0.2893,2735.4,2333.4,11.54,24.78,2746.0,2312.0,11.52,25.16,2897.3,2254.4,11.88,23.9,2715.7,2292.6,12.25,25.36,2647.6,2176.4,12.49,23.7,2340.2,1903.5,11.61,22.45,2771.91,61.14,11.92,2740.84,67.7,11.9,2602.86,150.2,11.79,2499.76,156.01,11.74,0.0229,0.0492,-0.0449,0.0426,0.0319,1.1897,2930.0,3104.0,3065.0,3668.9,12.44,26.89,1,CHARTER_NOW
2019-10-21,2338.4,2930.0,25.11,12.67,86.95,141.04,59.33,477.87,3092.7,6.8136,72.03,50.48,9.69,354.7,11.62,4,4,0,0,0,10,4,-0.941,0.3383,2777.8,2334.9,11.7,24.16,2735.4,2333.4,11.54,24.78,2746.0,2312.0,11.52,25.16,2793.0,2303.8,12.46,25.13,2726.2,2244.8,11.56,25.01,2539.1,2168.9,11.91,23.91,2791.49,85.92,11.95,2755.4,84.21,11.98,2615.89,161.04,11.82,2510.51,163.03,11.76,0.0491,0.0748,0.0169,0.0377,0.0297,1.253,2913.1,3129.6,3242.0,3640.4,12.76,25.0,1,CHARTER_NOW
2019-10-22,2286.7,2913.1,25.59,12.05,85.0,152.99,65.26,526.18,2999.1,6.8197,71.93,49.61,9.9,354.7,11.87,4,4,0,0,1,10,4,-0.9351,0.3545,2930.0,2338.4,12.67,25.11,2777.8,2334.9,11.7,24.16,2735.4,2333.4,11.54,24.78,2717.5,2265.4,11.99,24.01,2610.3,2111.2,11.91,24.33,2438.8,2037.8,11.95,24.3,2819.43,89.58,11.96,2777.03,82.95,11.99,2631.7,166.25,11.82,2520.16,169.41,11.77,0.072,0.116,0.005,0.0437,0.0292,1.2739,2878.7,3107.8,3243.3,3753.1,12.52,25.82,1,CHARTER_NOW
2019-10-23,2269.1,2878.7,25.97,12.39,89.32,147.19,59.27,486.46,3049.1,6.8247,72.26,50.28,9.8,354.7,11.48,3,4,0,0,2,10,4,-0.9288,0.3705,2913.1,2286.7,12.05,25.59,2930.0,2338.4,12.67,25.11,2777.8,2334.9,11.7,24.16,2736.4,2205.3,12.37,26.33,2640.2,2192.6,12.0,24.05,2409.5,2012.4,11.42,23.68,2839.76,83.54,11.96,2794.06,76.96,12.02,2647.34,166.7,11.85,2528.7,174.37,11.79,0.052,0.0903,0.0016,0.0393,0.031,1.2687,2888.5,3085.1,3441.4,3784.3,12.58,25.76,1,CHARTER_NOW
2019-10-24,2244.4,2888.5,24.68,12.22,91.03,154.37,60.21,486.34,3026.4,6.8168,71.73,50.54,9.77,354.8,11.62,5,4,0,0,3,10,4,-0.9223,0.3864,2878.7,2269.1,12.39,25.97,2913.1,2286.7,12.05,25.59,2930.0,2338.4,12.67,25.11,2897.3,2254.4,11.88,23.9,2748.6,2220.8,11.09,25.0,2454.0,2095.4,11.39,24.0,2838.5,82.59,12.01,2804.06,79.64,12.1,2661.82,168.19,11.88,2536.48,179.85,11.79,-0.003,0.0509,0.0286,0.0398,0.0315,1.287,3047.1,3141.5,3273.4,3641.5,13.3,25.53,1,CHARTER_NOW
2019-10-25,2424.8,3047.1,25.55,12.55,90.18,131.63,59.81,493.74,3018.3,6.8335,72.15,51.36,10.15,354.8,11.36,5,4,0,0,4,10,4,-0.9155,0.4022,2888.5,2244.4,12.22,24.68,2878.7,2269.1,12.39,25.97,2913.1,2286.7,12.05,25.59,2746.0,2312.0,11.52,25.16,2788.9,2220.0,12.14,25.31,2425.7,2053.5,12.07,24.18,2881.51,102.41,12.16,2822.5,102.48,12.13,2682.53,176.18,11.9,2546.02,191.33,11.8,0.1097,0.0926,0.0894,0.0393,0.0296,1.2566,2950.7,3164.0,3381.7,3813.5,12.08,26.3,0,HOLD_NEUTRAL
2019-10-28,2448.8,2950.7,23.72,12.82,89.04,141.66,59.19,476.77,3056.1,6.8189,71.9,50.58,9.41,354.9,11.77,4,4,0,0,0,10,4,-0.8936,0.4489,3047.1,2424.8,12.55,25.55,2888.5,2244.4,12.22,24.68,2878.7,2269.1,12.39,25.97,2735.4,2333.4,11.54,24.78,2738.5,2261.3,12.24,25.43,2609.5,2093.7,11.96,24.35,2912.27,81.39,12.34,2837.66,104.77,12.17,2693.91,182.21,11.93,2553.7,198.16,11.82,0.0787,0.0775,0.1109,0.0372,0.0302,1.205,3104.0,3292.5,3536.8,3837.5,13.47,27.7,1,CHARTER_NOW
2019-10-29,2459.5,3104.0,26.89,12.44,87.3,129.62,57.37,480.58,3087.2,6.7559,72.12,50.68,9.57,354.9,11.57,5,4,0,0,1,10,4,-0.8857,0.4642,2950.7,2448.8,12.82,23.72,3047.1,2424.8,12.55,25.55,2888.5,2244.4,12.22,24.68,2777.8,2334.9,11.7,24.16,2715.7,2292.6,12.25,25.36,2427.1,2029.8,12.03,23.21,2958.87,84.87,12.45,2865.39,120.25,12.19,2716.47,189.79,11.94,2565.02,209.74,11.82,0.1174,0.143,0.0632,0.0386,0.0281,1.262,3129.6,3065.0,3357.8,3925.3,12.58,25.48,0,HOLD_NEUTRAL
2019-10-30,2498.1,3129.6,25.0,12.76,92.24,139.86,59.23,466.6,3064.2,6.7639,72.09,50.95,9.56,355.0,11.66,4,3,0,0,2,10,4,-0.8776,0.4794,3104.0,2459.5,12.44,26.89,2950.7,2448.8,12.82,23.72,3047.1,2424.8,12.55,25.55,2930.0,2338.4,12.67,25.11,2793.0,2303.8,12.46,25.13,2401.7,2000.3,11.44,23.41,2987.39,104.76,12.46,2889.44,137.13,12.21,2740.73,194.63,11.98,2576.7,221.22,11.83,0.0681,0.1205,0.0071,0.0366,0.0295,1.2528,3107.8,3242.0,3491.8,3756.3,12.64,26.64,0,HOLD_NEUTRAL
2019-10-31,2537.8,3107.8,25.82,12.52,86.04,139.55,56.4,465.01,3038.4,6.8744,72.02,49.76,9.43,355.0,11.52,6,5,0,0,3,10,4,-0.8692,0.4944,3129.6,2498.1,12.76,25.0,3104.0,2459.5,12.44,26.89,2950.7,2448.8,12.82,23.72,2913.1,2286.7,12.05,25.59,2717.5,2265.4,11.99,24.01,2377.6,1914.5,11.55,23.41,3015.2,107.56,12.53,2917.31,139.14,12.24,2765.07,193.3,12.02,2587.97,230.73,11.83,0.0668,0.1436,0.039,0.0371,0.0277,1.2246,3085.1,3243.3,3438.3,3735.6,13.22,26.15,1,CHARTER_NOW
2019-11-01,2434.2,3085.1,25.76,12.58,92.7,145.94,57.29,492.82,3068.7,6.8168,72.21,50.18,9.64,355.0,11.7,4,5,0,0,4,11,4,-0.8606,0.5093,3107.8,2537.8,12.52,25.82,3129.6,2498.1,12.76,25.0,3104.0,2459.5,12.44,26.89,2878.7,2269.1,12.39,25.97,2736.4,2205.3,12.37,26.33,2498.3,2044.4,12.03,24.45,3044.69,90.9,12.56,2942.22,135.43,12.26,2784.63,195.06,12.03,2600.41,237.09,11.85,0.0717,0.1274,0.0153,0.0392,0.03,1.2674,3141.5,3441.4,3513.1,3731.9,12.38,27.37,1,CHARTER_NOW
2019-11-04,2592.4,3141.5,25.53,13.3,86.89,141.41,56.77,454.0,3041.6,6.846,72.12,51.58,9.93,355.1,11.65,4,3,0,0,0,11,4,-0.8332,0.553,3085.1,2434.2,12.58,25.76,3107.8,2537.8,12.52,25.82,3129.6,2498.1,12.76,25.0,2888.5,2244.4,12.22,24.68,2897.3,2254.4,11.88,23.9,2453.0,2040.8,10.98,23.15,3080.83,65.08,12.71,2959.66,144.61,12.36,2807.58,195.2,12.11,2611.58,246.5,11.88,0.0876,0.0843,0.0884,0.0341,0.0277,1.2118,3164.0,3273.4,3544.8,3873.5,12.74,26.14,1,CHARTER_NOW
2019-11-05,2604.6,3164.0,26.3,12.08,87.65,145.57,57.71,464.32,3069.7,6.8073,72.08,50.18,9.67,355.2,11.37,4,4,0,0,1,11,4,-0.8235,0.5672,3141.5,2592.4,13.3,25.53,3085.1,2434.2,12.58,25.76,3107.8,2537.8,12.52,25.82,3047.1,2424.8,12.55,25.55,2746.0,2312.0,11.52,25.16,2423.3,2025.2,11.06,24.0,3097.53,69.81,12.64,2989.52,140.19,12.4,2832.27,191.73,12.14,2623.32,255.75,11.88,0.0384,0.1522,-0.0375,0.0384,0.0277,1.2148,3292.5,3381.7,3563.8,3718.3,12.54,27.25,1,CHARTER_NOW
2019-11-06,2580.7,3292.5,27.7,13.47,85.32,146.0,61.66,505.45,3105.3,6.8162,72.03,50.81,9.73,355.2,11.38,5,4,0,0,2,11,4,-0.8137,0.5813,3164.0,2604.6,12.08,26.3,3141.5,2592.4,13.3,25.53,3085.1,2434.2,12.58,25.76,2950.7,2448.8,12.82,23.72,2735.4,2333.4,11.54,24.78,2559.3,2043.8,12.24,24.19,3146.36,69.53,12.74,3029.31,141.57,12.54,2856.71,202.18,12.19,2638.57,267.84,11.91,0.1158,0.2037,0.0507,0.0375,0.0259,1.2758,3065.0,3536.8,3815.2,3663.7,13.2,27.53,1,CHARTER_NOW
2019-11-07,2412.7,3065.0,25.48,12.58,88.37,156.71,54.06,449.77,2984.9,6.8045,72.15,50.71,9.45,355.2,11.56,4,4,0,0,3,11,4,-0.8035,0.5952,3292.5,2580.7,13.47,27.7,3164.0,2604.6,12.08,26.3,3141.5,2592.4,13.3,25.53,3104.0,2459.5,12.44,26.89,2777.8,2334.9,11.7,24.16,2558.5,2175.0,11.51,23.96,3140.79,74.85,12.76,3049.83,121.74,12.6,2873.6,197.51,12.22,2648.03,272.74,11.93,-0.0126,0.1034,0.0113,0.0358,0.0288,1.2704,3242.0,3357.8,3700.2,3751.7,12.49,27.11,1,CHARTER_NOW
2019-11-08,2589.7,3242.0,26.64,12.64,93.06,138.01,58.59,482.59,3086.7,6.8923,72.19,49.34,9.64,355.3,11.69,4,4,0,0,4,11,4,-0.7932,0.609,3065.0,2412.7,12.58,25.48,3292.5,2580.7,13.47,27.7,3164.0,2604.6,12.08,26.3,3129.6,2498.1,12.76,25.0,2930.0,2338.4,12.67,25.11,2490.9,2069.0,11.08,24.3,3156.84,83.59,12.74,3072.11,126.58,12.6,2898.63,194.92,12.27,2662.93,280.39,11.94,0.0359,0.1065,-0.0094,0.0382,0.0287,1.2519,3243.3,3491.8,3673.8,3804.4,13.42,26.72,1,CHARTER_NOW
2019-11-11,2538.3,3243.3,26.15,13.22,91.47,133.14,54.38,455.64,3008.4,6.8266,71.91,50.3,9.71,355.3,11.92,5,4,0,0,0,11,4,-0.7607,0.6491,3242.0,2589.7,12.64,26.64,3065.0,2412.7,12.58,25.48,3292.5,2580.7,13.47,27.7,3107.8,2537.8,12.52,25.82,2913.1,2286.7,12.05,25.59,2647.6,2176.4,12.49,23.7,3176.2,86.0,12.84,3095.7,125.43,12.68,2918.49,198.76,12.3,2678.05,286.84,11.98,0.0436,0.1134,0.0559,0.0345,0.0282,1.2777,3441.4,3438.3,3668.9,3821.6,12.87,26.43,1,CHARTER_NOW
2019-11-12,2624.7,3441.4,27.37,12.38,92.91,141.87,56.36,470.87,3106.4,6.8032,72.08,50.19,9.93,355.4,11.61,4,4,0,0,1,11,4,-0.7494,0.6621,3243.3,2538.3,13.22,26.15,3242.0,2589.7,12.64,26.64,3065.0,2412.7,12.58,25.48,3085.1,2434.2,12.58,25.76,2878.7,2269.1,12.39,25.97,2726.2,2244.8,11.56,25.01,3227.1,121.29,12.81,3135.89,139.87,12.68,2942.33,216.96,12.33,2695.28,301.03,11.99,0.1155,0.1955,-0.0159,0.038,0.027,1.3112,3273.4,3513.1,3640.4,3948.7,12.89,26.94,0,HOLD_NEUTRAL
2019-11-13,2639.0,3273.4,26.14,12.74,91.42,133.83,59.1,495.21,3042.2,6.7699,71.91,50.27,9.47,355.4,11.75,5,4,0,0,2,11,4,-0.7379,0.6749,3441.4,2624.7,12.38,27.37,3243.3,2538.3,13.22,26.15,3242.0,2589.7,12.64,26.64,3141.5,2592.4,13.3,25.53,2888.5,2244.4,12.22,24.68,2610.3,2111.2,11.91,24.33,3245.94,115.9,12.73,3163.39,124.48,12.72,2964.43,215.74,12.35,2711.01,306.21,12.01,0.042,0.1333,-0.0421,0.0389,0.0279,1.2404,3381.7,3544.8,3753.1,3858.7,13.37,26.23,1,CHARTER_NOW
2019-11-14,2705.1,3381.7,27.25,12.54,86.17,150.78,57.19,473.81,3023.0,6.8789,72.17,49.65,9.72,355.4,11.22,6,5,0,0,3,11,4,-0.7262,0.6875,3273.4,2639.0,12.74,26.14,3441.4,2624.7,12.38,27.37,3243.3,2538.3,13.22,26.15,3164.0,2604.6,12.08,26.3,3047.1,2424.8,12.55,25.55,2640.2,2192.6,12.0,24.05,3277.04,119.41,12.8,3187.29,132.31,12.72,2989.15,219.76,12.37,2728.4,314.2,12.03,0.0688,0.1098,0.0381,0.0378,0.0255,1.2501,3536.8,3563.8,3784.3,3779.4,13.03,27.97,1,CHARTER_NOW
2019-11-15,2751.3,3536.8,27.53,13.2,88.61,137.37,55.07,451.56,3091.2,6.815,72.04,49.42,10.03,355.5,11.94,5,4,0,0,4,11,4,-0.7143,0.6998,3381.7,2705.1,12.54,27.25,3273.4,2639.0,12.74,26.14,3441.4,2624.7,12.38,27.37,3292.5,2580.7,13.47,27.7,2950.7,2448.8,12.82,23.72,2748.6,2220.8,11.09,25.0,3311.94,155.06,12.76,3229.15,143.91,12.75,3015.42,236.49,12.44,2748.8,326.27,12.06,0.0742,0.1986,-0.02,0.0342,0.0251,1.2855,3357.8,3815.2,3641.5,4066.8,13.16,27.81,1,CHARTER_NOW
2019-11-18,2565.8,3357.8,27.11,12.49,87.05,135.07,55.65,466.51,3083.0,6.8429,72.4,49.75,9.73,355.6,11.65,5,3,0,0,0,11,4,-0.6772,0.7358,3536.8,2751.3,13.2,27.53,3381.7,2705.1,12.54,27.25,3273.4,2639.0,12.74,26.14,3065.0,2412.7,12.58,25.48,3104.0,2459.5,12.44,26.89,2788.9,2220.0,12.14,25.31,3353.77,110.4,12.74,3247.28,142.91,12.75,3034.39,240.47,12.45,2765.94,330.84,12.08,0.0955,0.0818,-0.0072,0.0374,0.0259,1.3087,3491.8,3700.2,3813.5,3841.8,14.46,27.82,1,CHARTER_NOW
2019-11-19,2653.3,3491.8,26.72,13.42,93.77,135.6,58.1,497.87,3036.4,6.8464,72.38,49.94,9.4,355.6,11.52,5,4,0,0,1,11,4,-0.6645,0.7473,3357.8,2565.8,12.49,27.11,3536.8,2751.3,13.2,27.53,3381.7,2705.1,12.54,27.25,3242.0,2589.7,12.64,26.64,3129.6,2498.1,12.76,25.0,2738.5,2261.3,12.24,25.43,3389.46,108.61,12.86,3273.15,152.44,12.8,3059.5,247.73,12.49,2784.32,340.06,12.1,0.0771,0.1157,0.0617,0.0371,0.0269,1.316,3438.3,3673.8,3837.5,3855.6,12.98,26.66,1,CHARTER_NOW
2019-11-20,2685.9,3438.3,26.43,12.87,85.64,144.34,55.5,455.78,3028.7,6.8071,71.99,50.62,10.08,355.6,11.49,6,4,0,0,2,11,4,-0.6515,0.7586,3491.8,2653.3,13.42,26.72,3357.8,2565.8,12.49,27.11,3536.8,2751.3,13.2,27.53,3243.3,2538.3,13.22,26.15,3107.8,2537.8,12.52,25.82,2715.7,2292.6,12.25,25.36,3417.31,87.91,12.81,3296.76,150.44,12.82,3083.58,248.28,12.51,2802.25,345.74,12.13,0.0601,0.1063,-0.0265,0.0354,0.0249,1.2801,3513.1,3668.9,3925.3,3990.1,12.55,26.49,1,CHARTER_NOW
2019-11-21,2703.4,3513.1,26.94,12.89,92.29,137.59,57.14,456.83,3067.2,6.8414,72.22,50.95,9.97,355.7,11.3,5,5,0,0,3,11,4,-0.6384,0.7697,3438.3,2685.9,12.87,26.43,3491.8,2653.3,13.42,26.72,3357.8,2565.8,12.49,27.11,3441.4,2624.7,12.38,27.37,3085.1,2434.2,12.58,25.76,2793.0,2303.8,12.46,25.13,3427.56,95.07,12.88,3327.33,147.58,12.84,3107.59,253.96,12.53,2820.83,353.54,12.14,0.0208,0.1387,0.0412,0.0354,0.0263,1.2995,3544.8,3640.4,3756.3,3844.5,12.96,26.81,0,HOLD_NEUTRAL
2019-11-22,2731.6,3544.8,26.23,13.37,92.25,133.78,56.77,479.29,3032.7,6.8033,72.39,50.69,10.0,355.7,11.35,5,4,0,0,4,11,4,-0.625,0.7806,3513.1,2703.4,12.89,26.94,3438.3,2685.9,12.87,26.43,3491.8,2653.3,13.42,26.72,3273.4,2639.0,12.74,26.14,3141.5,2592.4,13.3,25.53,2717.5,2265.4,11.99,24.01,3466.33,74.93,12.97,3356.14,147.88,12.85,3135.16,255.06,12.57,2837.64,363.6,12.17,0.0829,0.1284,0.0495,0.0358,0.026,1.2977,3563.8,3753.1,3735.6,3890.3,13.07,27.87,1,CHARTER_NOW
2019-11-25,2812.0,3563.8,27.97,13.03,95.13,150.9,55.45,455.61,3041.2,6.7923,72.21,50.38,9.48,355.8,11.89,5,5,0,0,0,11,4,-0.584,0.8118,3544.8,2731.6,13.37,26.23,3513.1,2703.4,12.89,26.94,3438.3,2685.9,12.87,26.43,3381.7,2705.1,12.54,27.25,3164.0,2604.6,12.08,26.3,2736.4,2205.3,12.37,26.33,3492.34,72.21,13.04,3384.69,146.52,12.92,3162.74,255.18,12.6,2855.04,373.0,12.18,0.0538,0.1264,0.0391,0.035,0.0267,1.2674,3815.2,3784.3,3731.9,3923.1,13.77,28.12,1,CHARTER_NOW
2019-11-26,2958.4,3815.2,27.81,13.16,87.92,131.8,60.42,464.79,3083.5,6.8572,72.08,49.33,10.13,355.8,11.31,4,5,0,0,1,11,4,-0.5699,0.8217,3563.8,2812.0,13.03,27.97,3544.8,2731.6,13.37,26.23,3513.1,2703.4,12.89,26.94,3536.8,2751.3,13.2,27.53,3292.5,2580.7,13.47,27.7,2897.3,2254.4,11.88,23.9,3532.11,142.87,13.03,3422.03,183.22,12.89,3193.34,276.41,12.64,2877.3,389.69,12.21,0.0787,0.1588,-0.003,0.0353,0.023,1.2896,3700.2,3641.5,3873.5,3963.5,13.35,27.28,-1,WAIT
2019-11-27,2917.0,3700.2,27.82,14.46,91.48,138.31,57.64,482.14,3046.8,6.8178,71.99,49.63,9.68,355.9,11.3,5,5,0,0,2,11,4,-0.5557,0.8314,3815.2,2958.4,13.16,27.81,3563.8,2812.0,13.03,27.97,3544.8,2731.6,13.37,26.23,3357.8,2565.8,12.49,27.11,3065.0,2412.7,12.58,25.48,2746.0,2312.0,11.52,25.16,3581.03,131.4,13.31,3467.4,165.83,13.03,3225.15,278.05,12.74,2900.95,395.92,12.25,0.102,0.2072,0.1577,0.0333,0.0247,1.2685,3673.8,3813.5,3718.3,3824.7,13.74,28.13,0,HOLD_NEUTRAL
2019-11-28,2781.7,3673.8,26.66,12.98,96.46,142.75,52.8,432.59,3096.7,6.8383,72.49,49.95,9.73,355.9,11.36,4,4,0,0,3,11,4,-0.5413,0.8408,3700.2,2917.0,14.46,27.82,3815.2,2958.4,13.16,27.81,3563.8,2812.0,13.03,27.97,3491.8,2653.3,13.42,26.72,3242.0,2589.7,12.64,26.64,2735.4,2333.4,11.54,24.78,3607.03,128.78,13.25,3498.24,160.76,13.05,3256.43,273.81,12.78,2922.35,402.47,12.29,0.0521,0.1332,-0.0328,0.0333,0.0263,1.3207,3668.9,3837.5,3663.7,4023.8,13.47,27.71,1,CHARTER_NOW
2019-11-29,2810.9,3668.9,26.49,12.55,87.14,125.44,56.72,464.61,3135.1,6.8353,72.5,49.47,9.7,355.9,11.26,4,4,0,0,4,11,4,-0.5268,0.85,3673.8,2781.7,12.98,26.66,3700.2,2917.0,14.46,27.82,3815.2,2958.4,13.16,27.81,3438.3,2685.9,12.87,26.43,3243.3,2538.3,13.22,26.15,2777.8,2334.9,11.7,24.16,3639.97,105.89,13.21,3528.64,148.62,13.01,3286.13,268.37,12.81,2944.49,406.43,12.3,0.0671,0.1312,-0.0249,0.037,0.0238,1.3052,3640.4,3925.3,3751.7,3831.9,13.55,28.38,1,CHARTER_NOW
2019-12-02,2847.8,3640.4,26.81,12.96,84.09,141.09,55.14,458.91,3081.2,6.8427,72.25,50.11,10.03,356.0,11.49,3,4,0,0,0,12,4,-0.4822,0.8761,3668.9,2810.9,12.55,26.49,3673.8,2781.7,12.98,26.66,3700.2,2917.0,14.46,27.82,3513.1,2703.4,12.89,26.94,3441.4,2624.7,12.38,27.37,2930.0,2338.4,12.67,25.11,3658.16,90.24,13.22,3542.86,149.15,13.05,3309.81,267.21,12.82,2962.85,412.63,12.32,0.0362,0.0578,0.0054,0.0354,0.0231,1.2783,3753.1,3756.3,3804.4,4069.1,13.32,28.58,0,HOLD_NEUTRAL
2019-12-03,2904.4,3753.1,27.87,13.07,82.95,129.39,57.81,475.36,3092.1,6.7771,72.5,50.17,9.81,356.1,11.7,5,4,0,0,1,12,4,-0.4671,0.8842,3640.4,2847.8,12.96,26.81,3668.9,2810.9,12.55,26.49,3673.8,2781.7,12.98,26.66,3544.8,2731.6,13.37,26.23,3273.4,2639.0,12.74,26.14,2913.1,2286.7,12.05,25.59,3687.91,80.44,13.17,3577.12,137.1,13.07,3337.81,268.21,12.86,2984.75,419.17,12.34,0.0588,0.1465,-0.0224,0.0364,0.0221,1.2922,3784.3,3735.6,3821.6,3956.3,13.27,27.8,0,HOLD_NEUTRAL
2019-12-04,2978.6,3784.3,28.12,13.77,91.2,143.29,54.79,461.08,3159.3,6.8065,71.57,50.04,9.94,356.1,11.36,4,4,0,0,2,12,4,-0.4518,0.8921,3753.1,2904.4,13.07,27.87,3640.4,2847.8,12.96,26.81,3668.9,2810.9,12.55,26.49,3563.8,2812.0,13.03,27.97,3381.7,2705.1,12.54,27.25,2878.7,2269.1,12.39,25.97,3719.41,65.53,13.28,3605.88,135.17,13.16,3368.0,265.71,12.9,3007.67,424.73,12.38,0.0619,0.1191,0.0568,0.0335,0.0241,1.2705,3641.5,3731.9,3948.7,4026.4,13.72,28.08,0,HOLD_NEUTRAL
2019-12-05,2831.6,3641.5,27.28,13.35,82.86,129.71,55.96,455.27,3048.2,6.8145,72.65,50.29,9.86,356.1,11.2,5,4,0,0,3,12,4,-0.4364,0.8998,3784.3,2978.6,13.77,28.12,3753.1,2904.4,13.07,27.87,3640.4,2847.8,12.96,26.81,3815.2,2958.4,13.16,27.81,3536.8,2751.3,13.2,27.53,2888.5,2244.4,12.22,24.68,3694.6,55.3,13.31,3613.36,133.94,13.17,3393.1,254.16,12.94,3027.46,426.16,12.41,-0.0455,0.0296,0.0144,0.0341,0.0228,1.286,3813.5,3873.5,3858.7,4037.7,13.81,28.29,1,CHARTER_NOW
2019-12-06,3013.1,3813.5,28.13,13.74,87.65,141.94,57.02,473.88,3132.7,6.7995,72.29,49.21,9.83,356.2,11.53,5,5,0,0,4,12,4,-0.4208,0.9071,3641.5,2831.6,13.35,27.28,3784.3,2978.6,13.77,28.12,3753.1,2904.4,13.07,27.87,3700.2,2917.0,14.46,27.82,3357.8,2565.8,12.49,27.11,3047.1,2424.8,12.55,25.55,3710.79,71.44,13.2,3645.91,121.89,13.26,3418.64,256.69,12.98,3050.59,430.59,12.44,0.0306,0.1357,-0.0498,0.0345,0.023,1.2656,3837.5,3718.3,3779.4,3984.7,13.63,26.63,0,HOLD_NEUTRAL
2019-12-09,2963.0,3837.5,27.71,13.47,90.13,144.85,57.62,468.67,3131.9,6.838,72.38,50.19,9.67,356.3,11.46,5,4,0,0,0,12,4,-0.3735,0.9276,3813.5,3013.1,13.74,28.13,3641.5,2831.6,13.35,27.28,3784.3,2978.6,13.77,28.12,3673.8,2781.7,12.98,26.66,3491.8,2653.3,13.42,26.72,2950.7,2448.8,12.82,23.72,3734.17,83.15,13.27,3670.6,123.28,13.26,3448.2,251.96,13.0,3071.06,438.38,12.46,0.0446,0.099,0.0378,0.0348,0.0235,1.2951,3925.3,3663.7,4066.8,4039.8,13.4,26.48,-1,WAIT
2019-12-10,3045.3,3925.3,28.38,13.55,89.28,142.83,53.85,455.02,3125.5,6.861,72.27,49.28,10.22,356.3,11.66,4,4,0,0,1,12,4,-0.3575,0.9339,3837.5,2963.0,13.47,27.71,3813.5,3013.1,13.74,28.13,3641.5,2831.6,13.35,27.28,3668.9,2810.9,12.55,26.49,3438.3,2685.9,12.87,26.43,3104.0,2459.5,12.44,26.89,3770.8,103.57,13.42,3705.39,121.38,13.31,3475.58,257.83,13.04,3096.02,443.71,12.49,0.0699,0.1416,0.0797,0.0336,0.0227,1.289,3756.3,3751.7,3841.8,4074.8,13.92,28.2,-1,WAIT
2019-12-11,2867.8,3756.3,28.58,13.32,90.01,138.07,55.35,463.8,3141.9,6.8659,72.71,49.12,9.57,356.3,11.37,5,3,0,0,2,12,4,-0.3413,0.9399,3925.3,3045.3,13.55,28.38,3837.5,2963.0,13.47,27.71,3813.5,3013.1,13.74,28.13,3640.4,2847.8,12.96,26.81,3513.1,2703.4,12.89,26.94,3129.6,2498.1,12.76,25.0,3787.36,87.22,13.47,3722.76,108.46,13.34,3496.47,254.19,13.06,3118.6,442.25,12.52,0.0318,0.0692,0.0278,0.0348,0.024,1.3098,3735.6,3804.4,3855.6,4111.4,13.73,27.95,0,HOLD_NEUTRAL
2019-12-12,2871.5,3735.6,27.8,13.27,89.32,134.26,55.05,443.14,3107.7,6.8156,72.1,49.91,9.95,356.4,11.41,6,4,0,0,3,12,4,-0.3251,0.9457,3756.3,2867.8,13.32,28.58,3925.3,3045.3,13.55,28.38,3837.5,2963.0,13.47,27.71,3753.1,2904.4,13.07,27.87,3544.8,2731.6,13.37,26.23,3107.8,2537.8,12.52,25.82,3784.86,88.61,13.5,3736.39,95.61,13.33,3517.4,246.82,13.08,3141.24,438.41,12.55,-0.0047,0.0538,0.0153,0.0334,0.0239,1.3009,3731.9,3821.6,3990.1,4001.5,13.69,28.14,0,HOLD_NEUTRAL
2019-12-13,2913.9,3731.9,28.08,13.72,92.66,131.49,54.69,464.89,3078.6,6.8348,72.74,50.26,9.94,356.4,11.43,5,4,0,0,4,12,4,-0.3088,0.9511,3735.6,2871.5,13.27,27.8,3756.3,2867.8,13.32,28.58,3925.3,3045.3,13.55,28.38,3784.3,2978.6,13.77,28.12,3563.8,2812.0,13.03,27.97,3085.1,2434.2,12.58,25.76,3777.37,90.85,13.49,3748.39,81.83,13.38,3538.96,235.76,13.12,3161.8,436.67,12.58,-0.0138,0.0472,-0.0036,0.0339,0.0248,1.2807,3873.5,3948.7,3844.5,4093.5,14.01,29.05,1,CHARTER_NOW
2019-12-16,3039.7,3873.5,28.29,13.81,85.41,146.66,58.99,474.72,3140.8,6.84,72.49,49.84,10.1,356.5,11.46,5,4,0,0,0,12,4,-0.2593,0.9658,3731.9,2913.9,13.72,28.08,3735.6,2871.5,13.27,27.8,3756.3,2867.8,13.32,28.58,3641.5,2831.6,13.35,27.28,3815.2,2958.4,13.16,27.81,3141.5,2592.4,13.3,25.53,3810.51,73.72,13.55,3752.56,86.82,13.43,3563.36,231.04,13.14,3185.47,436.1,12.62,0.0637,0.0153,0.0345,0.0344,0.022,1.2743,3718.3,3858.7,3890.3,4171.8,13.28,28.25,0,HOLD_NEUTRAL
2019-12-17,2896.2,3718.3,26.63,13.63,86.25,130.19,56.5,473.89,3143.3,6.8455,72.56,49.57,10.15,356.5,11.36,5,4,0,0,1,12,4,-0.2427,0.9701,3873.5,3039.7,13.81,28.29,3731.9,2913.9,13.72,28.08,3735.6,2871.5,13.27,27.8,3813.5,3013.1,13.74,28.13,3700.2,2917.0,14.46,27.82,3164.0,2604.6,12.08,26.3,3796.91,81.46,13.54,3753.85,86.11,13.37,3581.83,219.9,13.19,3207.05,429.74,12.67,-0.025,0.0049,-0.008,0.0348,0.0232,1.2839,3663.7,3779.4,3923.1,4118.5,13.3,28.71,0,HOLD_NEUTRAL
2019-12-18,2820.6,3663.7,26.48,13.4,85.9,127.47,53.46,447.91,3143.4,6.8008,72.33,49.7,9.85,356.6,11.33,4,4,0,0,2,12,4,-0.226,0.9741,3718.3,2896.2,13.63,26.63,3873.5,3039.7,13.81,28.29,3731.9,2913.9,13.72,28.08,3837.5,2963.0,13.47,27.71,3673.8,2781.7,12.98,26.66,3292.5,2580.7,13.47,27.7,3772.09,92.73,13.53,3753.13,86.87,13.4,3594.21,213.4,13.19,3225.46,425.15,12.69,-0.0453,-0.0027,-0.0052,0.0334,0.0234,1.2989,3751.7,4066.8,3963.5,4136.4,13.29,28.29,1,CHARTER_NOW
2019-12-19,2950.0,3751.7,28.2,13.92,90.99,140.05,57.34,491.94,3107.5,6.8819,72.09,49.59,9.98,356.6,11.07,5,3,0,0,3,12,4,-0.2092,0.9779,3663.7,2820.6,13.4,26.48,3718.3,2896.2,13.63,26.63,3873.5,3039.7,13.81,28.29,3925.3,3045.3,13.55,28.38,3668.9,2810.9,12.55,26.49,3065.0,2412.7,12.58,25.48,3747.29,63.55,13.58,3759.04,83.45,13.5,3617.1,190.26,13.23,3245.35,421.32,12.73,-0.0442,0.0226,0.0273,0.0353,0.0243,1.2718,3804.4,3841.8,3824.7,3995.9,13.56,27.21,0,HOLD_NEUTRAL
2019-12-20,2805.2,3804.4,27.95,13.73,91.18,128.9,59.46,481.66,3082.0,6.8553,72.66,48.87,10.23,356.6,11.32,4,4,0,0,4,12,4,-0.1923,0.9813,3751.7,2950.0,13.92,28.2,3663.7,2820.6,13.4,26.48,3718.3,2896.2,13.63,26.63,3756.3,2867.8,13.32,28.58,3640.4,2847.8,12.96,26.81,3242.0,2589.7,12.64,26.64,3754.16,67.18,13.64,3770.76,76.75,13.55,3635.84,179.42,13.27,3267.24,415.54,12.77,0.0128,0.045,0.0308,0.0351,0.024,1.3562,3821.6,3855.6,4023.8,4021.9,12.89,27.78,0,HOLD_NEUTRAL
2019-12-23,2854.7,3821.6,28.14,13.69,89.62,127.56,57.46,466.54,3117.2,6.8568,72.52,48.79,9.87,356.7,11.57,4,5,0,0,0,12,4,-0.1414,0.9899,3804.4,2805.2,13.73,27.95,3751.7,2950.0,13.92,28.2,3663.7,2820.6,13.4,26.48,3735.6,2871.5,13.27,27.8,3753.1,2904.4,13.07,27.87,3243.3,2538.3,13.22,26.15,3766.44,70.98,13.7,3775.65,77.72,13.6,3655.12,166.38,13.28,3286.8,413.5,12.79,0.023,0.0183,0.0317,0.0341,0.0235,1.3387,3948.7,3990.1,3831.9,3969.3,13.91,27.75,1,CHARTER_NOW
2019-12-24,3041.2,3948.7,29.05,14.01,91.93,123.67,52.83,439.0,3144.6,6.8645,72.79,49.41,9.67,356.8,11.59,4,4,0,0,1,12,4,-0.1244,0.9922,3821.6,2854.7,13.69,28.14,3804.4,2805.2,13.73,27.95,3751.7,2950.0,13.92,28.2,3731.9,2913.9,13.72,28.08,3784.3,2978.6,13.77,28.12,3441.4,2624.7,12.38,27.37,3797.41,96.21,13.74,3787.39,90.5,13.62,3672.03,169.66,13.34,3307.18,415.52,12.83,0.0581,0.0434,0.0211,0.0313,0.0233,1.2984,3858.7,3844.5,4069.1,3863.2,13.62,29.04,0,HOLD_NEUTRAL
2019-12-25,2950.3,3858.7,28.25,13.28,84.33,130.69,54.65,448.01,3148.7,6.8447,72.41,49.48,9.81,356.8,11.32,4,5,0,0,2,12,4,-0.1073,0.9942,3948.7,3041.2,14.01,29.05,3821.6,2854.7,13.69,28.14,3804.4,2805.2,13.73,27.95,3873.5,3039.7,13.81,28.29,3641.5,2831.6,13.35,27.28,3273.4,2639.0,12.74,26.14,3795.3,94.41,13.67,3802.91,81.76,13.61,3691.54,155.28,13.35,3327.99,411.27,12.85,-0.0038,0.0596,-0.0384,0.0337,0.0219,1.3079,3779.4,3890.3,3956.3,3841.2,13.76,28.04,0,HOLD_NEUTRAL
2019-12-26,2929.1,3779.4,28.71,13.3,93.4,133.5,57.77,482.43,3098.9,6.798,72.36,49.42,9.63,356.8,11.68,5,4,0,0,3,12,4,-0.0902,0.9959,3858.7,2950.3,13.28,28.25,3948.7,3041.2,14.01,29.05,3821.6,2854.7,13.69,28.14,3718.3,2896.2,13.63,26.63,3813.5,3013.1,13.74,28.13,3381.7,2705.1,12.54,27.25,3804.03,88.75,13.62,3800.47,81.93,13.58,3704.8,144.52,13.38,3346.97,405.23,12.88,0.0164,-0.0089,-0.0242,0.0363,0.0247,1.2903,4066.8,3923.1,4026.4,3854.6,13.33,28.24,0,HOLD_NEUTRAL
2019-12-27,3086.0,4066.8,28.29,13.29,92.9,135.76,54.18,429.02,3126.2,6.8249,72.82,49.76,9.97,356.9,11.41,5,4,0,0,4,12,4,-0.073,0.9973,3779.4,2929.1,13.3,28.71,3858.7,2950.3,13.28,28.25,3948.7,3041.2,14.01,29.05,3663.7,2820.6,13.4,26.48,3837.5,2963.0,13.47,27.71,3536.8,2751.3,13.2,27.53,3861.61,110.61,13.6,3816.85,108.51,13.57,3722.46,155.27,13.38,3368.94,407.96,12.91,0.11,0.0598,-0.0082,0.0323,0.0228,1.3178,3841.8,3963.5,4037.7,3610.2,13.62,28.96,0,HOLD_NEUTRAL
2019-12-30,2967.3,3841.8,27.21,13.56,90.26,140.89,56.22,449.64,3072.8,6.7802,72.97,49.25,10.11,357.0,11.14,5,4,0,0,0,12,4,-0.0215,0.9998,4066.8,3086.0,13.29,28.29,3779.4,2929.1,13.3,28.71,3858.7,2950.3,13.28,28.25,3751.7,2950.0,13.92,28.2,3925.3,3045.3,13.55,28.38,3357.8,2565.8,12.49,27.11,3874.49,100.47,13.55,3810.89,104.3,13.57,3738.6,140.52,13.42,3386.49,405.23,12.94,0.024,-0.0213,-0.0259,0.0332,0.0235,1.2947,3855.6,3824.7,3984.7,3765.0,13.89,26.42,0,HOLD_NEUTRAL
2019-12-31,2906.8,3855.6,27.78,12.89,93.57,137.52,56.78,453.3,3154.2,6.8424,72.5,49.66,9.88,357.0,11.07,5,4,0,0,1,12,4,-0.0043,1.0,3841.8,2967.3,13.56,27.21,4066.8,3086.0,13.29,28.29,3779.4,2929.1,13.3,28.71,3804.4,2805.2,13.73,27.95,3756.3,2867.8,13.32,28.58,3491.8,2653.3,13.42,26.72,3881.8,96.29,13.43,3817.98,103.68,13.54,3750.72,134.04,13.4,3405.11,400.59,12.95,0.0135,0.0264,-0.0612,0.0352,0.0243,1.3264,3990.1,4023.8,4039.8,3694.7,14.33,28.84,1,CHARTER_NOW
2020-01-01,3062.2,3990.1,27.75,13.91,82.52,131.95,53.69,456.47,3093.7,6.8251,72.32,49.25,9.58,357.0,11.64,4,4,0,0,2,1,1,0.0172,0.9999,3855.6,2906.8,12.89,27.78,3841.8,2967.3,13.56,27.21,4066.8,3086.0,13.29,28.29,3821.6,2854.7,13.69,28.14,3735.6,2871.5,13.27,27.8,3438.3,2685.9,12.87,26.43,3905.87,99.73,13.46,3836.16,110.23,13.58,3769.12,127.38,13.44,3426.35,397.18,12.97,0.0441,0.0681,0.0161,0.0328,0.0207,1.303,3844.5,3831.9,4074.8,3879.2,13.19,26.76,0,HOLD_NEUTRAL
2020-01-02,2990.2,3844.5,29.04,13.62,86.1,131.7,55.22,476.01,3149.8,6.8292,72.72,50.32,10.11,357.1,11.32,4,4,0,0,3,1,1,0.0344,0.9994,3990.1,3062.2,13.91,27.75,3855.6,2906.8,12.89,27.78,3841.8,2967.3,13.56,27.21,3948.7,3041.2,14.01,29.05,3731.9,2913.9,13.72,28.08,3513.1,2703.4,12.89,26.94,3890.99,100.05,13.41,3844.2,106.06,13.57,3780.16,118.47,13.46,3443.88,391.93,12.99,-0.0264,0.0302,-0.0278,0.0349,0.0224,1.2857,3890.3,4069.1,4111.4,3865.3,13.96,28.57,1,CHARTER_NOW
2020-01-03,3030.8,3890.3,28.04,13.76,85.39,136.83,49.46,415.09,3083.2,6.8668,72.46,49.34,9.55,357.1,11.15,4,3,0,0,4,1,1,0.0516,0.9987,3844.5,2990.2,13.62,29.04,3990.1,3062.2,13.91,27.75,3855.6,2906.8,12.89,27.78,3858.7,2950.3,13.28,28.25,3873.5,3039.7,13.81,28.29,3544.8,2731.6,13.37,26.23,3895.5,99.06,13.48,3845.4,106.51,13.57,3791.68,111.38,13.47,3463.42,384.26,13.02,0.0082,0.0043,0.0361,0.0302,0.0219,1.2836,3923.1,3956.3,4001.5,3839.9,13.84,28.03,0,HOLD_NEUTRAL
2020-01-06,3091.5,3923.1,28.24,13.33,89.93,142.36,53.42,441.26,3163.0,6.8176,72.69,50.56,9.6,357.2,10.93,4,4,0,0,0,1,1,0.103,0.9947,3890.3,3030.8,13.76,28.04,3844.5,2990.2,13.62,29.04,3990.1,3062.2,13.91,27.75,3779.4,2929.1,13.3,28.71,3718.3,2896.2,13.63,26.63,3563.8,2812.0,13.03,27.97,3916.03,84.86,13.48,3860.03,101.67,13.55,3803.66,105.18,13.48,3483.2,376.67,13.04,0.038,0.0551,0.0023,0.0331,0.0229,1.269,3963.5,4026.4,4093.5,4013.1,14.04,29.01,0,HOLD_NEUTRAL
2020-01-07,3028.8,3963.5,28.96,13.62,84.22,133.58,54.79,453.39,3139.3,6.824,72.48,49.45,9.88,357.2,11.3,5,4,0,0,1,1,1,0.1201,0.9928,3923.1,3091.5,13.33,28.24,3890.3,3030.8,13.76,28.04,3844.5,2990.2,13.62,29.04,4066.8,3086.0,13.29,28.29,3663.7,2820.6,13.4,26.48,3815.2,2958.4,13.16,27.81,3901.27,59.45,13.53,3881.44,87.76,13.56,3808.6,109.15,13.5,3500.97,373.7,13.07,-0.0254,0.0818,0.0248,0.0333,0.0212,1.3086,3824.7,4037.7,4171.8,3946.7,13.69,28.49,0,HOLD_NEUTRAL
2020-01-08,2941.5,3824.7,26.42,13.89,89.97,128.93,52.97,454.15,3101.9,6.8324,72.95,49.12,9.97,357.3,11.46,4,4,0,0,2,1,1,0.1372,0.9905,3963.5,3028.8,13.62,28.96,3923.1,3091.5,13.33,28.24,3890.3,3030.8,13.76,28.04,3841.8,2967.3,13.56,27.21,3751.7,2950.0,13.92,28.2,3700.2,2917.0,14.46,27.82,3898.83,62.57,13.57,3886.66,81.39,13.56,3812.75,107.24,13.48,3518.95,362.54,13.11,-0.0045,0.0195,0.0243,0.0327,0.0235,1.3003,4023.8,3984.7,4118.5,3933.1,14.08,28.92,1,CHARTER_NOW
2020-01-09,2979.1,4023.8,28.84,14.33,91.89,124.82,58.13,464.17,3154.5,6.7768,72.39,48.73,10.0,357.3,11.23,4,4,0,0,3,1,1,0.1542,0.988,3824.7,2941.5,13.89,26.42,3963.5,3028.8,13.62,28.96,3923.1,3091.5,13.33,28.24,3855.6,2906.8,12.89,27.78,3804.4,2805.2,13.73,27.95,3673.8,2781.7,12.98,26.66,3922.86,74.38,13.78,3902.33,85.36,13.61,3824.42,110.59,13.52,3540.42,353.38,13.15,0.0436,0.0577,0.1117,0.0324,0.0228,1.3507,3831.9,4039.8,4136.4,3825.0,13.2,28.1,0,HOLD_NEUTRAL
2020-01-10,2905.9,3831.9,26.76,13.19,89.69,121.24,52.6,440.52,3110.8,6.8242,72.69,48.41,9.91,357.3,11.16,3,4,0,0,4,1,1,0.1712,0.9852,4023.8,2979.1,14.33,28.84,3824.7,2941.5,13.89,26.42,3963.5,3028.8,13.62,28.96,3990.1,3062.2,13.91,27.75,3821.6,2854.7,13.69,28.14,3668.9,2810.9,12.55,26.49,3900.26,74.58,13.68,3903.06,84.65,13.57,3829.85,106.62,13.55,3557.99,340.81,13.18,-0.0396,0.0027,-0.0518,0.0334,0.0234,1.3187,4069.1,4074.8,3995.9,3848.4,13.6,28.77,1,CHARTER_NOW
2020-01-13,3074.6,4069.1,28.57,13.96,88.26,136.89,54.36,461.34,3161.2,6.7583,72.47,48.64,10.28,357.4,11.25,5,5,0,0,0,1,1,0.2218,0.9751,3831.9,2905.9,13.19,26.76,4023.8,2979.1,14.33,28.84,3824.7,2941.5,13.89,26.42,3844.5,2990.2,13.62,29.04,3948.7,3041.2,14.01,29.05,3640.4,2847.8,12.96,26.81,3932.34,92.71,13.73,3911.66,95.12,13.57,3844.14,109.05,13.58,3576.98,336.94,13.2,0.0584,0.0305,0.025,0.033,0.0217,1.3235,3956.3,4111.4,4021.9,1927.5,13.98,28.56,0,HOLD_NEUTRAL
2020-01-14,3064.5,3956.3,28.03,13.84,84.15,136.05,55.37,462.5,3126.5,6.8155,72.53,48.68,9.94,357.5,11.61,4,4,0,0,1,1,1,0.2385,0.9711,4069.1,3074.6,13.96,28.57,3831.9,2905.9,13.19,26.76,4023.8,2979.1,14.33,28.84,3890.3,3030.8,13.76,28.04,3858.7,2950.3,13.28,28.25,3753.1,2904.4,13.07,27.87,3941.77,91.06,13.74,3918.64,94.51,13.61,3850.91,109.51,13.6,3594.36,328.92,13.23,0.017,0.0253,0.0058,0.0334,0.0213,1.291,4026.4,4001.5,3969.3,1918.2,13.97,27.31,0,HOLD_NEUTRAL
2020-01-15,3026.3,4026.4,29.01,14.04,84.56,135.86,57.71,474.68,3077.0,6.8589,72.5,49.37,10.14,357.5,11.08,5,4,0,0,2,1,1,0.2552,0.9669,3956.3,3064.5,13.84,28.03,4069.1,3074.6,13.96,28.57,3831.9,2905.9,13.19,26.76,3923.1,3091.5,13.33,28.24,3779.4,2929.1,13.3,28.71,3784.3,2978.6,13.77,28.12,3956.53,95.78,13.84,3936.28,89.44,13.66,3858.98,113.29,13.61,3613.49,319.84,13.26,0.0263,0.0654,0.0533,0.0338,0.021,1.3305,4037.7,4093.5,3863.2,1917.7,14.42,28.07,0,HOLD_NEUTRAL
2020-01-16,3104.0,4037.7,28.49,13.69,91.23,130.38,52.51,449.09,3104.0,6.8469,72.79,48.84,10.09,357.5,11.22,4,5,0,0,3,1,1,0.2718,0.9624,4026.4,3026.3,14.04,29.01,3956.3,3064.5,13.84,28.03,4069.1,3074.6,13.96,28.57,3963.5,3028.8,13.62,28.96,4066.8,3086.0,13.29,28.29,3641.5,2831.6,13.35,27.28,3967.13,100.66,13.85,3934.2,86.46,13.69,3872.19,110.11,13.63,3632.64,309.95,13.28,0.0187,-0.0072,0.0051,0.0328,0.0226,1.3008,3984.7,4171.8,3841.2,1774.4,14.42,28.71,0,HOLD_NEUTRAL
2020-01-17,3030.1,3984.7,28.92,14.08,89.69,141.72,57.17,436.34,3124.5,6.8159,72.85,49.22,9.67,357.6,11.59,5,4,0,0,4,1,1,0.2883,0.9575,4037.7,3104.0,13.69,28.49,4026.4,3026.3,14.04,29.01,3956.3,3064.5,13.84,28.03,3824.7,2941.5,13.89,26.42,3841.8,2967.3,13.56,27.21,3813.5,3013.1,13.74,28.13,3989.99,78.7,13.88,3944.41,83.08,13.72,3877.9,111.39,13.64,3648.27,303.49,13.31,0.0418,0.0372,0.0137,0.031,0.0225,1.315,4039.8,4118.5,3854.6,1850.1,13.87,29.44,0,HOLD_NEUTRAL
2020-01-20,3056.6,4039.8,28.1,13.2,86.95,127.36,55.08,462.71,3190.9,6.8356,72.78,49.8,9.9,357.7,11.44,5,4,1,0,0,1,1,0.3373,0.9414,3984.7,3030.1,14.08,28.92,4037.7,3104.0,13.69,28.49,4026.4,3026.3,14.04,29.01,4023.8,2979.1,14.33,28.84,3855.6,2906.8,12.89,27.78,3837.5,2963.0,13.47,27.71,3992.27,80.06,13.71,3957.56,82.52,13.75,3884.64,114.93,13.63,3666.42,293.47,13.31,0.004,0.0478,-0.0789,0.0351,0.0215,1.3217,4074.8,4136.4,3610.2,1648.1,14.53,29.23,0,HOLD_NEUTRAL
2020-01-21,3100.3,4074.8,28.77,13.6,85.7,137.97,53.29,434.5,3175.7,6.8023,72.62,49.03,10.36,357.7,11.37,6,4,1,0,1,1,1,0.3534,0.9355,4039.8,3056.6,13.2,28.1,3984.7,3030.1,14.08,28.92,4037.7,3104.0,13.69,28.49,3831.9,2905.9,13.19,26.76,3990.1,3062.2,13.91,27.75,3925.3,3045.3,13.55,28.38,4026.97,43.06,13.77,3963.61,88.01,13.72,3889.62,119.89,13.63,3682.6,288.66,13.33,0.0634,0.0212,0.0311,0.0319,0.021,1.3143,4111.4,3995.9,3765.0,1677.9,13.64,27.76,0,HOLD_NEUTRAL
2020-01-22,3091.8,4111.4,28.56,13.98,80.51,130.34,55.87,437.97,3202.1,6.8347,72.69,50.21,9.84,357.7,11.2,5,4,1,0,2,1,1,0.3695,0.9292,4074.8,3100.3,13.6,28.77,4039.8,3056.6,13.2,28.1,3984.7,3030.1,14.08,28.92,4069.1,3074.6,13.96,28.57,3844.5,2990.2,13.62,29.04,3756.3,2867.8,13.32,28.58,4033.01,52.0,13.78,3982.68,89.12,13.75,3901.46,123.74,13.65,3698.96,284.58,13.35,0.0104,0.0694,0.0014,0.0313,0.0196,1.3298,4001.5,4021.9,3694.7,1656.6,14.34,28.67,0,HOLD_NEUTRAL
2020-01-23,3019.5,4001.5,27.31,13.97,83.53,125.88,55.39,462.79,3204.3,6.9229,72.88,48.4,9.81,357.8,11.34,4,4,1,0,3,1,1,0.3854,0.9227,4111.4,3091.8,13.98,28.56,4074.8,3100.3,13.6,28.77,4039.8,3056.6,13.2,28.1,3956.3,3064.5,13.84,28.03,3890.3,3030.8,13.76,28.04,3735.6,2871.5,13.27,27.8,4039.47,42.89,13.79,3990.62,85.12,13.77,3910.32,120.94,13.67,3713.86,276.38,13.38,0.0114,0.0286,0.0094,0.0331,0.0209,1.3252,4093.5,3969.3,3879.2,1594.6,14.3,29.43,0,HOLD_NEUTRAL
2020-01-24,3014.6,4093.5,28.07,14.42,93.03,134.71,53.94,463.29,3128.9,6.8906,72.9,48.95,9.98,357.8,11.22,4,3,1,0,4,1,1,0.4012,0.916,4001.5,3019.5,13.97,27.31,4111.4,3091.8,13.98,28.56,4074.8,3100.3,13.6,28.77,4026.4,3026.3,14.04,29.01,3923.1,3091.5,13.33,28.24,3731.9,2913.9,13.72,28.08,4049.06,46.8,13.85,4002.79,86.89,13.84,3922.38,120.56,13.7,3730.67,268.03,13.41,0.0167,0.0434,0.0271,0.0321,0.0227,1.3579,4171.8,3863.2,3865.3,1474.6,14.14,28.21,-1,WAIT
2020-01-27,3137.5,4171.8,28.71,14.42,82.7,133.16,55.14,453.31,3144.5,6.8375,72.01,48.72,9.86,357.9,11.15,5,5,1,0,0,1,1,0.4479,0.8941,4093.5,3014.6,14.42,28.07,4001.5,3019.5,13.97,27.31,4111.4,3091.8,13.98,28.56,4037.7,3104.0,13.69,28.49,3963.5,3028.8,13.62,28.96,3873.5,3039.7,13.81,28.29,4068.21,65.21,13.95,4017.67,96.9,13.9,3932.32,128.44,13.72,3747.84,262.59,13.43,0.0332,0.0526,0.0533,0.0314,0.0198,1.3297,4118.5,3841.2,3839.9,1625.7,13.3,27.12,-1,WAIT
2020-01-28,3091.8,4118.5,29.44,13.87,87.37,132.59,54.32,460.78,3137.8,6.8409,72.62,49.52,9.79,357.9,11.1,4,4,1,0,1,1,1,0.4633,0.8862,4171.8,3137.5,14.42,28.71,4093.5,3014.6,14.42,28.07,4001.5,3019.5,13.97,27.31,3984.7,3030.1,14.08,28.92,3824.7,2941.5,13.89,26.42,3718.3,2896.2,13.63,26.63,4087.33,55.54,13.92,4038.66,82.66,13.9,3945.66,126.2,13.73,3763.75,255.44,13.46,0.0336,0.0768,-0.0149,0.0332,0.0212,1.3321,4136.4,3854.6,4013.1,1626.8,13.39,28.09,-1,WAIT
2020-01-29,3101.5,4136.4,29.23,14.53,89.95,130.35,55.21,474.77,3129.8,6.807,72.64,47.76,9.86,358.0,11.47,3,5,1,0,2,1,1,0.4784,0.8781,4118.5,3091.8,13.87,29.44,4171.8,3137.5,14.42,28.71,4093.5,3014.6,14.42,28.07,4039.8,3056.6,13.2,28.1,4023.8,2979.1,14.33,28.84,3663.7,2820.6,13.4,26.48,4101.13,53.73,14.11,4046.7,86.49,13.91,3961.42,119.1,13.76,3777.81,252.27,13.48,0.0239,0.028,0.1008,0.0327,0.0217,1.3337,3995.9,3610.2,3946.7,1601.5,12.63,27.53,-1,WAIT
2020-01-30,3058.2,3995.9,27.76,13.64,82.67,129.28,56.19,477.9,3090.0,6.8125,72.87,48.18,10.24,358.0,11.3,6,4,1,0,3,1,1,0.4935,0.8698,4136.4,3101.5,14.53,29.23,4118.5,3091.8,13.87,29.44,4171.8,3137.5,14.42,28.71,4074.8,3100.3,13.6,28.77,3831.9,2905.9,13.19,26.76,3751.7,2950.0,13.92,28.2,4089.86,66.85,14.12,4058.41,63.11,13.95,3969.56,112.43,13.75,3793.33,235.77,13.49,-0.0194,0.0428,0.0029,0.035,0.0207,1.3066,4021.9,3765.0,3933.1,1531.3,13.69,27.56,-1,WAIT
2020-01-31,3086.9,4021.9,28.67,14.34,87.24,147.3,57.86,493.1,3155.1,6.8477,72.7,48.9,9.93,358.0,11.37,5,4,1,0,4,1,1,0.5084,0.8611,3995.9,3058.2,13.64,27.76,4136.4,3101.5,14.53,29.23,4118.5,3091.8,13.87,29.44,4111.4,3091.8,13.98,28.56,4069.1,3074.6,13.96,28.57,3804.4,2805.2,13.73,27.95,4077.07,70.5,14.17,4055.04,63.75,13.97,3976.81,108.35,13.78,3806.32,226.16,13.52,-0.0218,-0.0116,0.0258,0.0344,0.0217,1.3029,3969.3,3694.7,3825.0,1559.9,12.86,27.55,-1,WAIT
2020-02-03,3031.9,3969.3,29.43,14.3,89.53,138.1,52.77,447.75,3114.1,6.8217,72.91,49.8,9.7,358.1,11.33,5,4,1,0,0,2,1,0.5521,0.8338,4021.9,3086.9,14.34,28.67,3995.9,3058.2,13.64,27.76,4136.4,3101.5,14.53,29.23,4001.5,3019.5,13.97,27.31,3956.3,3064.5,13.84,28.03,3821.6,2854.7,13.69,28.14,4072.47,77.01,14.22,4055.97,62.28,14.01,3981.73,104.33,13.8,3818.42,214.66,13.54,-0.008,0.0033,0.0236,0.0313,0.0226,1.3092,3863.2,3879.2,3848.4,1627.8,13.29,27.68,0,HOLD_NEUTRAL
2020-02-04,3002.2,3863.2,28.21,14.14,86.53,134.46,58.84,481.02,3159.1,6.8648,72.47,49.06,9.66,358.1,11.38,4,4,1,0,1,2,1,0.5664,0.8242,3969.3,3031.9,14.3,29.43,4021.9,3086.9,14.34,28.67,3995.9,3058.2,13.64,27.76,4093.5,3014.6,14.42,28.07,4026.4,3026.3,14.04,29.01,3948.7,3041.2,14.01,29.05,4039.57,109.05,14.18,4044.31,80.77,14.01,3978.88,106.41,13.8,3825.46,208.93,13.57,-0.0563,-0.0405,-0.0194,0.034,0.0224,1.2868,3841.2,3865.3,1927.5,1424.7,13.14,28.34,0,HOLD_NEUTRAL
2020-02-05,2967.1,3841.2,27.12,13.3,95.63,129.71,51.49,410.91,3235.4,6.885,72.81,48.17,10.41,358.2,11.24,5,4,1,0,2,2,1,0.5805,0.8143,3863.2,3002.2,14.14,28.21,3969.3,3031.9,14.3,29.43,4021.9,3086.9,14.34,28.67,4171.8,3137.5,14.42,28.71,4037.7,3104.0,13.69,28.49,3858.7,2950.3,13.28,28.25,3992.34,113.73,14.02,4030.28,97.38,13.99,3978.3,107.14,13.8,3834.92,195.96,13.58,-0.0792,-0.0487,-0.0777,0.0309,0.0249,1.2946,3854.6,3839.9,1918.2,1447.6,13.32,27.82,0,HOLD_NEUTRAL
2020-02-06,2932.2,3854.6,28.09,13.39,81.07,136.25,54.73,449.24,3144.7,6.8481,72.98,48.25,9.93,358.2,11.19,4,4,1,0,3,2,1,0.5944,0.8042,3841.2,2967.1,13.3,27.12,3863.2,3002.2,14.14,28.21,3969.3,3031.9,14.3,29.43,4118.5,3091.8,13.87,29.44,3984.7,3030.1,14.08,28.92,3779.4,2929.1,13.3,28.71,3954.64,108.56,13.95,4020.99,107.72,13.94,3980.8,103.13,13.8,3842.8,186.71,13.59,-0.0641,-0.0326,-0.0346,0.0336,0.021,1.3146,3610.2,4013.1,1917.7,1582.1,13.95,28.96,1,CHARTER_NOW
2020-02-07,2767.4,3610.2,27.53,12.63,89.76,132.42,56.07,451.17,3170.5,6.8414,72.39,49.81,10.06,358.2,11.12,5,4,1,0,4,2,1,0.6081,0.7938,3854.6,2932.2,13.39,28.09,3841.2,2967.1,13.3,27.12,3863.2,3002.2,14.14,28.21,4136.4,3101.5,14.53,29.23,4039.8,3056.6,13.2,28.1,4066.8,3086.0,13.29,28.29,3879.47,139.5,13.68,3990.3,153.44,13.9,3965.58,121.97,13.78,3844.02,184.91,13.58,-0.1272,-0.1063,-0.1308,0.0357,0.0249,1.3045,3765.0,3946.7,1774.4,1423.5,13.76,27.59,1,CHARTER_NOW
2020-02-10,2905.2,3765.0,27.56,13.69,85.7,128.56,55.52,483.62,3198.9,6.7886,73.41,48.54,9.82,358.3,10.99,4,4,1,0,0,2,1,0.6483,0.7614,3610.2,2767.4,12.63,27.53,3854.6,2932.2,13.39,28.09,3841.2,2967.1,13.3,27.12,3995.9,3058.2,13.64,27.76,4074.8,3100.3,13.6,28.77,3841.8,2967.3,13.56,27.21,3846.49,134.6,13.68,3968.17,162.39,13.9,3963.02,125.42,13.79,3850.81,173.9,13.6,-0.0578,-0.076,0.0037,0.0353,0.0228,1.296,3694.7,3933.1,1850.1,1368.1,13.41,27.48,1,CHARTER_NOW
2020-02-11,2873.3,3694.7,27.55,12.86,88.68,125.92,53.91,444.45,3178.1,6.8616,73.09,48.35,10.04,358.4,11.05,6,4,1,0,1,2,1,0.6613,0.7502,3765.0,2905.2,13.69,27.56,3610.2,2767.4,12.63,27.53,3854.6,2932.2,13.39,28.09,4021.9,3086.9,14.34,28.67,4111.4,3091.8,13.98,28.56,3855.6,2906.8,12.89,27.78,3799.74,119.49,13.47,3938.41,172.02,13.82,3957.66,133.36,13.78,3854.19,168.7,13.59,-0.0814,-0.1014,-0.1032,0.0346,0.024,1.2859,3879.2,3825.0,1648.1,1317.7,13.89,28.38,0,HOLD_NEUTRAL
2020-02-12,3032.6,3879.2,27.68,13.29,87.59,127.42,54.66,453.18,3179.7,6.8051,72.79,49.67,10.27,358.4,11.2,4,3,1,0,2,2,1,0.6741,0.7387,3694.7,2873.3,12.86,27.55,3765.0,2905.2,13.69,27.56,3610.2,2767.4,12.63,27.53,3969.3,3031.9,14.3,29.43,4001.5,3019.5,13.97,27.31,3990.1,3062.2,13.91,27.75,3786.87,101.72,13.33,3929.67,171.68,13.77,3953.96,133.96,13.76,3861.54,159.64,13.6,-0.0227,-0.0306,-0.0706,0.0341,0.0226,1.2792,3865.3,3848.4,1677.9,1364.2,13.39,27.64,0,HOLD_NEUTRAL
2020-02-13,3013.4,3865.3,28.34,13.14,83.79,104.08,54.16,454.9,3157.9,6.8271,72.59,49.4,9.85,358.4,10.95,5,4,1,0,3,2,1,0.6867,0.727,3879.2,3032.6,13.29,27.68,3694.7,2873.3,12.86,27.55,3765.0,2905.2,13.69,27.56,3863.2,3002.2,14.14,28.21,4093.5,3014.6,14.42,28.07,3844.5,2990.2,13.62,29.04,3787.17,101.98,13.19,3913.37,165.65,13.68,3954.66,133.43,13.75,3867.41,152.94,13.6,0.0005,-0.0557,-0.0707,0.0346,0.0217,1.2827,3839.9,1927.5,1656.6,1120.4,9.41,20.16,-1,WAIT
2020-02-14,2910.4,3839.9,27.82,13.32,86.83,129.28,54.0,447.71,3163.6,6.8686,72.76,49.53,10.08,358.5,10.99,5,5,1,0,4,2,1,0.6991,0.715,3865.3,3013.4,13.14,28.34,3879.2,3032.6,13.29,27.68,3694.7,2873.3,12.86,27.55,3841.2,2967.1,13.3,27.12,4171.8,3137.5,14.42,28.71,3890.3,3030.8,13.76,28.04,3786.99,101.87,13.19,3889.66,148.7,13.6,3952.98,134.58,13.73,3872.33,147.02,13.6,-0.0003,-0.0796,0.0015,0.0336,0.0226,1.3194,4013.1,1918.2,1594.6,1157.9,9.75,19.74,-1,WAIT
2020-02-17,3043.3,4013.1,28.96,13.95,80.03,123.87,56.6,485.24,3141.6,6.8714,72.85,48.29,9.71,358.6,11.46,4,5,0,0,0,2,1,0.735,0.678,3839.9,2910.4,13.32,27.82,3865.3,3013.4,13.14,28.34,3879.2,3032.6,13.29,27.68,3854.6,2932.2,13.39,28.09,4118.5,3091.8,13.87,29.44,3923.1,3091.5,13.33,28.24,3809.63,132.43,13.27,3882.14,138.55,13.61,3955.98,134.9,13.75,3879.82,142.41,13.62,0.0411,-0.0256,0.0418,0.0348,0.0199,1.3187,3946.7,1917.7,1474.6,1216.6,10.35,20.52,-1,WAIT
2020-02-18,3039.4,3946.7,27.59,13.76,87.87,139.32,55.73,451.49,3206.0,6.8267,72.95,47.97,10.4,358.6,11.3,5,4,0,0,1,2,1,0.7466,0.6653,4013.1,3043.3,13.95,28.96,3839.9,2910.4,13.32,27.82,3865.3,3013.4,13.14,28.34,3610.2,2767.4,12.63,27.53,4136.4,3101.5,14.53,29.23,3963.5,3028.8,13.62,28.96,3857.7,106.51,13.43,3868.59,119.77,13.55,3955.42,134.9,13.76,3882.01,142.41,13.63,0.0932,-0.0459,0.0895,0.0328,0.0223,1.2985,3933.1,1774.4,1625.7,1228.9,9.57,19.1,-1,WAIT
2020-02-19,3050.6,3933.1,27.48,13.41,86.86,127.36,53.86,448.56,3116.5,6.8287,73.22,48.87,10.05,358.6,11.16,5,4,0,0,2,2,1,0.7579,0.6523,3946.7,3039.4,13.76,27.59,4013.1,3043.3,13.95,28.96,3839.9,2910.4,13.32,27.82,3765.0,2905.2,13.69,27.56,3995.9,3058.2,13.64,27.76,3824.7,2941.5,13.89,26.42,3881.71,100.93,13.39,3864.1,115.75,13.54,3959.03,132.71,13.74,3885.89,140.53,13.61,0.0446,-0.0157,-0.0205,0.0334,0.0221,1.2893,3825.0,1850.1,1626.8,1168.6,9.44,19.64,-1,WAIT
2020-02-20,2975.0,3825.0,28.38,13.89,87.91,118.14,56.74,456.93,3212.6,6.8202,72.73,48.97,9.92,358.7,11.7,6,3,0,0,3,2,1,0.769,0.6392,3933.1,3050.6,13.41,27.48,3946.7,3039.4,13.76,27.59,4013.1,3043.3,13.95,28.96,3694.7,2873.3,12.86,27.55,4021.9,3086.9,14.34,28.67,4023.8,2979.1,14.33,28.84,3900.33,67.01,13.54,3850.04,106.71,13.5,3952.4,134.32,13.73,3888.41,138.0,13.63,0.0353,-0.049,0.0801,0.0329,0.023,1.2857,3848.4,1648.1,1601.5,1023.9,8.74,19.61,-1,WAIT
2020-02-21,2939.8,3848.4,27.64,13.39,89.21,126.52,55.69,442.88,3130.7,6.8055,73.0,48.97,9.94,358.7,10.91,5,5,0,0,4,2,1,0.7799,0.6259,3825.0,2975.0,13.89,28.38,3933.1,3050.6,13.41,27.48,3946.7,3039.4,13.76,27.59,3879.2,3032.6,13.29,27.68,3969.3,3031.9,14.3,29.43,3831.9,2905.9,13.19,26.76,3895.93,69.59,13.55,3841.4,101.06,13.44,3952.95,133.84,13.73,3891.4,135.07,13.64,-0.0079,-0.0305,0.0075,0.0331,0.0232,1.3091,1927.5,1677.9,1531.3,1143.0,9.24,19.95,-1,WAIT
2020-02-24,1650.9,1927.5,20.16,9.41,86.88,118.89,26.5,280.0,3216.9,6.823,72.55,49.58,9.9,358.8,11.43,4,3,0,0,0,2,1,0.8112,0.5848,3848.4,2939.8,13.39,27.64,3825.0,2975.0,13.89,28.38,3933.1,3050.6,13.41,27.48,3865.3,3013.4,13.14,28.34,3863.2,3002.2,14.14,28.21,4069.1,3074.6,13.96,28.57,3619.1,749.04,13.02,3703.14,520.92,13.1,3881.57,391.97,13.58,3862.85,285.87,13.58,-0.5013,-0.5011,-0.2839,0.0298,0.0451,1.1675,1918.2,1656.6,1559.9,1017.8,9.37,18.78,-1,WAIT
2020-02-25,1657.7,1918.2,19.74,9.75,86.14,130.13,26.33,280.0,3172.0,6.7939,72.78,47.8,9.92,358.8,11.21,4,3,0,0,1,2,1,0.8211,0.5708,1927.5,1650.9,9.41,20.16,3848.4,2939.8,13.39,27.64,3825.0,2975.0,13.89,28.38,3839.9,2910.4,13.32,27.82,3841.2,2967.1,13.3,27.12,3956.3,3064.5,13.84,28.03,3344.57,973.24,12.51,3565.78,703.31,12.85,3813.63,530.66,13.45,3832.27,380.34,13.53,-0.5005,-0.5006,-0.268,0.0287,0.0449,1.1571,1917.7,1594.6,1627.8,896.0,9.06,20.2,-1,WAIT
2020-02-26,1721.0,1917.7,20.52,10.35,82.81,128.61,23.87,280.0,3142.4,6.863,72.98,49.22,9.52,358.9,11.39,5,3,0,0,2,2,1,0.8308,0.5566,1918.2,1657.7,9.75,19.74,1927.5,1650.9,9.41,20.16,3848.4,2939.8,13.39,27.64,4013.1,3043.3,13.95,28.96,3854.6,2932.2,13.39,28.09,4026.4,3026.3,14.04,29.01,3045.23,1052.37,11.99,3427.43,822.53,12.63,3743.34,631.57,13.32,3801.16,453.61,13.47,-0.5221,-0.5025,-0.2581,0.0271,0.0432,1.1143,1774.4,1474.6,1424.7,1007.3,8.43,18.76,-1,WAIT
2020-02-27,1632.7,1774.4,19.1,9.57,83.31,133.46,24.52,280.0,3207.0,6.8545,73.07,48.13,9.99,358.9,11.25,5,3,0,0,3,2,1,0.8402,0.5422,1917.7,1721.0,10.35,20.52,1918.2,1657.7,9.75,19.74,1927.5,1650.9,9.41,20.16,3946.7,3039.4,13.76,27.59,3610.2,2767.4,12.63,27.53,4037.7,3104.0,13.69,28.49,2734.9,1062.48,11.4,3296.3,930.41,12.41,3667.9,723.66,13.19,3770.04,523.42,13.41,-0.5504,-0.5085,-0.3045,0.0293,0.047,1.0868,1850.1,1625.7,1447.6,1136.9,8.94,18.35,-1,WAIT
2020-02-28,1609.1,1850.1,19.64,9.44,89.35,120.19,27.04,280.0,3220.4,6.8597,72.72,49.2,9.99,358.9,10.85,5,3,0,0,4,2,1,0.8495,0.5277,1774.4,1632.7,9.57,19.1,1917.7,1721.0,10.35,20.52,1918.2,1657.7,9.75,19.74,3933.1,3050.6,13.41,27.48,3765.0,2905.2,13.69,27.56,3984.7,3030.1,14.08,28.92,2437.33,957.47,10.83,3159.52,994.74,12.11,3596.74,793.05,13.03,3737.32,579.08,13.33,-0.5296,-0.5086,-0.296,0.0297,0.0483,1.1498,1648.1,1626.8,1582.1,1011.0,9.75,19.27,-1,WAIT
2020-03-02,1537.0,1648.1,19.61,8.74,90.03,126.23,27.28,280.0,3176.0,6.8149,72.81,48.46,10.12,359.0,11.23,5,3,0,0,0,3,1,0.8755,0.4831,1850.1,1609.1,9.44,19.64,1774.4,1632.7,9.57,19.1,1917.7,1721.0,10.35,20.52,3825.0,2975.0,13.89,28.38,3694.7,2873.3,12.86,27.55,4039.8,3056.6,13.2,28.1,2126.34,766.02,10.09,3013.34,1058.38,11.82,3517.02,864.01,12.88,3700.83,638.58,13.26,-0.5691,-0.5539,-0.3708,0.032,0.0546,1.0723,1677.9,1601.5,1423.5,1008.4,9.7,18.7,0,HOLD_NEUTRAL
2020-03-03,1585.4,1677.9,19.95,9.24,84.63,115.58,26.31,280.0,3217.7,6.8079,73.3,48.26,9.92,359.1,11.28,4,2,0,0,1,3,1,0.8837,0.468,1648.1,1537.0,8.74,19.61,1850.1,1609.1,9.44,19.64,1774.4,1632.7,9.57,19.1,3848.4,2939.8,13.39,27.64,3879.2,3032.6,13.29,27.68,4074.8,3100.3,13.6,28.77,1816.27,117.88,9.5,2856.1,1083.08,11.53,3437.12,919.69,12.74,3663.37,689.1,13.18,-0.564,-0.5675,-0.3099,0.0303,0.0504,1.0583,1656.6,1531.3,1368.1,1124.2,8.9,19.21,-1,WAIT
2020-03-04,1482.6,1656.6,18.78,9.37,85.5,130.94,26.72,280.0,3113.6,6.8456,73.23,48.36,9.87,359.1,10.77,5,3,0,0,2,3,1,0.8916,0.4527,1677.9,1585.4,9.24,19.95,1648.1,1537.0,8.74,19.61,1850.1,1609.1,9.44,19.64,1927.5,1650.9,9.41,20.16,3865.3,3013.4,13.14,28.34,4111.4,3091.8,13.98,28.56,1777.57,119.73,9.49,2698.34,1085.63,11.26,3355.3,965.68,12.58,3628.38,736.02,13.12,-0.1405,-0.5714,-0.0043,0.0299,0.0516,1.1174,1594.6,1559.9,1317.7,940.8,9.38,18.79,-1,WAIT
2020-03-05,1555.8,1594.6,20.2,9.06,82.42,129.42,28.98,280.0,3148.5,6.8462,73.0,47.9,10.02,359.1,11.59,4,2,0,0,3,3,1,0.8993,0.4373,1656.6,1482.6,9.37,18.78,1677.9,1585.4,9.24,19.95,1648.1,1537.0,8.74,19.61,1918.2,1657.7,9.75,19.74,3839.9,2910.4,13.32,27.82,4001.5,3019.5,13.97,27.31,1731.34,118.85,9.4,2537.96,1069.75,10.95,3275.07,1009.15,12.42,3592.7,781.25,13.05,-0.1687,-0.5847,-0.0708,0.0309,0.0517,1.0249,1474.6,1627.8,1364.2,862.1,8.86,19.14,0,HOLD_NEUTRAL
2020-03-06,1404.9,1474.6,18.76,8.43,89.03,129.1,25.78,280.0,3241.1,6.84,72.39,48.71,9.7,359.2,11.26,3,4,0,0,4,3,1,0.9067,0.4218,1594.6,1555.8,9.06,20.2,1656.6,1482.6,9.37,18.78,1677.9,1585.4,9.24,19.95,1917.7,1721.0,10.35,20.52,4013.1,3043.3,13.95,28.96,4093.5,3014.6,14.42,28.07,1668.04,121.03,9.12,2356.64,1014.17,10.56,3187.77,1048.42,12.22,3555.07,827.42,12.96,-0.2311,-0.6326,-0.1855,0.0332,0.0604,1.0496,1625.7,1424.7,1120.4,875.2,9.49,17.9,0,HOLD_NEUTRAL
2020-03-09,1583.3,1625.7,18.35,8.94,87.29,125.25,28.32,280.0,3191.5,6.8364,73.6,48.25,10.06,359.3,11.33,4,3,0,0,0,3,1,0.9272,0.3745,1474.6,1404.9,8.43,18.76,1594.6,1555.8,9.06,20.2,1656.6,1482.6,9.37,18.78,1774.4,1632.7,9.57,19.1,3946.7,3039.4,13.76,27.59,4171.8,3137.5,14.42,28.71,1646.8,111.97,9.03,2190.85,919.54,10.21,3102.9,1068.87,12.04,3517.61,862.88,12.88,-0.0838,-0.5881,-0.0658,0.0313,0.0537,1.0268,1626.8,1447.6,1157.9,969.2,9.09,19.16,-1,WAIT
2020-03-10,1494.5,1626.8,19.27,9.75,91.33,128.21,27.14,280.0,3135.3,6.8967,72.97,49.1,9.66,359.3,10.96,4,2,0,0,1,3,1,0.9335,0.3585,1625.7,1583.3,8.94,18.35,1474.6,1404.9,8.43,18.76,1594.6,1555.8,9.06,20.2,1850.1,1609.1,9.44,19.64,3933.1,3050.6,13.41,27.48,4118.5,3091.8,13.87,29.44,1614.9,67.29,9.08,2026.11,779.3,9.95,3019.84,1083.93,11.9,3482.75,896.24,12.81,-0.1207,-0.5864,0.0328,0.0287,0.0561,1.0885,1601.5,1582.1,1216.6,931.3,9.55,18.22,0,HOLD_NEUTRAL
2020-03-11,1453.6,1601.5,18.7,9.7,82.27,136.99,27.27,280.0,3177.2,6.8583,72.91,49.02,10.26,359.3,11.32,3,3,0,0,2,3,1,0.9396,0.3424,1626.8,1494.5,9.75,19.27,1625.7,1583.3,8.94,18.35,1474.6,1404.9,8.43,18.76,1648.1,1537.0,8.74,19.61,3825.0,2975.0,13.89,28.38,4136.4,3101.5,14.53,29.23,1608.24,65.74,9.21,1867.29,587.45,9.65,2935.35,1092.66,11.74,3448.38,928.15,12.75,-0.0283,-0.5813,0.1098,0.0289,0.0514,1.1017,1531.3,1423.5,1228.9,1132.1,8.34,17.68,-1,WAIT
2020-03-12,1437.1,1531.3,19.21,8.9,83.83,122.68,29.81,298.76,3170.5,6.9049,72.86,49.59,10.17,359.4,11.4,4,3,0,0,3,3,1,0.9453,0.3261,1601.5,1453.6,9.7,18.7,1626.8,1494.5,9.75,19.27,1625.7,1583.3,8.94,18.35,1677.9,1585.4,9.24,19.95,3848.4,2939.8,13.39,27.64,3995.9,3058.2,13.64,27.76,1587.3,63.15,9.16,1701.79,149.56,9.33,2853.19,1102.77,11.58,3411.38,959.59,12.67,-0.0874,-0.6021,-0.0368,0.0336,0.0547,1.0655,1559.9,1368.1,1168.6,1055.2,9.11,18.48,-1,WAIT
2020-03-13,1473.6,1559.9,18.79,9.38,85.74,125.72,29.48,280.0,3198.1,6.8841,73.09,48.85,9.85,359.4,11.23,6,4,0,0,4,3,1,0.9508,0.3098,1531.3,1437.1,8.9,19.21,1601.5,1453.6,9.7,18.7,1626.8,1494.5,9.75,19.27,1656.6,1482.6,9.37,18.78,1927.5,1650.9,9.41,20.16,4021.9,3086.9,14.34,28.67,1573.49,55.59,9.17,1675.53,138.77,9.33,2771.13,1104.41,11.42,3373.97,987.35,12.6,-0.0584,-0.1907,0.0011,0.0299,0.055,1.0586,1627.8,1317.7,1023.9,990.9,8.78,19.11,-1,WAIT
2020-03-16,1502.3,1627.8,19.14,8.86,87.91,116.4,29.95,285.03,3194.4,6.8977,73.12,48.93,10.18,359.5,11.17,4,3,0,0,0,3,1,0.9655,0.2604,1559.9,1473.6,9.38,18.79,1531.3,1437.1,8.9,19.21,1601.5,1453.6,9.7,18.7,1594.6,1555.8,9.06,20.2,1918.2,1657.7,9.75,19.74,3969.3,3031.9,14.3,29.43,1578.23,59.0,9.14,1654.79,120.16,9.27,2693.08,1099.54,11.24,3337.4,1010.84,12.52,0.0208,-0.1514,-0.0221,0.0322,0.054,1.0835,1424.7,1364.2,1143.0,914.4,9.26,18.17,-1,WAIT
2020-03-17,1381.0,1424.7,17.9,9.49,85.43,117.9,31.0,288.87,3214.8,6.8146,73.26,49.41,10.07,359.5,10.99,4,3,0,0,1,3,1,0.9698,0.2437,1627.8,1502.3,8.86,19.14,1559.9,1473.6,9.38,18.79,1531.3,1437.1,8.9,19.21,1474.6,1404.9,8.43,18.76,1917.7,1721.0,10.35,20.52,3863.2,3002.2,14.14,28.21,1571.1,74.57,9.29,1619.57,108.89,9.2,2611.79,1100.19,11.08,3295.34,1037.14,12.44,-0.0338,-0.2571,0.1257,0.0304,0.06,1.0316,1447.6,1120.4,1017.8,982.1,8.89,18.03,-1,WAIT
2020-03-18,1423.2,1447.6,19.16,9.09,83.61,125.02,28.85,284.24,3207.3,6.8649,72.8,48.29,9.85,359.6,11.12,3,4,0,0,2,3,1,0.9739,0.227,1424.7,1381.0,9.49,17.9,1627.8,1502.3,8.86,19.14,1559.9,1473.6,9.38,18.79,1625.7,1583.3,8.94,18.35,1774.4,1632.7,9.57,19.1,3841.2,2967.1,13.3,27.12,1545.66,82.77,9.31,1596.23,108.18,9.17,2532.01,1094.74,10.94,3255.15,1061.37,12.37,-0.1096,-0.1842,0.0168,0.0313,0.0578,1.0171,1582.1,1157.9,896.0,804.1,8.68,18.46,-1,WAIT
2020-03-19,1484.0,1582.1,18.22,9.55,89.51,132.43,30.2,287.95,3258.4,6.8344,72.96,47.81,9.65,359.6,11.06,3,3,0,0,3,3,1,0.9777,0.2102,1447.6,1423.2,9.09,19.16,1424.7,1381.0,9.49,17.9,1627.8,1502.3,8.86,19.14,1626.8,1494.5,9.75,19.27,1850.1,1609.1,9.44,19.64,3854.6,2932.2,13.39,28.09,1539.27,76.99,9.28,1577.09,79.78,9.18,2456.26,1078.57,10.81,3218.53,1080.71,12.31,-0.0275,-0.1449,-0.0205,0.0302,0.0566,1.0661,1423.5,1216.6,1007.3,1043.9,8.63,18.64,-1,WAIT
2020-03-20,1387.8,1423.5,17.68,8.34,89.28,122.1,28.58,280.0,3226.9,6.7976,73.56,48.74,10.12,359.6,11.27,4,4,0,0,4,3,1,0.9811,0.1934,1582.1,1484.0,9.55,18.22,1447.6,1423.2,9.09,19.16,1424.7,1381.0,9.49,17.9,1601.5,1453.6,9.7,18.7,1648.1,1537.0,8.74,19.61,3610.2,2767.4,12.63,27.53,1513.84,82.23,9.09,1561.04,86.69,9.15,2383.37,1071.76,10.67,3174.48,1099.26,12.22,-0.1111,-0.1363,-0.1402,0.0336,0.0627,1.0257,1368.1,1228.9,1136.9,888.0,8.93,17.59,-1,WAIT
2020-03-23,1270.1,1368.1,18.48,9.11,84.9,122.13,30.22,281.65,3231.5,6.8931,73.12,47.84,9.9,359.7,10.98,5,4,0,0,0,3,1,0.9898,0.1425,1423.5,1387.8,8.34,17.68,1582.1,1484.0,9.55,18.22,1447.6,1423.2,9.09,19.16,1531.3,1437.1,8.9,19.21,1677.9,1585.4,9.24,19.95,3765.0,2905.2,13.69,27.56,1490.53,98.06,9.12,1538.91,93.81,9.14,2303.47,1054.41,10.52,3133.25,1120.0,12.15,-0.1066,-0.1846,0.0236,0.0309,0.0621,1.0772,1317.7,1168.6,1011.0,934.2,8.54,16.89,-1,WAIT
2020-03-24,1342.9,1317.7,19.11,8.78,92.45,120.72,29.56,280.0,3257.4,6.8396,73.03,49.97,10.28,359.8,11.26,4,3,0,0,1,3,1,0.9921,0.1255,1368.1,1270.1,9.11,18.48,1423.5,1387.8,8.34,17.68,1582.1,1484.0,9.55,18.22,1559.9,1473.6,9.38,18.79,1656.6,1482.6,9.37,18.78,3694.7,2873.3,12.86,27.55,1455.93,111.34,9.03,1514.71,104.25,9.1,2224.24,1035.4,10.38,3090.95,1140.0,12.08,-0.1553,-0.2046,-0.064,0.0319,0.0702,0.9812,1364.2,1023.9,1008.4,999.2,8.08,15.77,-1,WAIT
2020-03-25,1348.6,1364.2,18.17,9.26,92.14,119.64,30.14,297.85,3204.1,6.817,72.85,49.42,10.07,359.8,10.98,4,4,0,0,2,3,1,0.9941,0.1084,1317.7,1342.9,8.78,19.11,1368.1,1270.1,9.11,18.48,1423.5,1387.8,8.34,17.68,1627.8,1502.3,8.86,19.14,1594.6,1555.8,9.06,20.2,3879.2,3032.6,13.29,27.68,1418.27,84.97,9.09,1498.25,108.76,9.11,2140.4,997.92,10.25,3047.18,1155.2,12.0,-0.1619,-0.1445,0.0451,0.0322,0.0675,1.0116,1120.4,1143.0,1124.2,1003.3,8.23,17.4,-1,WAIT
2020-03-26,1277.6,1120.4,18.03,8.89,89.11,125.74,31.2,292.41,3174.7,6.8364,73.22,49.8,9.92,359.8,11.09,4,2,0,0,3,3,1,0.9958,0.0913,1364.2,1348.6,9.26,18.17,1317.7,1342.9,8.78,19.11,1368.1,1270.1,9.11,18.48,1424.7,1381.0,9.49,17.9,1474.6,1404.9,8.43,18.76,3865.3,3013.4,13.14,28.34,1374.8,140.7,9.0,1472.95,148.59,9.15,2048.91,959.41,10.1,3001.78,1176.67,11.93,-0.2136,-0.2402,-0.0632,0.0329,0.0795,0.877,1157.9,1017.8,940.8,968.2,7.99,18.19,-1,WAIT
2020-03-27,1174.1,1157.9,18.46,8.68,89.22,112.18,28.82,298.78,3262.3,6.8252,73.35,48.64,10.43,359.9,11.26,4,4,0,0,4,3,1,0.9972,0.0741,1120.4,1277.6,8.89,18.03,1364.2,1348.6,9.26,18.17,1317.7,1342.9,8.78,19.11,1447.6,1423.2,9.09,19.16,1625.7,1583.3,8.94,18.35,3839.9,2910.4,13.32,27.82,1333.41,157.34,8.94,1439.54,163.45,9.13,1959.51,910.48,9.95,2956.24,1194.44,11.84,-0.2001,-0.2878,-0.0451,0.0344,0.0771,0.9862,1216.6,896.0,862.1,916.8,8.17,16.35,-1,WAIT
2020-03-30,1168.2,1216.6,18.64,8.63,91.59,132.9,34.55,314.22,3228.2,6.8289,73.33,48.91,10.19,360.0,10.99,5,2,0,0,0,3,1,0.9997,0.0226,1157.9,1174.1,8.68,18.46,1120.4,1277.6,8.89,18.03,1364.2,1348.6,9.26,18.17,1582.1,1484.0,9.55,18.22,1626.8,1494.5,9.75,19.27,4013.1,3043.3,13.95,28.96,1281.2,116.37,8.81,1410.24,164.06,9.05,1866.29,832.82,9.77,2911.13,1208.33,11.76,-0.231,-0.2522,-0.0963,0.0364,0.0753,1.0414,1228.9,1007.3,875.2,1011.8,8.72,17.55,-1,WAIT
2020-03-31,1297.4,1228.9,17.59,8.93,87.35,118.18,29.14,280.0,3229.5,6.8433,73.06,48.35,9.34,360.0,11.26,4,4,0,0,1,3,1,1.0,0.0054,1216.6,1168.2,8.63,18.64,1157.9,1174.1,8.68,18.46,1120.4,1277.6,8.89,18.03,1423.5,1387.8,8.34,17.68,1601.5,1453.6,9.7,18.7,3946.7,3039.4,13.76,27.59,1253.4,98.6,8.9,1383.62,160.84,8.99,1775.7,741.53,9.61,2865.56,1219.49,11.68,-0.1367,-0.2327,0.0707,0.0314,0.0711,0.9472,1168.6,1136.9,969.2,1011.0,8.7,17.1,-1,WAIT
2020-04-01,1245.3,1168.6,16.89,8.54,90.48,128.47,28.93,280.0,3203.6,6.9021,73.22,49.09,9.98,360.0,11.23,5,4,0,0,2,4,2,0.9999,-0.0118,1228.9,1297.4,8.93,17.59,1216.6,1168.2,8.63,18.64,1157.9,1174.1,8.68,18.46,1368.1,1270.1,9.11,18.48,1531.3,1437.1,8.9,19.21,3933.1,3050.6,13.41,27.48,1224.9,88.2,8.82,1357.71,164.39,8.97,1683.55,627.13,9.45,2821.29,1232.22,11.6,-0.1458,-0.2369,-0.0626,0.0328,0.0774,0.9384,1023.9,1011.0,931.3,987.9,8.25,17.35,-1,WAIT
2020-04-02,1084.9,1023.9,15.77,8.08,83.78,113.42,33.36,285.22,3205.4,6.8304,73.55,47.93,9.8,360.1,11.07,4,3,0,0,3,4,2,0.9996,-0.029,1168.6,1245.3,8.54,16.89,1228.9,1297.4,8.93,17.59,1216.6,1168.2,8.63,18.64,1317.7,1342.9,8.78,19.11,1559.9,1473.6,9.38,18.79,3825.0,2975.0,13.89,28.38,1182.93,104.99,8.72,1319.43,175.71,8.87,1590.18,491.07,9.25,2771.29,1243.41,11.49,-0.223,-0.3436,-0.0797,0.0353,0.0818,0.9438,1143.0,1008.4,1132.1,1188.4,8.72,17.75,0,HOLD_NEUTRAL
2020-04-03,1135.0,1143.0,17.4,8.23,93.76,127.85,32.87,284.48,3257.7,6.9004,73.41,47.2,9.92,360.1,11.35,3,3,0,0,4,4,2,0.9989,-0.0462,1023.9,1084.9,8.08,15.77,1168.6,1245.3,8.54,16.89,1228.9,1297.4,8.93,17.59,1364.2,1348.6,9.26,18.17,1627.8,1502.3,8.86,19.14,3848.4,2939.8,13.39,27.64,1151.33,68.17,8.57,1284.8,157.04,8.83,1500.0,252.55,9.08,2726.48,1252.96,11.41,-0.1621,-0.2978,-0.1112,0.0346,0.082,1.007,1017.8,1124.2,1055.2,1150.7,8.55,17.64,0,HOLD_NEUTRAL
2020-04-06,1208.2,1017.8,18.19,7.99,86.81,127.77,33.06,308.0,3266.0,6.8767,72.97,48.17,10.06,360.2,11.12,3,3,0,0,0,4,2,0.9952,-0.0977,1143.0,1135.0,8.23,17.4,1023.9,1084.9,8.08,15.77,1168.6,1245.3,8.54,16.89,1120.4,1277.6,8.89,18.03,1424.7,1381.0,9.49,17.9,1927.5,1650.9,9.41,20.16,1136.67,84.9,8.44,1255.74,166.53,8.72,1469.67,254.06,9.04,2675.62,1259.45,11.31,-0.0916,-0.2856,-0.1012,0.0385,0.0853,0.8424,896.0,940.8,990.9,1177.0,8.48,17.38,-1,WAIT
2020-04-07,1124.2,896.0,16.35,8.17,96.9,125.5,33.23,312.07,3260.1,6.8634,72.53,47.8,10.16,360.2,11.33,3,3,0,0,1,4,2,0.9934,-0.1148,1017.8,1208.2,7.99,18.19,1143.0,1135.0,8.23,17.4,1023.9,1084.9,8.08,15.77,1157.9,1174.1,8.68,18.46,1447.6,1423.2,9.09,19.16,1918.2,1657.7,9.75,19.74,1099.26,123.1,8.37,1216.34,182.16,8.66,1435.6,260.3,8.98,2624.62,1268.64,11.21,-0.2262,-0.381,-0.0588,0.0382,0.1081,0.797,1007.3,862.1,914.4,1268.7,8.14,16.53,0,HOLD_NEUTRAL
2020-04-08,1000.3,1007.3,17.55,8.72,91.32,115.06,32.24,280.26,3261.6,6.8741,73.25,49.41,10.14,360.3,11.46,5,4,0,0,2,4,2,0.9913,-0.1319,896.0,1124.2,8.17,16.35,1017.8,1208.2,7.99,18.19,1143.0,1135.0,8.23,17.4,1216.6,1168.2,8.63,18.64,1582.1,1484.0,9.55,18.22,1917.7,1721.0,10.35,20.52,1069.36,115.0,8.38,1175.28,156.32,8.6,1405.25,255.18,8.93,2574.3,1271.96,11.13,-0.172,-0.3633,0.0104,0.0321,0.0907,1.007,1136.9,875.2,982.1,1191.7,8.49,17.3,-1,WAIT
2020-04-09,1184.7,1136.9,17.1,8.7,91.98,124.28,30.81,300.26,3254.9,6.8523,73.38,49.6,10.31,360.3,11.05,4,3,0,0,3,4,2,0.9889,-0.1489,1007.3,1000.3,8.72,17.55,896.0,1124.2,8.17,16.35,1017.8,1208.2,7.99,18.19,1228.9,1297.4,8.93,17.59,1423.5,1387.8,8.34,17.68,1774.4,1632.7,9.57,19.1,1056.21,97.68,8.35,1154.81,139.14,8.62,1384.0,249.87,8.9,2525.95,1270.53,11.04,-0.0749,-0.2013,-0.0258,0.0345,0.0809,0.9597,1011.0,969.2,804.1,1179.4,7.79,17.26,-1,WAIT
2020-04-10,1210.2,1011.0,17.35,8.25,90.94,113.44,32.73,296.75,3240.7,6.8907,72.92,47.83,10.22,360.3,11.22,3,3,0,0,4,4,2,0.9861,-0.1659,1136.9,1184.7,8.7,17.1,1007.3,1000.3,8.72,17.55,896.0,1124.2,8.17,16.35,1168.6,1245.3,8.54,16.89,1368.1,1270.1,9.11,18.48,1850.1,1609.1,9.44,19.64,1033.7,84.77,8.31,1129.3,129.42,8.56,1356.03,242.76,8.86,2476.39,1270.66,10.95,-0.1349,-0.261,-0.034,0.036,0.09,0.8354,1008.4,931.3,1043.9,1211.4,8.03,17.09,-1,WAIT
2020-04-13,1101.6,1008.4,17.75,8.72,92.88,120.32,31.87,298.45,3233.5,6.8698,73.21,49.31,10.21,360.4,10.96,4,3,0,0,0,4,2,0.9763,-0.2165,1011.0,1210.2,8.25,17.35,1136.9,1184.7,8.7,17.1,1007.3,1000.3,8.72,17.55,1023.9,1084.9,8.08,15.77,1317.7,1342.9,8.78,19.11,1648.1,1537.0,8.74,19.61,1031.49,85.27,8.4,1107.21,120.91,8.56,1334.71,244.31,8.86,2425.86,1267.7,10.87,-0.0151,-0.2347,0.0792,0.0342,0.0921,0.9154,1124.2,1132.1,888.0,1134.3,8.07,18.73,1,CHARTER_NOW
2020-04-14,1175.0,1124.2,17.64,8.55,98.62,129.83,35.0,337.37,3283.1,6.8031,73.15,49.13,10.14,360.4,10.88,4,3,0,0,1,4,2,0.9724,-0.2333,1008.4,1101.6,8.72,17.75,1011.0,1210.2,8.25,17.35,1136.9,1184.7,8.7,17.1,1143.0,1135.0,8.23,17.4,1364.2,1348.6,9.26,18.17,1677.9,1585.4,9.24,19.95,1028.8,81.38,8.44,1090.06,96.14,8.51,1316.25,238.33,8.84,2376.69,1259.86,10.79,-0.0164,-0.1759,0.0389,0.0395,0.0877,0.9568,940.8,1055.2,934.2,1245.7,8.47,17.96,-1,WAIT
2020-04-15,1067.9,940.8,17.38,8.48,86.41,127.99,33.15,316.17,3228.8,6.8621,73.25,47.74,10.36,360.5,11.04,3,3,0,0,2,4,2,0.9683,-0.25,1124.2,1175.0,8.55,17.64,1008.4,1101.6,8.72,17.75,1011.0,1210.2,8.25,17.35,1017.8,1208.2,7.99,18.19,1120.4,1277.6,8.89,18.03,1656.6,1482.6,9.37,18.78,1017.8,88.05,8.51,1077.24,103.49,8.48,1292.39,238.91,8.81,2323.85,1252.34,10.7,-0.0757,-0.1603,0.0613,0.0373,0.0918,0.881,862.1,990.9,999.2,1262.5,8.96,17.0,1,CHARTER_NOW
2020-04-16,975.7,862.1,16.53,8.14,98.74,122.04,32.09,295.0,3256.0,6.877,73.1,48.39,10.04,360.5,10.81,5,3,0,0,3,4,2,0.9638,-0.2666,940.8,1067.9,8.48,17.38,1124.2,1175.0,8.55,17.64,1008.4,1101.6,8.72,17.75,896.0,1124.2,8.17,16.35,1157.9,1174.1,8.68,18.46,1594.6,1555.8,9.06,20.2,1012.96,96.4,8.51,1056.11,115.28,8.44,1267.98,244.33,8.78,2271.52,1246.62,10.6,-0.0378,-0.2555,-0.0037,0.0362,0.1145,0.8836,875.2,914.4,1003.3,1159.0,8.22,17.12,1,CHARTER_NOW
2020-04-17,954.9,875.2,17.3,8.49,96.02,114.52,33.16,294.81,3216.0,6.845,73.56,48.29,10.05,360.5,10.89,4,3,0,0,4,4,2,0.9591,-0.2831,862.1,975.7,8.14,16.53,940.8,1067.9,8.48,17.38,1124.2,1175.0,8.55,17.64,1007.3,1000.3,8.72,17.55,1216.6,1168.2,8.63,18.64,1474.6,1404.9,8.43,18.76,994.09,109.7,8.48,1031.72,114.82,8.43,1248.0,251.26,8.78,2217.88,1236.09,10.5,-0.1311,-0.2806,-0.0264,0.0347,0.1097,0.9165,969.2,982.1,968.2,1396.2,8.31,17.32,1,CHARTER_NOW
2020-04-20,1152.9,969.2,17.26,7.79,91.93,126.59,34.98,292.02,3224.6,6.8581,73.3,49.02,9.73,360.6,11.18,4,3,0,0,0,4,2,0.9432,-0.3322,875.2,954.9,8.49,17.3,862.1,975.7,8.14,16.53,940.8,1067.9,8.48,17.38,1136.9,1184.7,8.7,17.1,1228.9,1297.4,8.93,17.59,1625.7,1583.3,8.94,18.35,970.13,89.83,8.35,1013.17,100.62,8.35,1226.11,245.76,8.74,2164.51,1219.32,10.39,-0.1475,-0.2113,-0.1046,0.0375,0.0949,0.8407,931.3,804.1,916.8,1181.6,8.56,16.91,-1,WAIT
2020-04-21,983.9,931.3,17.09,8.03,92.63,121.81,33.38,298.38,3240.5,6.8361,73.05,47.94,10.33,360.7,10.96,4,4,0,0,1,4,2,0.9373,-0.3484,969.2,1152.9,7.79,17.26,875.2,954.9,8.49,17.3,862.1,975.7,8.14,16.53,1011.0,1210.2,8.25,17.35,1168.6,1245.3,8.54,16.89,1626.8,1494.5,9.75,19.27,958.74,88.83,8.31,996.22,92.04,8.31,1202.93,239.38,8.68,2111.39,1202.06,10.29,-0.0788,-0.2031,-0.0267,0.0372,0.0995,0.9465,1132.1,1043.9,1011.8,1220.1,8.92,19.15,1,CHARTER_NOW
2020-04-22,1216.9,1132.1,18.73,8.07,101.72,104.17,33.08,302.43,3221.8,6.8134,73.5,48.56,10.1,360.7,11.2,3,3,0,0,2,4,2,0.9312,-0.3645,931.3,983.9,8.03,17.09,969.2,1152.9,7.79,17.26,875.2,954.9,8.49,17.3,1008.4,1101.6,8.72,17.75,1023.9,1084.9,8.08,15.77,1601.5,1453.6,9.7,18.7,976.41,110.11,8.22,1003.95,98.84,8.31,1187.28,227.47,8.63,2061.32,1178.62,10.18,0.1227,0.1057,-0.0745,0.0375,0.0899,0.9303,1055.2,888.0,1011.0,1454.7,8.32,17.31,-1,WAIT
2020-04-23,1199.7,1055.2,17.96,8.47,93.62,127.36,35.17,307.28,3279.0,6.8085,72.96,48.24,10.71,360.7,11.12,3,3,0,0,3,4,2,0.9248,-0.3804,1132.1,1216.9,8.07,18.73,931.3,983.9,8.03,17.09,969.2,1152.9,7.79,17.26,1124.2,1175.0,8.55,17.64,1143.0,1135.0,8.23,17.4,1531.3,1437.1,8.9,19.21,966.56,96.98,8.21,997.68,91.87,8.33,1171.41,219.1,8.61,2012.3,1157.77,10.1,-0.0614,-0.0768,-0.0094,0.0363,0.0887,0.8796,990.9,934.2,987.9,1485.4,8.62,15.82,-1,WAIT
2020-04-24,1041.6,990.9,17.0,8.96,93.24,121.23,35.33,318.68,3205.1,6.8091,73.61,48.88,10.04,360.8,11.42,5,3,0,0,4,4,2,0.9181,-0.3963,1055.2,1199.7,8.47,17.96,1132.1,1216.9,8.07,18.73,931.3,983.9,8.03,17.09,940.8,1067.9,8.48,17.38,1017.8,1208.2,7.99,18.19,1559.9,1473.6,9.38,18.79,973.71,96.61,8.28,995.76,91.7,8.4,1152.45,208.69,8.6,1961.79,1134.49,10.01,0.0533,-0.0264,0.0566,0.0356,0.0941,0.9513,914.4,999.2,1188.4,1369.9,8.32,17.39,0,HOLD_NEUTRAL
2020-04-27,1019.0,914.4,17.12,8.22,101.42,130.35,34.47,315.33,3259.2,6.8759,73.56,48.51,10.14,360.9,11.15,4,3,0,0,0,4,2,0.8965,-0.4431,990.9,1041.6,8.96,17.0,1055.2,1199.7,8.47,17.96,1132.1,1216.9,8.07,18.73,862.1,975.7,8.14,16.53,896.0,1124.2,8.17,16.35,1627.8,1502.3,8.86,19.14,981.19,88.2,8.29,997.07,90.28,8.4,1128.67,192.69,8.58,1910.87,1111.18,9.91,0.0607,0.0205,0.0098,0.0384,0.1109,0.8974,982.1,1003.3,1150.7,1472.9,9.12,16.39,1,CHARTER_NOW
2020-04-28,1169.2,982.1,17.32,8.31,99.15,113.04,34.7,313.26,3261.5,6.7814,73.66,48.34,10.24,360.9,11.26,4,3,0,0,1,4,2,0.8887,-0.4585,914.4,1019.0,8.22,17.12,990.9,1041.6,8.96,17.0,1055.2,1199.7,8.47,17.96,875.2,954.9,8.49,17.3,1007.3,1000.3,8.72,17.55,1424.7,1381.0,9.49,17.9,996.46,75.06,8.26,995.27,90.31,8.37,1113.91,186.07,8.54,1862.85,1087.38,9.81,0.1221,-0.025,-0.0212,0.0377,0.101,0.84,804.1,968.2,1177.0,1506.9,9.44,17.5,0,HOLD_NEUTRAL
2020-04-29,1021.3,804.1,16.91,8.56,95.35,97.36,36.13,317.89,3194.6,6.8363,73.28,48.52,9.91,360.9,11.12,3,3,0,0,2,4,2,0.8807,-0.4737,982.1,1169.2,8.31,17.32,914.4,1019.0,8.22,17.12,990.9,1041.6,8.96,17.0,969.2,1152.9,7.79,17.26,1136.9,1184.7,8.7,17.1,1447.6,1423.2,9.09,19.16,972.87,105.02,8.37,971.5,93.9,8.36,1092.46,183.35,8.52,1812.24,1064.16,9.73,-0.1703,-0.2927,0.0988,0.0371,0.1186,0.7873,1043.9,916.8,1268.7,1465.9,8.8,16.28,1,CHARTER_NOW
2020-04-30,1117.2,1043.9,19.15,8.92,99.33,123.2,33.27,308.26,3243.7,6.8335,73.2,49.76,10.2,361.0,11.1,3,3,0,0,3,4,2,0.8724,-0.4888,804.1,1021.3,8.56,16.91,982.1,1169.2,8.31,17.32,914.4,1019.0,8.22,17.12,931.3,983.9,8.03,17.09,1011.0,1210.2,8.25,17.35,1582.1,1484.0,9.55,18.22,988.96,106.21,8.5,973.85,95.36,8.41,1074.52,158.42,8.5,1765.39,1034.18,9.66,0.1209,0.0325,0.1108,0.0346,0.0952,0.9344,888.0,1011.8,1191.7,1727.2,7.94,17.14,0,HOLD_NEUTRAL
2020-05-01,1108.4,888.0,17.31,8.32,95.63,123.23,33.51,313.16,3269.2,6.8483,73.36,48.42,10.14,361.0,11.27,4,3,0,0,4,5,2,0.8639,-0.5037,1043.9,1117.2,8.92,19.15,804.1,1021.3,8.56,16.91,982.1,1169.2,8.31,17.32,1132.1,1216.9,8.07,18.73,1008.4,1101.6,8.72,17.75,1423.5,1387.8,8.34,17.68,954.09,90.25,8.54,965.25,97.41,8.38,1056.67,147.54,8.5,1720.02,1011.33,9.58,-0.2156,-0.1194,0.031,0.0376,0.1077,0.8012,934.2,1011.0,1179.4,1457.2,8.54,16.84,1,CHARTER_NOW
2020-05-04,1138.2,934.2,15.82,8.62,103.29,108.29,35.24,306.55,3278.7,6.8017,73.33,48.08,10.08,361.1,11.16,4,3,0,0,0,5,2,0.8367,-0.5476,888.0,1108.4,8.32,17.31,1043.9,1117.2,8.92,19.15,804.1,1021.3,8.56,16.91,1055.2,1199.7,8.47,17.96,1124.2,1175.0,8.55,17.64,1368.1,1270.1,9.11,18.48,936.8,78.47,8.56,951.68,86.15,8.38,1042.21,136.84,8.48,1672.84,979.85,9.5,-0.1147,-0.169,0.0177,0.0356,0.1106,0.8208,999.2,987.9,1211.4,2782.9,8.81,17.81,1,CHARTER_NOW
2020-05-05,1132.9,999.2,17.39,8.32,103.45,113.57,36.31,343.87,3257.7,6.8697,73.2,48.98,10.38,361.1,11.06,5,2,0,0,1,5,2,0.8272,-0.5619,934.2,1138.2,8.62,15.82,888.0,1108.4,8.32,17.31,1043.9,1117.2,8.92,19.15,990.9,1041.6,8.96,17.0,940.8,1067.9,8.48,17.38,1317.7,1342.9,8.78,19.11,937.99,79.48,8.47,955.85,86.99,8.37,1031.59,126.71,8.47,1627.92,946.82,9.42,0.0084,0.0621,-0.0714,0.0413,0.1035,0.882,1003.3,1188.4,1134.3,2891.0,8.75,18.21,1,CHARTER_NOW
2020-05-06,1077.1,1003.3,16.39,9.12,102.04,141.51,37.42,333.29,3289.7,6.8196,73.23,48.59,9.96,361.2,11.06,5,3,0,0,2,5,2,0.8174,-0.5761,999.2,1132.9,8.32,17.39,934.2,1138.2,8.62,15.82,888.0,1108.4,8.32,17.31,914.4,1019.0,8.22,17.12,862.1,975.7,8.14,16.53,1364.2,1348.6,9.26,18.17,950.69,82.14,8.6,965.94,83.4,8.44,1019.56,110.08,8.46,1579.98,902.68,9.35,0.0972,0.1638,0.1095,0.0365,0.1017,0.9315,968.2,1150.7,1245.7,2907.2,9.35,18.39,1,CHARTER_NOW
2020-05-07,1079.0,968.2,17.5,9.44,101.78,118.49,39.68,350.07,3263.4,6.892,73.28,47.89,10.2,361.2,11.12,4,3,0,0,3,5,2,0.8074,-0.59,1003.3,1077.1,9.12,16.39,999.2,1132.9,8.32,17.39,934.2,1138.2,8.62,15.82,982.1,1169.2,8.31,17.32,875.2,954.9,8.49,17.3,1120.4,1277.6,8.89,18.03,948.7,81.42,8.76,972.58,79.21,8.51,1014.49,108.78,8.48,1531.7,854.57,9.29,-0.0142,0.1063,0.136,0.0371,0.1051,0.8973,916.8,1177.0,1262.5,2867.0,9.1,18.13,1,CHARTER_NOW
2020-05-08,1081.1,916.8,16.28,8.8,106.54,126.21,38.73,351.89,3268.8,6.8396,73.09,49.91,10.44,361.2,10.88,4,3,0,0,4,5,2,0.7971,-0.6038,968.2,1079.0,9.44,17.5,1003.3,1077.1,9.12,16.39,999.2,1132.9,8.32,17.39,804.1,1021.3,8.56,16.91,969.2,1152.9,7.79,17.26,1157.9,1174.1,8.68,18.46,964.8,54.88,8.79,968.84,80.61,8.58,1006.45,106.7,8.49,1482.98,802.49,9.22,0.1402,-0.0541,0.028,0.04,0.1162,0.848,1011.8,1268.7,1159.0,2819.2,8.8,17.6,1,CHARTER_NOW
2020-05-11,1118.1,1011.8,17.14,7.94,101.76,115.79,37.4,337.09,3280.6,6.856,73.57,48.49,10.01,361.3,10.86,4,3,0,0,0,5,2,0.7649,-0.6442,916.8,1081.1,8.8,16.28,968.2,1079.0,9.44,17.5,1003.3,1077.1,9.12,16.39,1043.9,1117.2,8.92,19.15,931.3,983.9,8.03,17.09,1216.6,1168.2,8.63,18.64,960.21,48.09,8.65,974.59,80.6,8.58,999.63,99.07,8.46,1432.96,732.6,9.12,-0.0308,0.0864,-0.1099,0.0425,0.1006,0.9049,1011.0,1191.7,1396.2,2931.1,9.04,18.77,1,CHARTER_NOW
2020-05-12,1174.0,1011.0,16.84,8.54,98.26,104.94,37.81,348.57,3305.4,6.8592,73.4,48.49,10.1,361.4,11.28,5,3,0,0,1,5,2,0.7537,-0.6572,1011.8,1118.1,7.94,17.14,916.8,1081.1,8.8,16.28,968.2,1079.0,9.44,17.5,888.0,1108.4,8.32,17.31,1132.1,1216.9,8.07,18.73,1228.9,1297.4,8.93,17.59,977.79,38.9,8.68,965.94,67.89,8.61,992.36,89.18,8.45,1384.03,655.88,9.03,0.1385,-0.107,0.0264,0.0408,0.0972,0.8612,987.9,1179.4,1181.6,2924.8,8.76,19.76,1,CHARTER_NOW
2020-05-13,1035.8,987.9,17.81,8.81,103.77,119.29,36.21,329.66,3250.4,6.8667,73.34,48.79,10.63,361.4,11.37,5,4,0,0,2,5,2,0.7423,-0.6701,1011.0,1174.0,8.54,16.84,1011.8,1118.1,7.94,17.14,916.8,1081.1,8.8,16.28,934.2,1138.2,8.62,15.82,1055.2,1199.7,8.47,17.96,1168.6,1245.3,8.54,16.89,985.46,33.84,8.71,961.13,63.31,8.63,986.34,82.73,8.46,1334.94,565.92,8.95,0.0575,-0.0638,0.022,0.0374,0.105,0.9538,1188.4,1211.4,1220.1,2871.3,8.95,18.69,1,CHARTER_NOW
2020-05-14,1165.9,1188.4,18.21,8.75,109.29,118.52,38.14,332.02,3258.2,6.8607,73.15,49.66,10.25,361.4,10.81,4,3,0,0,3,5,2,0.7306,-0.6828,987.9,1035.8,8.81,17.81,1011.0,1174.0,8.54,16.84,1011.8,1118.1,7.94,17.14,999.2,1132.9,8.32,17.39,990.9,1041.6,8.96,17.0,1023.9,1084.9,8.08,15.77,1012.49,84.41,8.77,975.24,87.74,8.62,991.82,90.4,8.48,1291.0,462.14,8.87,0.1894,0.1993,0.0517,0.0379,0.092,1.0193,1150.7,1134.3,1454.7,2895.5,8.64,17.79,-1,WAIT
2020-05-15,1225.5,1150.7,18.39,9.35,99.65,117.47,37.82,341.52,3253.0,6.847,73.14,47.79,10.06,361.5,10.86,4,4,0,0,4,5,2,0.7188,-0.6952,1188.4,1165.9,8.75,18.21,987.9,1035.8,8.81,17.81,1011.0,1174.0,8.54,16.84,1003.3,1077.1,9.12,16.39,914.4,1019.0,8.22,17.12,1143.0,1135.0,8.23,17.4,1033.54,98.88,8.8,992.11,97.34,8.7,992.08,90.86,8.52,1246.04,317.8,8.8,0.1469,0.2584,0.0252,0.0365,0.0866,0.939,1177.0,1245.7,1485.4,2746.7,9.53,17.69,1,CHARTER_NOW
2020-05-18,1208.7,1177.0,18.13,9.1,102.59,119.56,39.41,334.29,3268.2,6.8707,73.94,48.88,10.33,361.6,11.21,5,3,0,0,0,5,2,0.682,-0.7314,1150.7,1225.5,9.35,18.39,1188.4,1165.9,8.75,18.21,987.9,1035.8,8.81,17.81,968.2,1079.0,9.44,17.5,982.1,1169.2,8.31,17.32,1017.8,1208.2,7.99,18.19,1063.37,107.04,8.76,1006.04,109.04,8.76,997.39,96.86,8.56,1233.53,305.04,8.8,0.2157,0.1985,-0.036,0.0367,0.0872,0.9738,1268.7,1262.5,1369.9,2821.8,9.85,18.03,1,CHARTER_NOW
2020-05-19,1260.6,1268.7,17.6,8.8,105.37,122.36,37.51,336.36,3330.9,6.8746,73.3,49.88,10.05,361.6,11.09,4,4,0,0,1,5,2,0.6693,-0.743,1177.0,1208.7,9.1,18.13,1150.7,1225.5,9.35,18.39,1188.4,1165.9,8.75,18.21,916.8,1081.1,8.8,16.28,804.1,1021.3,8.56,16.91,896.0,1124.2,8.17,16.35,1113.64,109.34,8.76,1039.22,113.46,8.77,1009.81,106.8,8.58,1222.71,291.55,8.78,0.3838,0.5778,0.0,0.0382,0.0831,1.0064,1191.7,1159.0,1472.9,2722.0,8.51,18.68,-1,WAIT
2020-05-20,1154.3,1191.7,18.77,9.04,104.15,119.21,40.1,352.26,3302.2,6.8379,73.62,48.82,9.86,361.6,11.11,5,3,0,0,2,5,2,0.6564,-0.7544,1268.7,1260.6,8.8,17.6,1177.0,1208.7,9.1,18.13,1150.7,1225.5,9.35,18.39,1011.8,1118.1,7.94,17.14,1043.9,1117.2,8.92,19.15,1007.3,1000.3,8.72,17.55,1139.34,102.34,8.91,1049.78,120.58,8.78,1015.96,111.84,8.59,1210.6,276.92,8.76,0.1778,0.1416,0.1385,0.039,0.0874,1.0324,1179.4,1396.2,1506.9,2812.5,8.59,19.65,1,CHARTER_NOW
2020-05-21,1235.8,1179.4,19.76,8.76,101.46,110.82,42.09,363.68,3243.7,6.8739,73.51,48.08,10.45,361.7,11.15,3,3,0,0,3,5,2,0.6433,-0.7656,1191.7,1154.3,9.04,18.77,1268.7,1260.6,8.8,17.6,1177.0,1208.7,9.1,18.13,1011.0,1174.0,8.54,16.84,888.0,1108.4,8.32,17.31,1136.9,1184.7,8.7,17.1,1163.4,85.55,8.94,1070.59,115.55,8.81,1017.37,113.68,8.59,1200.69,266.86,8.74,0.1666,0.3282,0.0258,0.0415,0.086,0.9544,1211.4,1181.6,1465.9,2965.7,9.03,18.77,0,HOLD_NEUTRAL
2020-05-22,1252.6,1211.4,18.69,8.95,108.48,123.91,39.29,345.66,3263.4,6.8971,72.78,48.43,9.95,361.7,10.92,4,2,0,0,4,5,2,0.6301,-0.7765,1179.4,1235.8,8.76,19.76,1191.7,1154.3,9.04,18.77,1268.7,1260.6,8.8,17.6,987.9,1035.8,8.81,17.81,934.2,1138.2,8.62,15.82,1011.0,1210.2,8.25,17.35,1195.33,37.16,8.96,1090.39,114.12,8.84,1024.05,119.05,8.61,1190.04,252.89,8.74,0.2262,0.2967,0.0159,0.0386,0.0895,0.9671,1134.3,1220.1,1727.2,2830.5,8.43,18.86,0,HOLD_NEUTRAL
2020-05-25,1238.6,1134.3,17.79,8.64,113.16,105.61,40.71,334.22,3300.9,6.8832,73.95,48.89,10.67,361.8,11.03,4,3,0,0,0,5,2,0.5892,-0.808,1211.4,1252.6,8.95,18.69,1179.4,1235.8,8.76,19.76,1191.7,1154.3,9.04,18.77,1188.4,1165.9,8.75,18.21,999.2,1132.9,8.32,17.39,1008.4,1101.6,8.72,17.75,1187.6,43.86,8.95,1100.04,111.5,8.86,1028.25,120.69,8.61,1181.48,245.71,8.73,-0.0455,0.1352,-0.0126,0.0387,0.0998,0.9158,1245.7,1454.7,1457.2,3070.6,9.52,19.87,1,CHARTER_NOW
2020-05-26,1280.7,1245.7,17.69,9.53,106.65,104.82,41.29,354.2,3257.3,6.8902,73.68,49.52,10.08,361.8,11.01,5,3,0,0,1,5,2,0.5752,-0.818,1134.3,1238.6,8.64,17.79,1211.4,1252.6,8.95,18.69,1179.4,1235.8,8.76,19.76,1150.7,1225.5,9.35,18.39,1003.3,1077.1,9.12,16.39,1124.2,1175.0,8.55,17.64,1201.17,45.22,8.97,1117.36,114.11,8.89,1032.3,125.94,8.64,1174.28,237.1,8.74,0.0826,0.2416,0.0193,0.0372,0.0856,0.9727,1262.5,1485.4,2782.9,2888.6,9.8,19.83,1,CHARTER_NOW
2020-05-27,1281.4,1262.5,18.03,9.85,103.42,125.71,39.38,348.91,3264.8,6.8676,73.32,48.61,10.61,361.9,10.78,5,3,0,0,2,5,2,0.561,-0.8278,1245.7,1280.7,9.53,17.69,1134.3,1238.6,8.64,17.79,1211.4,1252.6,8.95,18.69,1177.0,1208.7,9.1,18.13,968.2,1079.0,9.44,17.5,940.8,1067.9,8.48,17.38,1213.39,48.99,9.08,1138.38,111.6,8.92,1043.02,131.46,8.69,1167.71,228.82,8.75,0.0726,0.304,0.0824,0.0354,0.0819,0.9853,1159.0,1369.9,2891.0,2929.9,9.89,18.71,1,CHARTER_NOW
2020-05-28,1280.6,1159.0,18.68,8.51,101.64,123.94,40.56,357.74,3338.4,6.8346,73.51,49.26,9.91,361.9,11.01,4,3,0,0,3,5,2,0.5467,-0.8373,1262.5,1281.4,9.85,18.03,1245.7,1280.7,9.53,17.69,1134.3,1238.6,8.64,17.79,1268.7,1260.6,8.8,17.6,916.8,1081.1,8.8,16.28,862.1,975.7,8.14,16.53,1197.71,45.79,9.04,1155.68,91.59,8.9,1052.92,128.51,8.7,1160.45,221.85,8.74,-0.0865,0.2642,-0.033,0.042,0.0877,0.905,1396.2,1472.9,2907.2,2941.2,9.73,19.82,1,CHARTER_NOW
2020-05-29,1307.9,1396.2,19.65,8.59,107.7,119.69,40.24,341.27,3271.0,6.8386,73.24,48.03,10.39,361.9,11.2,5,3,0,0,4,5,2,0.5322,-0.8466,1159.0,1280.6,8.51,18.68,1262.5,1281.4,9.85,18.03,1245.7,1280.7,9.53,17.69,1191.7,1154.3,9.04,18.77,1011.8,1118.1,7.94,17.14,875.2,954.9,8.49,17.3,1226.93,87.53,8.98,1183.14,102.15,8.94,1070.29,138.48,8.7,1159.14,220.2,8.74,0.1716,0.3799,-0.0498,0.0397,0.0771,1.0675,1181.6,1506.9,2867.0,2905.5,9.52,19.05,1,CHARTER_NOW
2020-06-01,1263.1,1181.6,18.77,9.03,111.26,109.63,40.55,370.95,3329.3,6.8731,74.0,48.04,10.29,362.0,10.87,7,4,0,1,0,6,2,0.4878,-0.8729,1396.2,1307.9,8.59,19.65,1159.0,1280.6,8.51,18.68,1262.5,1281.4,9.85,18.03,1179.4,1235.8,8.76,19.76,1011.0,1174.0,8.54,16.84,969.2,1152.9,7.79,17.26,1227.24,87.33,9.01,1195.32,89.42,8.98,1077.37,138.57,8.74,1151.74,211.54,8.74,0.0019,0.1687,0.0308,0.0411,0.0942,0.9355,1220.1,1465.9,2819.2,2968.5,8.78,19.38,1,CHARTER_NOW
2020-06-02,1177.3,1220.1,18.86,8.43,109.54,114.77,39.04,335.09,3341.0,6.892,73.33,48.58,10.36,362.1,10.97,6,3,0,1,1,6,2,0.4728,-0.8812,1181.6,1263.1,9.03,18.77,1396.2,1307.9,8.59,19.65,1159.0,1280.6,8.51,18.68,1211.4,1252.6,8.95,18.69,987.9,1035.8,8.81,17.81,931.3,983.9,8.03,17.09,1228.49,87.13,8.94,1211.91,66.61,8.95,1086.99,138.1,8.76,1144.96,202.38,8.72,0.0072,0.235,-0.0581,0.0397,0.0898,1.0364,1454.7,1727.2,2931.1,3111.5,9.99,20.62,1,CHARTER_NOW
2020-06-03,1369.1,1454.7,19.87,9.52,108.29,118.09,40.53,367.25,3272.6,6.9475,73.43,49.65,10.39,362.1,10.97,7,4,0,1,2,6,2,0.4575,-0.8892,1220.1,1177.3,8.43,18.86,1181.6,1263.1,9.03,18.77,1396.2,1307.9,8.59,19.65,1134.3,1238.6,8.64,17.79,1188.4,1165.9,8.75,18.21,1132.1,1216.9,8.07,18.73,1274.26,110.44,9.07,1230.93,92.41,9.01,1097.75,153.44,8.81,1142.52,197.6,8.72,0.2825,0.2241,0.1019,0.0386,0.0744,1.0625,1485.4,1457.2,2924.8,3001.2,9.44,20.36,0,HOLD_NEUTRAL
2020-06-04,1370.0,1485.4,19.83,9.8,106.7,108.07,41.44,366.91,3268.2,6.8936,73.39,48.91,10.1,362.1,10.87,6,3,0,1,3,6,2,0.4422,-0.8969,1454.7,1369.1,9.52,19.87,1220.1,1177.3,8.43,18.86,1181.6,1263.1,9.03,18.77,1245.7,1280.7,9.53,17.69,1150.7,1225.5,9.35,18.39,1055.2,1199.7,8.47,17.96,1308.5,134.63,9.1,1254.84,111.4,9.04,1112.09,168.67,8.85,1141.75,196.15,8.73,0.1924,0.2909,0.0283,0.0374,0.0718,1.0842,1369.9,2782.9,2871.3,2980.9,11.89,23.09,1,CHARTER_NOW
2020-06-05,1395.8,1369.9,18.71,9.89,105.37,114.49,43.21,366.07,3290.9,6.8293,73.59,49.04,9.94,362.2,11.06,6,3,0,1,4,6,2,0.4267,-0.9044,1485.4,1370.0,9.8,19.83,1454.7,1369.1,9.52,19.87,1220.1,1177.3,8.43,18.86,1262.5,1281.4,9.85,18.03,1177.0,1208.7,9.1,18.13,990.9,1041.6,8.96,17.0,1323.84,134.63,9.11,1268.61,112.95,9.1,1124.72,173.41,8.88,1138.58,190.74,8.74,0.0851,0.1639,0.0041,0.037,0.0769,0.9814,1472.9,2891.0,2895.5,3033.3,11.25,24.0,1,CHARTER_NOW
2020-06-08,1419.4,1472.9,19.82,9.73,112.39,124.91,42.49,390.22,3265.9,6.842,73.94,49.05,10.2,362.3,10.78,6,4,0,1,0,6,2,0.3795,-0.9252,1369.9,1395.8,9.89,18.71,1485.4,1370.0,9.8,19.83,1454.7,1369.1,9.52,19.87,1159.0,1280.6,8.51,18.68,1268.7,1260.6,8.8,17.6,914.4,1019.0,8.22,17.12,1368.69,122.28,9.28,1283.2,125.46,9.16,1143.34,179.91,8.93,1136.0,184.97,8.76,0.2708,0.161,0.1434,0.0401,0.0763,1.0377,1506.9,2907.2,2746.7,3130.0,11.4,24.77,1,CHARTER_NOW
2020-06-09,1443.7,1506.9,19.05,9.52,112.93,130.72,44.69,369.58,3309.4,6.9336,74.05,49.52,10.25,362.3,11.18,6,3,0,1,1,6,2,0.3635,-0.9316,1472.9,1419.4,9.73,19.82,1369.9,1395.8,9.89,18.71,1485.4,1370.0,9.8,19.83,1396.2,1307.9,8.59,19.65,1191.7,1154.3,9.04,18.77,982.1,1169.2,8.31,17.32,1384.5,133.11,9.42,1305.71,135.64,9.2,1160.83,188.98,8.97,1137.37,187.43,8.76,0.0793,0.2645,0.1083,0.0388,0.0749,1.0438,1465.9,2867.0,2821.8,3280.1,11.0,24.21,1,CHARTER_NOW
2020-06-10,1362.9,1465.9,19.38,8.78,105.34,116.86,39.49,359.56,3299.1,6.8591,73.51,48.59,10.12,362.3,11.04,6,3,0,1,2,6,2,0.3474,-0.9377,1506.9,1443.7,9.52,19.05,1472.9,1419.4,9.73,19.82,1369.9,1395.8,9.89,18.71,1181.6,1263.1,9.03,18.77,1179.4,1235.8,8.76,19.76,804.1,1021.3,8.56,16.91,1425.11,100.19,9.38,1326.18,136.73,9.2,1182.89,184.47,8.98,1137.68,187.96,8.75,0.2406,0.2429,-0.0277,0.041,0.0719,1.0756,1727.2,2819.2,2722.0,3340.4,10.51,23.86,1,CHARTER_NOW
2020-06-11,1570.4,1727.2,20.62,9.99,115.66,125.67,42.5,380.98,3320.1,6.8671,73.71,49.31,10.27,362.4,10.72,7,3,0,1,3,6,2,0.3312,-0.9436,1465.9,1362.9,8.78,19.38,1506.9,1443.7,9.52,19.05,1472.9,1419.4,9.73,19.82,1220.1,1177.3,8.43,18.86,1211.4,1252.6,8.95,18.69,1043.9,1117.2,8.92,19.15,1497.56,110.09,9.6,1363.02,169.08,9.27,1205.67,207.47,9.02,1140.1,194.59,8.76,0.4156,0.4258,0.1851,0.0381,0.067,1.0998,1457.2,2931.1,2812.5,3230.1,11.27,24.39,1,CHARTER_NOW
2020-06-12,1374.4,1457.2,20.36,9.44,112.7,105.64,41.31,352.86,3357.5,6.8371,73.64,48.49,10.28,362.4,11.25,6,4,0,1,4,6,2,0.3149,-0.9491,1727.2,1570.4,9.99,20.62,1465.9,1362.9,8.78,19.38,1506.9,1443.7,9.52,19.05,1454.7,1369.1,9.52,19.87,1134.3,1238.6,8.64,17.79,888.0,1108.4,8.32,17.31,1497.91,109.93,9.59,1386.09,157.08,9.33,1224.64,203.4,9.05,1140.66,195.47,8.78,0.0017,0.2847,-0.0084,0.0374,0.0773,1.0602,2782.9,2924.8,2965.7,3303.1,11.09,24.81,1,CHARTER_NOW
2020-06-15,2280.2,2782.9,23.09,11.89,116.19,124.95,45.09,403.29,3340.6,6.9135,73.4,50.05,10.04,362.5,10.93,5,3,0,1,0,6,2,0.2656,-0.9641,1457.2,1374.4,9.44,20.36,1727.2,1570.4,9.99,20.62,1465.9,1362.9,8.78,19.38,1485.4,1370.0,9.8,19.83,1245.7,1280.7,9.53,17.69,934.2,1138.2,8.62,15.82,1683.27,497.16,9.89,1495.89,400.32,9.5,1286.26,343.9,9.16,1164.24,287.19,8.82,0.8735,1.234,0.2133,0.0339,0.0418,1.2205,2891.0,2871.3,2830.5,3422.4,11.56,22.89,0,HOLD_NEUTRAL
2020-06-16,2280.7,2891.0,24.0,11.25,107.7,113.98,39.74,347.26,3330.3,6.8818,74.26,48.54,10.3,362.5,10.75,6,4,0,1,1,6,2,0.2489,-0.9685,2782.9,2280.2,11.89,23.09,1457.2,1374.4,9.44,20.36,1727.2,1570.4,9.99,20.62,1369.9,1395.8,9.89,18.71,1262.5,1281.4,9.85,18.03,999.2,1132.9,8.32,17.39,1900.57,647.16,10.09,1612.21,539.64,9.6,1349.32,447.34,9.26,1190.46,363.2,8.86,1.1104,1.2899,0.1375,0.0309,0.0373,1.2676,2907.2,2895.5,3070.6,3304.9,11.53,23.18,0,HOLD_NEUTRAL
2020-06-17,2407.1,2907.2,24.77,11.4,107.91,122.32,39.74,353.71,3245.5,6.8438,74.0,48.51,10.17,362.6,11.11,6,3,0,1,2,6,2,0.2322,-0.9727,2891.0,2280.7,11.25,24.0,2782.9,2280.2,11.89,23.09,1457.2,1374.4,9.44,20.36,1472.9,1419.4,9.73,19.82,1159.0,1280.6,8.51,18.68,1003.3,1077.1,9.12,16.39,2105.47,712.91,10.32,1737.08,622.6,9.8,1412.79,524.88,9.34,1216.18,425.07,8.9,0.9738,1.5084,0.1716,0.031,0.0371,1.2078,2867.0,2746.7,2888.6,3363.8,11.21,23.44,-1,WAIT
2020-06-18,2231.1,2867.0,24.21,11.0,112.09,118.16,40.23,356.69,3331.0,6.8374,73.71,49.31,10.09,362.6,10.99,7,3,0,1,3,6,2,0.2155,-0.9765,2907.2,2407.1,11.4,24.77,2891.0,2280.7,11.25,24.0,2782.9,2280.2,11.89,23.09,1506.9,1443.7,9.52,19.05,1396.2,1307.9,8.59,19.65,968.2,1079.0,9.44,17.5,2299.77,707.91,10.54,1842.14,681.92,9.98,1476.08,580.92,9.39,1245.29,475.25,8.93,0.9026,1.0534,0.1555,0.0324,0.0391,1.285,2819.2,2821.8,2929.9,3443.9,11.29,22.51,0,HOLD_NEUTRAL
2020-06-19,2243.9,2819.2,23.86,10.51,114.46,129.93,37.54,333.66,3376.9,6.8767,74.07,49.07,10.39,362.6,10.53,7,2,0,1,4,6,2,0.1986,-0.9801,2867.0,2231.1,11.0,24.21,2907.2,2407.1,11.4,24.77,2891.0,2280.7,11.25,24.0,1465.9,1362.9,8.78,19.38,1181.6,1263.1,9.03,18.77,916.8,1081.1,8.8,16.28,2493.1,621.77,10.78,1959.11,700.11,10.08,1539.49,620.26,9.44,1272.97,516.66,8.97,0.9232,1.3859,0.197,0.0317,0.0406,1.2564,2931.1,2722.0,2941.2,3425.6,10.26,24.22,0,HOLD_NEUTRAL
2020-06-22,2439.8,2931.1,24.39,11.27,119.45,113.48,40.58,365.68,3214.7,6.8694,73.99,49.22,10.08,362.7,10.77,7,5,0,1,0,6,2,0.1478,-0.989,2819.2,2243.9,10.51,23.86,2867.0,2231.1,11.0,24.21,2907.2,2407.1,11.4,24.77,1727.2,1570.4,9.99,20.62,1220.1,1177.3,8.43,18.86,1011.8,1118.1,7.94,17.14,2665.09,535.07,10.97,2081.32,710.44,10.28,1603.47,661.56,9.56,1301.55,559.15,9.01,0.697,1.4023,0.1281,0.0324,0.0408,1.2014,2924.8,2812.5,2905.5,3459.9,11.87,24.18,-1,WAIT
2020-06-23,2330.1,2924.8,24.81,11.09,116.25,124.76,40.22,362.99,3345.4,6.8933,73.72,49.18,10.14,362.7,10.93,7,4,0,1,1,6,2,0.1308,-0.9914,2931.1,2439.8,11.27,24.39,2819.2,2243.9,10.51,23.86,2867.0,2231.1,11.0,24.21,1457.2,1374.4,9.44,20.36,1454.7,1369.1,9.52,19.87,1011.0,1174.0,8.54,16.84,2874.74,55.65,11.2,2186.33,719.29,10.4,1667.26,693.94,9.64,1329.81,597.0,9.05,1.0071,1.0106,0.1748,0.0327,0.0397,1.2552,2871.3,2965.7,2968.5,3425.1,11.37,23.85,0,HOLD_NEUTRAL
2020-06-24,2251.9,2871.3,22.89,11.56,113.49,117.98,41.91,343.99,3316.8,6.885,73.79,48.47,10.25,362.8,10.44,7,3,0,1,2,6,2,0.1137,-0.9935,2924.8,2330.1,11.09,24.81,2931.1,2439.8,11.27,24.39,2819.2,2243.9,10.51,23.86,2782.9,2280.2,11.89,23.09,1485.4,1370.0,9.8,19.83,987.9,1035.8,8.81,17.81,2887.37,38.82,11.15,2285.32,710.72,10.52,1730.04,715.23,9.73,1358.19,628.83,9.1,0.0318,0.933,-0.0278,0.0298,0.0395,1.2751,2895.5,2830.5,3111.5,3438.7,11.2,23.15,0,HOLD_NEUTRAL
2020-06-25,2344.1,2895.5,23.18,11.53,111.27,118.91,42.31,383.34,3293.8,6.8608,74.09,49.97,10.51,362.8,10.88,6,3,0,1,3,6,2,0.0966,-0.9953,2871.3,2251.9,11.56,22.89,2924.8,2330.1,11.09,24.81,2931.1,2439.8,11.27,24.39,2891.0,2280.7,11.25,24.0,1369.9,1395.8,9.89,18.71,1188.4,1165.9,8.75,18.21,2888.01,38.92,11.19,2394.29,675.66,10.64,1786.95,738.19,9.82,1389.38,657.72,9.15,0.0016,1.1137,0.0249,0.0332,0.0384,1.2352,2746.7,3070.6,3001.2,3576.6,11.49,24.63,1,CHARTER_NOW
2020-06-26,2214.1,2746.7,23.44,11.21,118.77,118.74,45.12,366.89,3352.7,6.8527,73.48,49.6,10.28,362.8,10.9,7,3,0,1,4,6,2,0.0795,-0.9968,2895.5,2344.1,11.53,23.18,2871.3,2251.9,11.56,22.89,2924.8,2330.1,11.09,24.81,2907.2,2407.1,11.4,24.77,1472.9,1419.4,9.73,19.82,1150.7,1225.5,9.35,18.39,2865.09,64.56,11.17,2485.28,625.97,10.75,1840.15,748.2,9.89,1416.11,679.75,9.2,-0.0552,0.8648,-0.0167,0.0327,0.0432,1.2405,2821.8,2888.6,2980.9,3677.1,12.02,24.05,1,CHARTER_NOW
2020-06-29,2244.2,2821.8,22.51,11.29,112.6,113.8,43.62,389.02,3388.0,6.8648,74.16,49.87,10.35,362.9,10.62,7,4,0,1,0,6,2,0.028,-0.9996,2746.7,2214.1,11.21,23.44,2895.5,2344.1,11.53,23.18,2871.3,2251.9,11.56,22.89,2867.0,2231.1,11.0,24.21,1506.9,1443.7,9.52,19.05,1177.0,1208.7,9.1,18.13,2858.63,66.57,11.21,2579.2,563.4,10.87,1894.97,758.13,9.96,1446.18,701.39,9.26,-0.0158,0.8726,0.0264,0.0345,0.0399,1.2574,2722.0,2929.9,3033.3,3764.7,11.75,24.15,0,HOLD_NEUTRAL
2020-06-30,2167.3,2722.0,24.22,10.26,121.19,120.06,40.93,371.83,3356.4,6.8533,73.69,48.85,10.19,363.0,10.91,6,3,0,1,1,6,2,0.0108,-0.9999,2821.8,2244.2,11.29,22.51,2746.7,2214.1,11.21,23.44,2895.5,2344.1,11.53,23.18,2819.2,2243.9,10.51,23.86,1465.9,1362.9,8.78,19.38,1268.7,1260.6,8.8,17.6,2844.74,84.02,11.17,2668.92,463.66,10.98,1943.42,763.15,10.01,1476.61,716.56,9.29,-0.0345,0.8569,-0.0238,0.0362,0.0445,1.2559,2812.5,2941.2,3130.0,3483.4,11.37,24.38,1,CHARTER_NOW
2020-07-01,2418.4,2812.5,24.18,11.87,115.35,119.73,40.4,341.65,3317.4,6.8662,74.13,49.38,10.24,363.0,10.85,7,4,0,1,2,7,3,-0.0065,-1.0,2722.0,2167.3,10.26,24.22,2821.8,2244.2,11.29,22.51,2746.7,2214.1,11.21,23.44,2931.1,2439.8,11.27,24.39,1727.2,1570.4,9.99,20.62,1191.7,1154.3,9.04,18.77,2827.8,75.19,11.26,2746.44,376.67,11.11,1997.44,765.46,10.1,1506.7,734.21,9.35,-0.0405,0.6284,0.0532,0.0288,0.041,1.163,2965.7,2905.5,3280.1,3637.3,11.7,24.2,0,HOLD_NEUTRAL
2020-07-02,2365.5,2965.7,23.85,11.37,121.63,122.04,42.96,367.2,3298.6,6.8708,73.76,49.28,10.24,363.0,10.61,6,5,0,1,3,7,3,-0.0237,-0.9997,2812.5,2418.4,11.87,24.18,2722.0,2167.3,10.26,24.22,2821.8,2244.2,11.29,22.51,2924.8,2330.1,11.09,24.81,1457.2,1374.4,9.44,20.36,1179.4,1235.8,8.76,19.76,2833.64,84.94,11.3,2854.19,72.21,11.25,2056.99,769.1,10.19,1537.18,756.22,9.39,0.014,1.0352,0.0252,0.0323,0.041,1.2537,2830.5,2968.5,3340.4,3586.6,12.28,24.7,0,HOLD_NEUTRAL
2020-07-03,2195.2,2830.5,23.15,11.2,119.0,120.9,39.75,337.06,3337.8,6.8436,73.85,49.81,10.31,363.1,11.03,6,3,0,1,4,7,3,-0.0408,-0.9992,2965.7,2365.5,11.37,23.85,2812.5,2418.4,11.87,24.18,2722.0,2167.3,10.26,24.22,2871.3,2251.9,11.56,22.89,2782.9,2280.2,11.89,23.09,1211.4,1252.6,8.95,18.69,2827.81,83.31,11.25,2857.59,69.67,11.2,2110.96,764.51,10.26,1567.5,771.1,9.44,-0.0142,0.0171,-0.0311,0.0301,0.042,1.2894,3070.6,3111.5,3230.1,3614.5,12.0,25.05,1,CHARTER_NOW
2020-07-06,2519.9,3070.6,24.63,11.49,117.24,126.28,45.59,387.44,3366.7,6.8901,73.78,49.85,10.2,363.2,11.0,6,4,0,1,0,7,3,-0.0923,-0.9957,2830.5,2195.2,11.2,23.15,2965.7,2365.5,11.37,23.85,2812.5,2418.4,11.87,24.18,2895.5,2344.1,11.53,23.18,2891.0,2280.7,11.25,24.0,1134.3,1238.6,8.64,17.79,2852.83,123.58,11.24,2870.42,89.9,11.22,2175.5,760.94,10.36,1601.88,791.45,9.48,0.0605,0.0621,-0.0035,0.0337,0.0382,1.2185,2888.6,3001.2,3303.1,3615.9,11.5,23.47,0,HOLD_NEUTRAL
2020-07-07,2359.3,2888.6,24.05,12.02,116.3,127.26,44.47,378.71,3323.8,6.8603,73.66,49.33,10.53,363.2,10.77,7,5,0,1,1,7,3,-0.1094,-0.994,3070.6,2519.9,11.49,24.63,2830.5,2195.2,11.2,23.15,2965.7,2365.5,11.37,23.85,2746.7,2214.1,11.21,23.44,2907.2,2407.1,11.4,24.77,1245.7,1280.7,9.53,17.69,2873.1,114.58,11.36,2869.09,89.45,11.26,2230.26,750.77,10.44,1631.28,806.04,9.54,0.0517,-0.0064,0.0723,0.0315,0.0403,1.2243,2929.9,2980.9,3422.4,3691.9,11.34,24.91,0,HOLD_NEUTRAL
2020-07-08,2316.8,2929.9,24.15,11.75,117.16,112.5,41.56,371.96,3328.3,6.8464,73.73,48.41,10.19,363.2,10.79,7,4,0,1,2,7,3,-0.1265,-0.992,2888.6,2359.3,12.02,24.05,3070.6,2519.9,11.49,24.63,2830.5,2195.2,11.2,23.15,2821.8,2244.2,11.29,22.51,2867.0,2231.1,11.0,24.21,1262.5,1281.4,9.85,18.03,2888.54,113.8,11.42,2873.59,90.9,11.32,2285.84,738.27,10.51,1664.43,817.98,9.6,0.0383,0.0219,0.0407,0.0317,0.04,1.2646,2941.2,3033.3,3304.9,3685.5,11.25,23.63,0,HOLD_NEUTRAL
2020-07-09,2315.7,2941.2,24.38,11.37,119.91,126.94,39.37,363.47,3438.4,6.8613,74.15,50.24,9.92,363.3,10.97,6,4,0,1,3,7,3,-0.1436,-0.9896,2929.9,2316.8,11.75,24.15,2888.6,2359.3,12.02,24.05,3070.6,2519.9,11.49,24.63,2722.0,2167.3,10.26,24.22,2819.2,2243.9,10.51,23.86,1159.0,1280.6,8.51,18.68,2919.86,87.43,11.58,2882.3,91.13,11.38,2345.25,715.83,10.6,1699.08,827.4,9.65,0.0805,0.0433,0.1082,0.032,0.0408,1.2701,2905.5,3130.0,3363.8,3655.6,12.06,24.86,1,CHARTER_NOW
2020-07-10,2373.2,2905.5,24.2,11.7,119.07,111.57,44.95,402.41,3378.5,6.8793,73.24,49.59,10.82,363.3,10.78,6,4,0,1,4,7,3,-0.1606,-0.987,2941.2,2315.7,11.37,24.38,2929.9,2316.8,11.75,24.15,2888.6,2359.3,12.02,24.05,2812.5,2418.4,11.87,24.18,2931.1,2439.8,11.27,24.39,1396.2,1307.9,8.59,19.65,2933.14,74.51,11.56,2880.47,90.33,11.41,2395.56,699.69,10.71,1732.92,834.62,9.7,0.0331,-0.0087,-0.0143,0.0344,0.041,1.2243,2968.5,3280.1,3443.9,3644.3,12.21,25.59,1,CHARTER_NOW
2020-07-13,2367.5,2968.5,24.7,12.28,117.77,124.92,42.47,362.06,3384.5,6.8752,73.52,48.97,10.21,363.4,10.43,6,4,0,1,0,7,3,-0.2113,-0.9774,2905.5,2373.2,11.7,24.2,2941.2,2315.7,11.37,24.38,2929.9,2316.8,11.75,24.15,2965.7,2365.5,11.37,23.85,2924.8,2330.1,11.09,24.81,1181.6,1263.1,9.03,18.77,2933.54,74.72,11.69,2883.59,92.71,11.49,2455.12,668.13,10.81,1766.24,843.47,9.78,0.0009,0.0149,0.08,0.0295,0.0397,1.2539,3111.5,3340.4,3425.6,3665.4,12.7,24.91,1,CHARTER_NOW
2020-07-14,2375.1,3111.5,25.05,12.0,119.43,125.21,44.96,383.22,3294.3,6.8856,73.66,49.54,10.54,363.4,10.91,5,4,0,1,1,7,3,-0.2281,-0.9736,2968.5,2367.5,12.28,24.7,2905.5,2373.2,11.7,24.2,2941.2,2315.7,11.37,24.38,2830.5,2195.2,11.2,23.15,2871.3,2251.9,11.56,22.89,1220.1,1177.3,8.43,18.86,2973.69,84.92,11.8,2900.75,110.73,11.52,2518.17,636.04,10.93,1802.58,853.79,9.85,0.0993,0.0837,0.0714,0.0319,0.0384,1.3101,3001.2,3230.1,3459.9,3716.1,11.28,25.09,0,HOLD_NEUTRAL
2020-07-15,2490.1,3001.2,23.47,11.5,120.49,106.28,39.92,331.24,3321.8,6.9001,73.58,48.51,10.56,363.5,10.64,6,4,0,1,2,7,3,-0.2448,-0.9696,3111.5,2375.1,12.0,25.05,2968.5,2367.5,12.28,24.7,2905.5,2373.2,11.7,24.2,3070.6,2519.9,11.49,24.63,2895.5,2344.1,11.53,23.18,1454.7,1369.1,9.52,19.87,2963.77,75.22,11.8,2908.3,113.9,11.52,2569.72,608.97,11.0,1833.73,862.96,9.9,-0.0226,0.0365,0.0009,0.0288,0.0401,1.2053,2980.9,3303.1,3425.1,3744.7,11.87,25.63,1,CHARTER_NOW
2020-07-16,2366.1,2980.9,24.91,11.34,113.71,121.37,41.76,354.32,3350.3,6.9125,74.23,49.94,10.47,363.5,10.73,6,3,0,1,3,7,3,-0.2614,-0.9652,3001.2,2490.1,11.5,23.47,3111.5,2375.1,12.0,25.05,2968.5,2367.5,12.28,24.7,2888.6,2359.3,12.02,24.05,2746.7,2214.1,11.21,23.44,1485.4,1370.0,9.8,19.83,2976.96,67.55,11.71,2925.03,105.21,11.53,2619.57,577.54,11.05,1865.83,869.31,9.95,0.032,0.0853,-0.0566,0.0312,0.0381,1.2598,3033.3,3422.4,3438.7,3765.1,12.19,25.0,1,CHARTER_NOW
2020-07-17,2496.1,3033.3,23.63,11.25,122.28,117.21,42.91,383.34,3313.8,6.8822,74.18,48.57,10.24,363.5,11.09,7,4,0,1,4,7,3,-0.278,-0.9606,2980.9,2366.1,11.34,24.91,3001.2,2490.1,11.5,23.47,3111.5,2375.1,12.0,25.05,2929.9,2316.8,11.75,24.15,2821.8,2244.2,11.29,22.51,1369.9,1395.8,9.89,18.71,2991.73,66.84,11.63,2940.14,104.43,11.53,2675.02,531.44,11.1,1899.87,874.44,9.99,0.0353,0.075,-0.0426,0.0341,0.0403,1.2152,3130.0,3304.9,3576.6,3690.3,12.34,25.36,1,CHARTER_NOW
2020-07-20,2547.1,3130.0,24.86,12.06,118.53,115.1,43.15,392.78,3408.3,6.8422,74.03,49.28,10.34,363.6,10.76,7,3,0,1,0,7,3,-0.3272,-0.945,3033.3,2496.1,11.25,23.63,2980.9,2366.1,11.34,24.91,3001.2,2490.1,11.5,23.47,2941.2,2315.7,11.37,24.38,2722.0,2167.3,10.26,24.22,1472.9,1419.4,9.73,19.82,3018.7,79.88,11.73,2969.28,95.41,11.66,2730.25,486.39,11.17,1936.8,878.89,10.05,0.0642,0.1499,0.0607,0.0326,0.0379,1.2288,3280.1,3363.8,3677.1,3778.0,12.33,25.4,1,CHARTER_NOW
2020-07-21,2529.2,3280.1,25.59,12.21,118.26,130.98,42.31,352.87,3402.8,6.8664,73.73,49.55,10.03,363.7,10.79,5,4,0,1,1,7,3,-0.3434,-0.9392,3130.0,2547.1,12.06,24.86,3033.3,2496.1,11.25,23.63,2980.9,2366.1,11.34,24.91,2905.5,2373.2,11.7,24.2,2812.5,2418.4,11.87,24.18,1506.9,1443.7,9.52,19.05,3072.21,110.87,11.81,3002.68,115.94,11.68,2789.36,437.93,11.26,1975.1,886.61,10.12,0.1289,0.1663,0.0436,0.0289,0.0361,1.2969,3340.4,3443.9,3764.7,3814.0,12.35,25.22,1,CHARTER_NOW
2020-07-22,2669.5,3340.4,24.91,12.7,116.83,116.01,44.29,374.07,3335.9,6.8446,74.23,50.01,10.69,363.7,10.89,7,4,0,1,2,7,3,-0.3595,-0.9332,3280.1,2529.2,12.21,25.59,3130.0,2547.1,12.06,24.86,3033.3,2496.1,11.25,23.63,2968.5,2367.5,12.28,24.7,2965.7,2365.5,11.37,23.85,1465.9,1362.9,8.78,19.38,3125.34,138.54,11.87,3029.44,146.08,11.78,2851.84,371.24,11.39,2017.37,890.29,10.19,0.1253,0.1263,0.0342,0.0295,0.035,1.2513,3230.1,3425.6,3483.4,3895.8,12.53,27.04,0,HOLD_NEUTRAL
2020-07-23,2514.7,3230.1,25.09,11.28,116.77,114.93,41.3,360.55,3418.2,6.9258,73.51,49.52,10.12,363.7,10.88,6,4,0,1,3,7,3,-0.3755,-0.9268,3340.4,2669.5,12.7,24.91,3280.1,2529.2,12.21,25.59,3130.0,2547.1,12.06,24.86,3111.5,2375.1,12.0,25.05,2830.5,2195.2,11.2,23.15,1727.2,1570.4,9.99,20.62,3142.29,143.72,11.76,3057.99,143.23,11.78,2901.94,310.71,11.44,2053.8,894.5,10.23,0.0381,0.1412,-0.06,0.032,0.0362,1.2845,3303.1,3459.9,3637.3,3775.0,12.29,25.46,1,CHARTER_NOW
2020-07-24,2500.6,3303.1,25.63,11.87,118.46,121.61,43.02,375.92,3356.7,6.9347,74.45,49.83,10.24,363.8,10.6,7,4,0,1,4,7,3,-0.3914,-0.9202,3230.1,2514.7,11.28,25.09,3340.4,2669.5,12.7,24.91,3280.1,2529.2,12.21,25.59,3001.2,2490.1,11.5,23.47,3070.6,2519.9,11.49,24.63,1457.2,1374.4,9.44,20.36,3185.41,139.56,11.82,3074.59,157.57,11.81,2963.47,161.86,11.52,2094.05,895.49,10.29,0.1006,0.0757,0.0322,0.0317,0.0359,1.3209,3422.4,3425.1,3586.6,3743.4,12.78,26.33,0,HOLD_NEUTRAL
2020-07-27,2649.1,3422.4,25.0,12.19,121.38,126.25,43.66,367.18,3451.0,6.8953,73.76,49.48,10.32,363.9,10.76,6,4,0,1,0,7,3,-0.4383,-0.8988,3303.1,2500.6,11.87,25.63,3230.1,2514.7,11.28,25.09,3340.4,2669.5,12.7,24.91,2980.9,2366.1,11.34,24.91,2888.6,2359.3,12.02,24.05,2782.9,2280.2,11.89,23.09,3248.49,131.25,11.94,3112.72,172.93,11.82,2984.79,178.51,11.53,2135.52,898.48,10.34,0.1481,0.1848,0.075,0.0301,0.0355,1.2919,3304.9,3438.7,3614.5,3928.9,12.58,25.37,0,HOLD_NEUTRAL
2020-07-28,2615.0,3304.9,25.36,12.34,130.19,120.12,44.42,387.18,3366.5,6.9017,73.87,49.5,10.28,363.9,10.77,6,4,0,1,1,7,3,-0.4537,-0.8912,3422.4,2649.1,12.19,25.0,3303.1,2500.6,11.87,25.63,3230.1,2514.7,11.28,25.09,3033.3,2496.1,11.25,23.63,2929.9,2316.8,11.75,24.15,2891.0,2280.7,11.25,24.0,3287.29,91.01,12.09,3139.51,171.47,11.86,2998.58,186.82,11.56,2173.95,898.36,10.41,0.0895,0.128,0.0969,0.0314,0.0394,1.2638,3363.8,3576.6,3615.9,3806.4,12.68,25.65,1,CHARTER_NOW
2020-07-29,2609.7,3363.8,25.4,12.33,122.54,130.01,44.83,379.19,3382.8,6.8837,73.84,49.59,10.17,363.9,10.82,7,3,0,1,2,7,3,-0.469,-0.8832,3304.9,2615.0,12.34,25.36,3422.4,2649.1,12.19,25.0,3303.1,2500.6,11.87,25.63,3130.0,2547.1,12.06,24.86,2941.2,2315.7,11.37,24.38,2907.2,2407.1,11.4,24.77,3320.69,61.92,12.13,3169.69,171.08,11.93,3013.8,197.41,11.59,2213.3,897.91,10.47,0.0747,0.1437,0.0224,0.0308,0.0364,1.289,3443.9,3677.1,3691.9,3819.0,13.38,26.52,1,CHARTER_NOW
2020-07-30,2668.8,3443.9,25.22,12.35,125.07,125.32,41.58,362.6,3412.8,6.8874,73.68,49.46,10.59,364.0,10.82,6,3,0,1,3,7,3,-0.4841,-0.875,3363.8,2609.7,12.33,25.4,3304.9,2615.0,12.34,25.36,3422.4,2649.1,12.19,25.0,3280.1,2529.2,12.21,25.59,2905.5,2373.2,11.7,24.2,2867.0,2231.1,11.0,24.21,3344.09,73.83,12.15,3208.15,167.6,11.98,3033.03,210.3,11.64,2254.56,896.61,10.51,0.0499,0.1853,0.0115,0.0294,0.0363,1.2904,3425.6,3764.7,3685.5,3924.4,13.59,27.31,1,CHARTER_NOW
2020-07-31,2729.6,3425.6,27.04,12.53,126.07,105.08,40.9,364.69,3409.6,6.8287,74.44,48.65,10.5,364.0,11.28,6,4,0,1,4,7,3,-0.4991,-0.8666,3443.9,2668.8,12.35,25.22,3363.8,2609.7,12.33,25.4,3304.9,2615.0,12.34,25.36,3340.4,2669.5,12.7,24.91,2968.5,2367.5,12.28,24.7,2819.2,2243.9,10.51,23.86,3356.26,79.9,12.13,3240.8,161.74,12.0,3053.25,218.04,11.71,2296.37,891.65,10.58,0.0255,0.154,-0.0134,0.0291,0.0368,1.255,3459.9,3483.4,3655.6,3835.6,13.01,26.71,0,HOLD_NEUTRAL
2020-08-03,2699.7,3459.9,25.46,12.29,126.06,117.52,46.13,393.74,3386.3,6.8751,74.18,49.18,10.38,364.1,10.51,5,4,0,1,0,8,3,-0.5431,-0.8397,3425.6,2729.6,12.53,27.04,3443.9,2668.8,12.35,25.22,3363.8,2609.7,12.33,25.4,3230.1,2514.7,11.28,25.09,3111.5,2375.1,12.0,25.05,2931.1,2439.8,11.27,24.39,3389.09,65.3,12.27,3265.69,167.03,12.02,3070.87,228.92,11.74,2337.17,887.88,10.65,0.0711,0.112,0.0895,0.032,0.0364,1.2816,3425.1,3637.3,3644.3,3799.4,11.92,27.73,1,CHARTER_NOW
2020-08-04,2629.9,3425.1,26.33,12.78,125.68,117.36,44.48,377.23,3364.6,6.8511,74.29,49.76,10.24,364.1,10.94,7,4,0,1,1,8,3,-0.5575,-0.8302,3459.9,2699.7,12.29,25.46,3425.6,2729.6,12.53,27.04,3443.9,2668.8,12.35,25.22,3303.1,2500.6,11.87,25.63,3001.2,2490.1,11.5,23.47,2924.8,2330.1,11.09,24.81,3406.51,53.79,12.4,3295.96,153.25,12.11,3087.55,236.03,11.8,2377.41,881.44,10.72,0.0369,0.1412,0.0767,0.0295,0.0367,1.3024,3438.7,3586.6,3665.4,3939.1,13.38,28.33,1,CHARTER_NOW
2020-08-05,2715.9,3438.7,25.37,12.58,122.39,125.26,42.59,368.3,3388.7,6.8862,73.69,49.51,10.53,364.2,10.98,7,4,0,1,2,8,3,-0.5717,-0.8205,3425.1,2629.9,12.78,26.33,3459.9,2699.7,12.29,25.46,3425.6,2729.6,12.53,27.04,3422.4,2649.1,12.19,25.0,2980.9,2366.1,11.34,24.91,2871.3,2251.9,11.56,22.89,3408.84,54.93,12.46,3328.66,127.54,12.2,3106.46,240.79,11.83,2418.25,872.7,10.78,0.0048,0.1536,0.032,0.0293,0.0356,1.2661,3576.6,3614.5,3716.1,3813.1,13.07,26.54,1,CHARTER_NOW
2020-08-06,2778.9,3576.6,25.65,12.68,131.14,102.06,46.78,397.07,3343.3,6.8762,74.04,49.58,10.23,364.2,10.84,6,4,0,1,3,8,3,-0.5857,-0.8105,3438.7,2715.9,12.58,25.37,3425.1,2629.9,12.78,26.33,3459.9,2699.7,12.29,25.46,3304.9,2615.0,12.34,25.36,3033.3,2496.1,11.25,23.63,2895.5,2344.1,11.53,23.18,3447.66,64.42,12.51,3367.47,112.53,12.3,3129.17,252.06,11.87,2458.06,870.11,10.85,0.0822,0.1791,0.0276,0.0313,0.0367,1.2871,3677.1,3615.9,3744.7,3834.6,13.52,25.99,0,HOLD_NEUTRAL
2020-08-07,2707.3,3677.1,26.52,13.38,132.56,140.95,44.25,376.49,3378.3,6.9366,74.14,49.51,10.64,364.2,10.61,6,4,0,1,4,8,3,-0.5996,-0.8003,3576.6,2778.9,12.68,25.65,3438.7,2715.9,12.58,25.37,3425.1,2629.9,12.78,26.33,3363.8,2609.7,12.33,25.4,3130.0,2547.1,12.06,24.86,2746.7,2214.1,11.21,23.44,3492.41,97.03,12.66,3406.55,118.55,12.39,3160.18,260.47,11.94,2500.16,866.9,10.91,0.0931,0.1748,0.0852,0.0281,0.0361,1.3582,3764.7,3691.9,3765.1,3727.8,13.45,27.1,0,HOLD_NEUTRAL
2020-08-10,2910.8,3764.7,27.31,13.59,122.25,125.91,46.33,391.96,3337.6,6.9063,74.09,49.23,10.35,364.3,11.06,7,5,0,1,0,8,3,-0.64,-0.7683,3677.1,2707.3,13.38,26.52,3576.6,2778.9,12.68,25.65,3438.7,2715.9,12.58,25.37,3443.9,2668.8,12.35,25.22,3280.1,2529.2,12.21,25.59,2821.8,2244.2,11.29,22.51,3538.24,137.58,12.83,3441.16,146.29,12.49,3191.61,274.73,12.02,2543.29,864.32,10.99,0.0932,0.1477,0.1004,0.0288,0.0325,1.2934,3483.4,3685.5,3690.3,3789.0,13.56,26.61,0,HOLD_NEUTRAL
2020-08-11,2729.0,3483.4,26.71,13.01,124.64,123.14,44.39,401.02,3315.2,6.8876,73.74,49.46,10.58,364.4,10.29,6,5,0,1,1,8,3,-0.6532,-0.7572,3764.7,2910.8,13.59,27.31,3677.1,2707.3,13.38,26.52,3576.6,2778.9,12.68,25.65,3425.6,2729.6,12.53,27.04,3340.4,2669.5,12.7,24.91,2722.0,2167.3,10.26,24.22,3546.5,131.28,12.9,3451.38,143.68,12.51,3216.99,264.84,12.11,2580.2,856.22,11.06,0.0169,0.0428,0.0383,0.0308,0.0358,1.2764,3637.3,3655.6,3778.0,3845.4,13.07,26.93,1,CHARTER_NOW
2020-08-12,2808.9,3637.3,27.73,11.92,127.31,130.98,48.03,413.33,3380.5,6.8713,74.31,49.58,10.31,364.4,10.59,6,5,0,1,2,8,3,-0.6661,-0.7459,3483.4,2729.0,13.01,26.71,3764.7,2910.8,13.59,27.31,3677.1,2707.3,13.38,26.52,3459.9,2699.7,12.29,25.46,3230.1,2514.7,11.28,25.09,2812.5,2418.4,11.87,24.18,3571.84,128.88,12.85,3480.46,136.48,12.56,3244.48,264.22,12.11,2620.96,847.16,11.11,0.0513,0.1261,-0.0301,0.0347,0.035,1.2949,3586.6,3644.3,3814.0,3853.1,13.38,25.74,0,HOLD_NEUTRAL
2020-08-13,2820.0,3586.6,28.33,13.38,125.4,139.79,47.53,399.69,3424.1,6.9298,74.08,49.78,10.35,364.4,10.95,8,4,0,1,3,8,3,-0.6788,-0.7343,3637.3,2808.9,11.92,27.73,3483.4,2729.0,13.01,26.71,3764.7,2910.8,13.59,27.31,3425.1,2629.9,12.78,26.33,3303.1,2500.6,11.87,25.63,2965.7,2365.5,11.37,23.85,3594.91,111.52,12.93,3500.71,128.96,12.67,3265.18,265.94,12.18,2661.08,834.64,11.18,0.0472,0.0858,0.0469,0.0299,0.035,1.2718,3614.5,3665.4,3895.8,3870.2,13.52,27.99,0,HOLD_NEUTRAL
2020-08-14,2759.6,3614.5,26.54,13.07,130.39,128.84,43.98,387.44,3413.4,6.8788,73.81,50.01,10.58,364.5,10.64,6,3,0,1,4,8,3,-0.6914,-0.7225,3586.6,2820.0,13.38,28.33,3637.3,2808.9,11.92,27.73,3483.4,2729.0,13.01,26.71,3438.7,2715.9,12.58,25.37,3422.4,2649.1,12.19,25.0,2830.5,2195.2,11.2,23.15,3620.03,87.74,13.0,3514.44,130.2,12.73,3291.31,260.21,12.24,2701.14,821.45,11.25,0.0511,0.0561,0.039,0.0296,0.0361,1.3098,3615.9,3716.1,3775.0,4016.0,12.81,26.87,0,HOLD_NEUTRAL
2020-08-17,2811.0,3615.9,25.99,13.52,127.29,129.53,46.34,391.13,3381.6,6.8903,73.61,49.72,10.78,364.6,11.03,7,4,0,1,0,8,3,-0.7277,-0.6859,3614.5,2759.6,13.07,26.54,3586.6,2820.0,13.38,28.33,3637.3,2808.9,11.92,27.73,3576.6,2778.9,12.68,25.65,3304.9,2615.0,12.34,25.36,3070.6,2519.9,11.49,24.63,3625.64,85.73,13.12,3536.65,117.63,12.82,3309.49,263.29,12.31,2742.5,803.5,11.33,0.011,0.0941,0.0662,0.0289,0.0352,1.2863,3691.9,3744.7,3743.4,4061.6,12.26,25.37,0,HOLD_NEUTRAL
2020-08-18,2764.5,3691.9,27.1,13.45,136.84,123.5,45.81,405.59,3446.8,6.8819,74.23,49.28,10.65,364.6,10.4,7,4,0,1,1,8,3,-0.7394,-0.6733,3615.9,2811.0,13.52,25.99,3614.5,2759.6,13.07,26.54,3586.6,2820.0,13.38,28.33,3677.1,2707.3,13.38,26.52,3363.8,2609.7,12.33,25.4,2888.6,2359.3,12.02,24.05,3627.76,87.38,13.13,3560.09,113.14,12.9,3336.27,259.83,12.36,2783.26,788.18,11.4,0.004,0.0975,0.0052,0.0302,0.0371,1.3355,3685.5,3765.1,3928.9,4191.1,12.77,26.13,0,HOLD_NEUTRAL
2020-08-19,2859.1,3685.5,26.61,13.56,134.0,121.56,47.17,405.17,3366.9,6.8687,74.7,49.09,10.52,364.6,10.48,7,4,0,1,2,8,3,-0.7509,-0.6605,3691.9,2764.5,13.45,27.1,3615.9,2811.0,13.52,25.99,3614.5,2759.6,13.07,26.54,3764.7,2910.8,13.59,27.31,3443.9,2668.8,12.35,25.22,2929.9,2316.8,11.75,24.15,3616.44,70.11,13.13,3577.34,112.48,12.98,3361.45,255.67,12.42,2823.65,770.82,11.46,-0.021,0.0702,-0.0022,0.0299,0.0364,1.289,3655.6,3690.3,3806.4,4090.6,13.14,27.32,0,HOLD_NEUTRAL
2020-08-20,2917.2,3655.6,26.93,13.07,131.16,119.16,43.02,371.26,3320.8,6.8821,73.84,51.31,10.46,364.7,10.59,7,4,0,1,3,8,3,-0.7621,-0.6474,3685.5,2859.1,13.56,26.61,3691.9,2764.5,13.45,27.1,3615.9,2811.0,13.52,25.99,3483.4,2729.0,13.01,26.71,3425.6,2729.6,12.53,27.04,2941.2,2315.7,11.37,24.38,3641.04,38.92,13.14,3593.77,105.17,13.02,3385.27,248.34,12.47,2865.26,746.44,11.54,0.0494,0.0671,0.0046,0.0284,0.0359,1.2531,3644.3,3778.0,3819.0,3911.9,13.28,28.03,0,HOLD_NEUTRAL
2020-08-21,2762.6,3644.3,25.74,13.38,134.05,116.64,46.05,398.5,3312.7,6.8224,74.14,49.29,10.25,364.7,10.78,7,4,0,1,4,8,3,-0.7731,-0.6342,3655.6,2917.2,13.07,26.93,3685.5,2859.1,13.56,26.61,3691.9,2764.5,13.45,27.1,3637.3,2808.9,11.92,27.73,3459.9,2699.7,12.29,25.46,2905.5,2373.2,11.7,24.2,3642.04,38.9,13.35,3606.94,98.45,13.1,3409.89,235.42,12.53,2902.73,727.63,11.62,0.0019,0.0533,0.1225,0.0298,0.0368,1.3192,3665.4,3814.0,3924.4,3966.5,12.81,26.46,1,CHARTER_NOW
2020-08-24,2787.9,3665.4,27.99,13.52,135.15,117.79,46.88,379.95,3351.2,6.8355,74.4,49.65,10.41,364.8,10.64,7,5,0,1,0,8,3,-0.8048,-0.5935,3644.3,2762.6,13.38,25.74,3655.6,2917.2,13.07,26.93,3685.5,2859.1,13.56,26.61,3586.6,2820.0,13.38,28.33,3425.1,2629.9,12.78,26.33,2968.5,2367.5,12.28,24.7,3653.3,30.72,13.37,3624.11,84.22,13.15,3433.12,224.5,12.57,2944.12,698.11,11.69,0.022,0.0702,0.0105,0.0281,0.0369,1.3148,3716.1,3895.8,3835.6,3941.7,12.69,27.81,1,CHARTER_NOW
2020-08-25,2822.8,3716.1,26.87,12.81,130.09,112.93,41.87,351.17,3422.3,6.8926,73.81,50.24,10.17,364.8,10.59,6,4,0,1,1,8,3,-0.8149,-0.5796,3665.4,2787.9,13.52,27.99,3644.3,2762.6,13.38,25.74,3655.6,2917.2,13.07,26.93,3614.5,2759.6,13.07,26.54,3438.7,2715.9,12.58,25.37,3111.5,2375.1,12.0,25.05,3667.81,33.24,13.33,3643.92,68.39,13.17,3453.28,221.75,12.6,2985.72,667.33,11.77,0.0281,0.0807,-0.0199,0.0274,0.035,1.3165,3744.7,3775.0,3799.4,3965.7,12.77,25.61,0,HOLD_NEUTRAL
2020-08-26,2883.1,3744.7,25.37,12.26,129.57,122.61,42.96,357.78,3372.6,6.9294,74.02,50.17,10.43,364.9,10.96,7,5,0,1,2,8,3,-0.8248,-0.5655,3716.1,2822.8,12.81,26.87,3665.4,2787.9,13.52,27.99,3644.3,2762.6,13.38,25.74,3615.9,2811.0,13.52,25.99,3576.6,2778.9,12.68,25.65,3001.2,2490.1,11.5,23.47,3686.21,35.29,13.15,3655.93,70.39,13.14,3478.06,210.76,12.62,3023.89,643.33,11.81,0.0356,0.047,-0.0932,0.0292,0.0346,1.2988,3765.1,3743.4,3939.1,4178.8,13.14,26.5,0,HOLD_NEUTRAL
2020-08-27,2836.5,3765.1,26.13,12.77,132.72,110.66,41.47,363.72,3412.1,6.893,73.93,50.29,10.45,364.9,10.98,6,4,0,1,3,8,3,-0.8344,-0.5512,3744.7,2883.1,12.26,25.37,3716.1,2822.8,12.81,26.87,3665.4,2787.9,13.52,27.99,3691.9,2764.5,13.45,27.1,3677.1,2707.3,13.38,26.52,2980.9,2366.1,11.34,24.91,3696.67,46.37,13.05,3662.21,76.12,13.09,3504.2,195.01,12.67,3061.88,617.74,11.86,0.0198,0.0239,-0.0506,0.0285,0.0353,1.3274,3690.3,3928.9,3813.1,4097.3,13.65,27.8,1,CHARTER_NOW
2020-08-28,2862.9,3690.3,27.32,13.14,135.51,124.84,44.71,404.83,3454.7,6.8612,74.4,49.78,9.97,364.9,10.59,7,4,0,1,4,8,3,-0.8437,-0.5368,3765.1,2836.5,12.77,26.13,3744.7,2883.1,12.26,25.37,3716.1,2822.8,12.81,26.87,3685.5,2859.1,13.56,26.61,3764.7,2910.8,13.59,27.31,3033.3,2496.1,11.25,23.63,3697.36,46.21,12.99,3656.9,70.83,13.06,3526.1,176.3,12.73,3100.56,581.6,11.91,0.0013,-0.0198,-0.031,0.0308,0.0367,1.289,3778.0,3806.4,3834.6,4144.4,13.37,26.57,0,HOLD_NEUTRAL
2020-08-31,2940.2,3778.0,28.03,13.28,134.05,123.26,46.65,424.01,3362.1,6.8402,74.5,50.18,10.38,365.0,10.32,7,5,0,1,0,8,3,-0.8703,-0.4925,3690.3,2862.9,13.14,27.32,3765.1,2836.5,12.77,26.13,3744.7,2883.1,12.26,25.37,3655.6,2917.2,13.07,26.93,3483.4,2729.0,13.01,26.71,3130.0,2547.1,12.06,24.86,3714.84,50.71,13.02,3677.94,57.9,13.08,3547.7,165.46,12.77,3138.98,547.38,11.97,0.0335,0.0846,0.0161,0.0319,0.0355,1.2849,3814.0,3819.0,3727.8,4239.3,13.51,26.11,0,HOLD_NEUTRAL
2020-09-01,2947.7,3814.0,26.46,12.81,128.84,124.75,48.12,414.87,3418.5,6.9072,74.22,50.1,10.45,365.0,10.23,7,4,0,1,1,9,3,-0.8786,-0.4775,3778.0,2940.2,13.28,28.03,3690.3,2862.9,13.14,27.32,3765.1,2836.5,12.77,26.13,3644.3,2762.6,13.38,25.74,3637.3,2808.9,11.92,27.73,3280.1,2529.2,12.21,25.59,3739.09,51.92,12.94,3690.56,66.92,13.14,3565.5,164.39,12.79,3177.43,510.59,12.03,0.0466,0.0486,-0.0426,0.0324,0.0338,1.2939,3895.8,3924.4,3789.0,4166.5,13.21,27.42,0,HOLD_NEUTRAL
2020-09-02,2884.9,3895.8,27.81,12.69,131.6,119.86,45.6,396.11,3421.7,6.8669,73.97,49.92,10.35,365.1,10.71,7,5,0,1,2,9,3,-0.8867,-0.4623,3814.0,2947.7,12.81,26.46,3778.0,2940.2,13.28,28.03,3690.3,2862.9,13.14,27.32,3665.4,2787.9,13.52,27.99,3586.6,2820.0,13.38,28.33,3340.4,2669.5,12.7,24.91,3772.0,67.97,12.82,3712.65,79.76,13.1,3584.01,169.37,12.79,3217.93,467.04,12.09,0.0629,0.0862,-0.0614,0.0312,0.0338,1.3504,3775.0,3835.6,3845.4,4190.2,12.25,26.21,0,HOLD_NEUTRAL
2020-09-03,2945.7,3775.0,25.61,12.77,134.22,146.98,48.46,387.89,3373.9,6.9034,74.08,50.25,10.44,365.1,10.79,6,4,0,1,3,9,3,-0.8945,-0.447,3895.8,2884.9,12.69,27.81,3814.0,2947.7,12.81,26.46,3778.0,2940.2,13.28,28.03,3716.1,2822.8,12.81,26.87,3614.5,2759.6,13.07,26.54,3230.1,2514.7,11.28,25.09,3780.41,63.39,12.82,3724.11,76.01,13.07,3602.17,159.01,12.84,3252.06,429.58,12.14,0.0158,0.0444,-0.0031,0.0304,0.0356,1.2815,3743.4,3799.4,3853.1,4219.6,12.99,27.51,0,HOLD_NEUTRAL
2020-09-04,2922.6,3743.4,26.5,13.14,134.5,134.23,43.1,366.54,3452.6,6.896,74.04,50.72,10.11,365.1,10.67,5,4,0,1,4,9,3,-0.9021,-0.4315,3775.0,2945.7,12.77,25.61,3895.8,2884.9,12.69,27.81,3814.0,2947.7,12.81,26.46,3744.7,2883.1,12.26,25.37,3615.9,2811.0,13.52,25.99,3303.1,2500.6,11.87,25.63,3780.23,63.51,12.94,3733.22,69.4,13.05,3616.85,150.54,12.89,3290.16,364.08,12.2,-0.0003,0.0353,0.0718,0.0279,0.0359,1.2808,3928.9,3939.1,3870.2,4255.0,13.05,26.58,1,CHARTER_NOW
2020-09-07,3036.0,3928.9,27.8,13.65,141.91,114.82,42.68,360.76,3398.6,6.8993,73.97,50.15,10.23,365.2,10.63,6,4,0,1,0,9,3,-0.9232,-0.3844,3743.4,2922.6,13.14,26.5,3775.0,2945.7,12.77,25.61,3895.8,2884.9,12.69,27.81,3765.1,2836.5,12.77,26.13,3691.9,2764.5,13.45,27.1,3422.4,2649.1,12.19,25.0,3803.63,83.91,13.07,3750.15,85.57,13.06,3633.73,156.28,12.94,3309.26,367.06,12.23,0.0435,0.0642,0.0689,0.0264,0.0361,1.2941,3806.4,3813.1,4016.0,4253.6,13.02,26.68,0,HOLD_NEUTRAL
2020-09-08,2934.7,3806.4,26.57,13.37,131.44,126.03,45.7,383.3,3396.3,6.8862,74.2,50.17,10.59,365.3,10.48,6,5,0,1,1,9,3,-0.9296,-0.3685,3928.9,3036.0,13.65,27.8,3743.4,2922.6,13.14,26.5,3775.0,2945.7,12.77,25.61,3690.3,2862.9,13.14,27.32,3685.5,2859.1,13.56,26.61,3304.9,2615.0,12.34,25.36,3820.21,67.68,13.1,3758.79,84.64,13.05,3650.45,146.4,12.97,3324.52,368.41,12.27,0.0315,0.0328,0.0175,0.0287,0.0345,1.297,3819.0,3834.6,4061.6,4420.9,13.35,26.13,0,HOLD_NEUTRAL
2020-09-09,2935.2,3819.0,26.11,13.51,137.78,119.86,46.54,394.49,3484.8,6.8969,74.38,50.79,10.38,365.3,10.77,6,4,0,1,2,9,3,-0.9358,-0.3524,3806.4,2934.7,13.37,26.57,3928.9,3036.0,13.65,27.8,3743.4,2922.6,13.14,26.5,3778.0,2940.2,13.28,28.03,3655.6,2917.2,13.07,26.93,3363.8,2609.7,12.33,25.4,3826.07,65.14,13.13,3770.46,80.48,13.08,3665.62,139.07,13.01,3339.71,369.7,12.3,0.0109,0.0447,0.0173,0.0292,0.0361,1.3011,3924.4,3727.8,4191.1,4507.2,13.03,26.68,0,HOLD_NEUTRAL
2020-09-10,3043.2,3924.4,27.42,13.21,141.21,116.94,45.85,386.11,3430.4,6.882,74.36,50.76,10.45,365.3,10.97,6,5,0,1,3,9,3,-0.9418,-0.3363,3819.0,2935.2,13.51,26.11,3806.4,2934.7,13.37,26.57,3928.9,3036.0,13.65,27.8,3814.0,2947.7,12.81,26.46,3644.3,2762.6,13.38,25.74,3443.9,2668.8,12.35,25.22,3841.84,74.43,13.19,3790.46,81.51,13.07,3681.64,140.32,13.04,3357.34,371.98,12.34,0.0289,0.0769,0.0312,0.0292,0.036,1.2896,3835.6,3789.0,4090.6,4388.9,13.19,26.52,0,HOLD_NEUTRAL
2020-09-11,3031.0,3835.6,26.21,12.25,144.0,114.64,42.24,343.49,3445.6,6.8668,74.24,51.12,10.28,365.4,10.19,6,4,0,1,4,9,3,-0.9474,-0.32,3924.4,3043.2,13.21,27.42,3819.0,2935.2,13.51,26.11,3806.4,2934.7,13.37,26.57,3895.8,2884.9,12.69,27.81,3665.4,2787.9,13.52,27.99,3425.6,2729.6,12.53,27.04,3833.24,70.54,13.13,3802.62,73.75,12.98,3695.31,134.36,13.03,3374.28,370.2,12.37,-0.0155,0.0464,-0.0347,0.028,0.0375,1.2655,3799.4,3845.4,3911.9,4318.4,12.99,26.25,0,HOLD_NEUTRAL
2020-09-14,2864.0,3799.4,27.51,12.99,136.29,128.06,45.97,401.55,3464.1,6.8576,74.28,49.31,10.4,365.5,10.61,6,4,0,1,0,9,3,-0.9627,-0.2707,3835.6,3031.0,12.25,26.21,3924.4,3043.2,13.21,27.42,3819.0,2935.2,13.51,26.11,3775.0,2945.7,12.77,25.61,3716.1,2822.8,12.81,26.87,3459.9,2699.7,12.29,25.46,3836.73,67.73,13.16,3808.57,69.46,12.99,3706.62,128.0,13.05,3388.75,369.55,12.4,0.0065,0.0224,0.0172,0.0309,0.0359,1.3266,3939.1,3853.1,3966.5,4459.4,12.61,27.48,0,HOLD_NEUTRAL
2020-09-15,3054.9,3939.1,26.58,13.05,139.44,119.85,43.83,365.2,3395.1,6.8152,74.25,50.79,9.94,365.5,10.43,5,4,0,1,1,9,3,-0.9672,-0.2541,3799.4,2864.0,12.99,27.51,3835.6,3031.0,12.25,26.21,3924.4,3043.2,13.21,27.42,3743.4,2922.6,13.14,26.5,3744.7,2883.1,12.26,25.37,3425.1,2629.9,12.78,26.33,3864.69,63.01,13.15,3822.46,74.93,13.04,3723.76,123.33,13.06,3405.65,371.17,12.43,0.0523,0.0519,-0.0068,0.028,0.0354,1.2894,3813.1,3870.2,3941.7,4481.6,13.27,28.32,0,HOLD_NEUTRAL
2020-09-16,2916.1,3813.1,26.68,13.02,139.98,132.36,47.44,405.48,3462.7,6.8815,73.96,50.65,10.57,365.5,10.32,7,4,0,1,2,9,3,-0.9714,-0.2375,3939.1,3054.9,13.05,26.58,3799.4,2864.0,12.99,27.51,3835.6,3031.0,12.25,26.21,3928.9,3036.0,13.65,27.8,3765.1,2836.5,12.77,26.13,3438.7,2715.9,12.58,25.37,3848.14,58.37,13.06,3825.89,73.18,13.06,3736.24,111.9,13.08,3421.35,368.09,12.45,-0.0295,0.0127,-0.0462,0.0311,0.0367,1.3076,3834.6,4016.0,3965.7,4392.7,13.3,27.31,1,CHARTER_NOW
2020-09-17,2927.7,3834.6,26.13,13.35,139.06,132.7,46.95,424.16,3402.6,6.9327,74.33,49.85,10.76,365.6,10.39,8,4,0,1,3,9,3,-0.9753,-0.2207,3813.1,2916.1,13.02,26.68,3939.1,3054.9,13.05,26.58,3799.4,2864.0,12.99,27.51,3806.4,2934.7,13.37,26.57,3690.3,2862.9,13.14,27.32,3576.6,2778.9,12.68,25.65,3852.17,55.93,13.05,3836.19,61.91,13.08,3744.84,109.09,13.1,3437.0,365.3,12.48,0.0074,0.0391,-0.0015,0.0318,0.0363,1.3098,3727.8,4061.6,4178.8,4564.0,14.02,28.19,1,CHARTER_NOW
2020-09-18,2788.9,3727.8,26.68,13.03,138.41,135.69,44.65,372.62,3402.2,6.9093,74.15,50.5,10.19,365.6,10.69,7,4,0,1,4,9,3,-0.979,-0.2039,3834.6,2927.7,13.35,26.13,3813.1,2916.1,13.02,26.68,3939.1,3054.9,13.05,26.58,3819.0,2935.2,13.51,26.11,3778.0,2940.2,13.28,28.03,3677.1,2707.3,13.38,26.52,3839.14,72.97,12.99,3832.61,66.8,13.06,3746.53,108.4,13.09,3453.35,355.71,12.51,-0.0239,-0.0133,-0.0355,0.0286,0.0371,1.3367,3789.0,4191.1,4097.3,4606.1,13.44,28.35,1,CHARTER_NOW
2020-09-21,2890.7,3789.0,26.52,13.19,140.97,119.14,45.59,359.62,3415.2,6.8949,73.98,50.96,10.22,365.7,10.68,6,4,0,1,0,9,3,-0.9882,-0.1531,3727.8,2788.9,13.03,26.68,3834.6,2927.7,13.35,26.13,3813.1,2916.1,13.02,26.68,3924.4,3043.2,13.21,27.42,3814.0,2947.7,12.81,26.46,3764.7,2910.8,13.59,27.31,3819.8,64.0,12.98,3830.82,67.66,13.09,3747.34,108.63,13.07,3469.47,348.45,12.55,-0.0345,-0.0066,-0.0015,0.0273,0.0372,1.3108,3845.4,4090.6,4144.4,4424.6,13.68,27.09,1,CHARTER_NOW
2020-09-22,2891.2,3845.4,26.25,12.99,131.76,129.24,44.66,380.25,3404.1,6.8662,74.41,49.95,10.5,365.7,10.89,6,4,0,1,1,9,3,-0.9907,-0.1361,3789.0,2890.7,13.19,26.52,3727.8,2788.9,13.03,26.68,3834.6,2927.7,13.35,26.13,3835.6,3031.0,12.25,26.21,3895.8,2884.9,12.69,27.81,3483.4,2729.0,13.01,26.71,3821.2,64.51,13.09,3827.22,65.24,13.11,3759.4,97.87,13.07,3488.2,337.62,12.59,0.0026,-0.0129,0.0604,0.0293,0.0343,1.33,3853.1,3911.9,4239.3,4558.0,13.59,29.09,0,HOLD_NEUTRAL
2020-09-23,2922.8,3853.1,27.48,12.61,142.33,130.57,46.51,409.46,3455.8,6.9184,74.17,50.68,10.71,365.8,10.6,6,4,0,1,2,9,3,-0.9929,-0.1191,3845.4,2891.2,12.99,26.25,3789.0,2890.7,13.19,26.52,3727.8,2788.9,13.03,26.68,3799.4,2864.0,12.99,27.51,3775.0,2945.7,12.77,25.61,3637.3,2808.9,11.92,27.73,3828.87,64.68,13.03,3832.8,63.75,13.1,3766.6,96.51,13.09,3505.54,328.93,12.6,0.0141,0.0207,-0.0293,0.0325,0.0369,1.3183,3870.2,3966.5,4166.5,4549.9,13.22,26.98,0,HOLD_NEUTRAL
2020-09-24,2902.0,3870.2,28.32,13.27,140.83,122.42,48.39,432.58,3437.5,6.8851,74.39,50.93,10.41,365.8,10.24,7,4,0,1,3,9,3,-0.9948,-0.102,3853.1,2922.8,12.61,27.48,3845.4,2891.2,12.99,26.25,3789.0,2890.7,13.19,26.52,3939.1,3054.9,13.05,26.58,3743.4,2922.6,13.14,26.5,3586.6,2820.0,13.38,28.33,3819.03,48.26,13.07,3841.86,58.9,13.11,3776.05,92.06,13.09,3520.62,324.47,12.64,-0.0175,0.0339,0.0169,0.0326,0.0364,1.3336,4016.0,3941.7,4190.2,4555.8,13.66,27.93,0,HOLD_NEUTRAL
2020-09-25,3027.8,4016.0,27.31,13.3,140.0,120.34,44.96,370.94,3412.1,6.9362,74.55,49.89,10.17,365.8,10.54,7,4,0,1,4,9,3,-0.9964,-0.0848,3870.2,2902.0,13.27,28.32,3853.1,2922.8,12.61,27.48,3845.4,2891.2,12.99,26.25,3813.1,2916.1,13.02,26.68,3928.9,3036.0,13.65,27.8,3614.5,2759.6,13.07,26.54,3848.01,88.37,13.11,3848.08,71.95,13.08,3789.43,96.82,13.1,3540.37,317.76,12.67,0.0532,0.0222,0.0215,0.0279,0.0349,1.3264,4061.6,3965.7,4219.6,4589.1,13.11,28.03,0,HOLD_NEUTRAL
2020-09-28,3059.1,4061.6,28.19,14.02,148.11,138.35,47.8,411.01,3456.4,6.8601,74.12,50.42,10.38,365.9,10.3,6,4,0,1,0,9,3,-0.9994,-0.0333,4016.0,3027.8,13.3,27.31,3870.2,2902.0,13.27,28.32,3853.1,2922.8,12.61,27.48,3834.6,2927.7,13.35,26.13,3806.4,2934.7,13.37,26.57,3615.9,2811.0,13.52,25.99,3880.44,118.98,13.2,3866.31,90.51,13.13,3804.29,103.26,13.12,3556.89,318.68,12.71,0.0592,0.067,0.0502,0.0293,0.0365,1.3277,4191.1,4178.8,4255.0,4414.3,13.73,28.59,0,HOLD_NEUTRAL
2020-09-29,3167.2,4191.1,28.35,13.44,139.69,128.14,45.99,387.18,3424.3,6.8673,74.39,50.69,10.22,366.0,10.34,8,5,0,1,1,9,3,-0.9999,-0.0161,4061.6,3059.1,14.02,28.19,4016.0,3027.8,13.3,27.31,3870.2,2902.0,13.27,28.32,3727.8,2788.9,13.03,26.68,3819.0,2935.2,13.51,26.11,3691.9,2764.5,13.45,27.1,3946.63,145.76,13.26,3892.89,123.99,13.12,3820.93,122.88,13.12,3578.6,316.74,12.74,0.1243,0.0974,0.0315,0.0288,0.0333,1.3233,4090.6,4097.3,4253.6,4673.2,13.6,28.45,0,HOLD_NEUTRAL
2020-09-30,3017.3,4090.6,27.09,13.68,140.84,131.35,45.58,388.65,3423.6,6.8646,73.92,50.11,10.29,366.0,10.69,6,4,0,1,2,9,3,-1.0,0.0011,4191.1,3167.2,13.44,28.35,4061.6,3059.1,14.02,28.19,4016.0,3027.8,13.3,27.31,3789.0,2890.7,13.19,26.52,3924.4,3043.2,13.21,27.42,3685.5,2859.1,13.56,26.61,3989.71,135.63,13.33,3904.76,134.73,13.16,3834.43,129.56,13.12,3597.94,311.86,12.77,0.0796,0.0424,0.0371,0.0284,0.0344,1.3557,3911.9,4144.4,4420.9,4420.1,13.41,28.3,0,HOLD_NEUTRAL
2020-10-01,2911.3,3911.9,29.09,13.59,148.79,120.57,46.87,430.42,3437.9,6.8458,74.77,50.08,10.37,366.0,10.61,5,5,0,0,3,10,4,-0.9998,0.0183,4090.6,3017.3,13.68,27.09,4191.1,3167.2,13.44,28.35,4061.6,3059.1,14.02,28.19,3845.4,2891.2,12.99,26.25,3835.6,3031.0,12.25,26.21,3655.6,2917.2,13.07,26.93,3999.21,125.81,13.42,3910.21,133.26,13.25,3842.98,125.76,13.14,3614.12,302.24,12.8,0.0173,0.0199,0.0462,0.0317,0.038,1.3437,3966.5,4239.3,4507.2,4455.6,13.98,27.56,1,CHARTER_NOW
2020-10-02,3036.7,3966.5,26.98,13.22,140.04,117.75,45.25,369.66,3453.6,6.8623,74.05,50.51,10.24,366.1,10.69,5,4,0,0,4,10,4,-0.9994,0.0355,3911.9,2911.3,13.59,29.09,4090.6,3017.3,13.68,27.09,4191.1,3167.2,13.44,28.35,3853.1,2922.8,12.61,27.48,3799.4,2864.0,12.99,27.51,3644.3,2762.6,13.38,25.74,4015.41,110.19,13.5,3922.14,130.01,13.27,3853.72,121.9,13.13,3631.8,290.91,12.83,0.0294,0.044,0.0484,0.028,0.0353,1.3062,3941.7,4166.5,4388.9,4462.2,13.47,28.08,1,CHARTER_NOW
2020-10-05,2962.8,3941.7,27.93,13.66,141.79,122.78,46.28,397.75,3454.5,6.8942,74.28,51.05,10.28,366.2,10.49,6,4,0,0,0,10,4,-0.9962,0.087,3966.5,3036.7,13.22,26.98,3911.9,2911.3,13.59,29.09,4090.6,3017.3,13.68,27.09,3870.2,2902.0,13.27,28.32,3939.1,3054.9,13.05,26.58,3665.4,2787.9,13.52,27.99,4025.63,97.01,13.56,3922.33,130.04,13.31,3862.93,117.54,13.14,3648.02,280.23,12.85,0.0185,0.0007,0.0294,0.0291,0.036,1.3304,3965.7,4190.2,4318.4,4451.6,13.78,27.89,1,CHARTER_NOW
2020-10-06,3071.8,3965.7,28.03,13.11,143.37,126.28,45.18,392.81,3429.3,6.87,74.75,50.99,10.45,366.2,10.71,5,6,0,0,1,10,4,-0.9946,0.1041,3941.7,2962.8,13.66,27.93,3966.5,3036.7,13.22,26.98,3911.9,2911.3,13.59,29.09,4016.0,3027.8,13.3,27.31,3813.1,2916.1,13.02,26.68,3716.1,2822.8,12.81,26.87,4018.44,99.67,13.53,3933.23,126.53,13.32,3871.25,115.61,13.15,3662.26,274.14,12.87,-0.0125,0.04,-0.0143,0.03,0.0362,1.291,4178.8,4219.6,4459.4,4490.1,13.84,28.31,1,CHARTER_NOW
2020-10-07,3165.7,4178.8,28.59,13.73,146.81,119.39,50.92,439.31,3472.8,6.7759,74.36,50.18,10.48,366.2,10.47,5,4,0,0,2,10,4,-0.9926,0.1212,3965.7,3071.8,13.11,28.03,3941.7,2962.8,13.66,27.93,3966.5,3036.7,13.22,26.98,4061.6,3059.1,14.02,28.19,3834.6,2927.7,13.35,26.13,3744.7,2883.1,12.26,25.37,4035.19,116.54,13.49,3957.81,138.74,13.35,3885.72,125.93,13.19,3681.89,268.1,12.91,0.0289,0.0898,-0.0207,0.032,0.0351,1.32,4097.3,4255.0,4481.6,4373.3,13.95,27.77,0,HOLD_NEUTRAL
2020-10-08,3132.6,4097.3,28.45,13.6,145.07,127.46,47.5,404.21,3436.5,6.924,74.13,51.04,10.16,366.3,10.77,5,5,0,0,3,10,4,-0.9904,0.1383,4178.8,3165.7,13.73,28.59,3965.7,3071.8,13.11,28.03,3941.7,2962.8,13.66,27.93,4191.1,3167.2,13.44,28.35,3727.8,2788.9,13.03,26.68,3765.1,2836.5,12.77,26.13,4021.79,99.82,13.51,3984.21,126.2,13.39,3896.79,129.51,13.22,3700.5,257.14,12.95,-0.0224,0.0991,0.0119,0.0297,0.0354,1.308,4144.4,4253.6,4392.7,4477.6,13.68,29.28,0,HOLD_NEUTRAL
2020-10-09,3202.9,4144.4,28.3,13.41,140.56,115.04,46.24,398.11,3422.5,6.8415,74.62,50.24,10.52,366.3,10.62,5,5,0,0,4,10,4,-0.9879,0.1553,4097.3,3132.6,13.6,28.45,4178.8,3165.7,13.73,28.59,3965.7,3071.8,13.11,28.03,4090.6,3017.3,13.68,27.09,3789.0,2890.7,13.19,26.52,3690.3,2862.9,13.14,27.32,4029.47,107.76,13.47,4009.59,119.48,13.4,3911.93,131.08,13.23,3719.01,248.13,12.98,0.0132,0.0938,-0.0197,0.0297,0.0339,1.294,4239.3,4420.9,4564.0,4611.5,13.93,30.06,1,CHARTER_NOW
2020-10-12,3177.6,4239.3,27.56,13.98,143.84,119.47,48.05,402.01,3397.5,6.9103,74.63,49.83,10.37,366.4,10.5,4,5,0,0,0,10,4,-0.9785,0.206,4144.4,3202.9,13.41,28.3,4097.3,3132.6,13.6,28.45,4178.8,3165.7,13.73,28.59,3911.9,2911.3,13.59,29.09,3845.4,2891.2,12.99,26.25,3778.0,2940.2,13.28,28.03,4076.24,118.71,13.53,4037.73,124.12,13.47,3927.3,141.47,13.25,3737.5,244.8,13.01,0.0837,0.1024,0.0287,0.0288,0.0339,1.3341,4166.5,4507.2,4606.1,4618.1,14.32,30.12,1,CHARTER_NOW
2020-10-13,3117.8,4166.5,28.08,13.47,143.89,133.06,47.51,406.32,3484.4,6.8938,74.31,50.54,10.59,366.4,10.58,4,4,0,0,1,10,4,-0.9749,0.2228,4239.3,3177.6,13.98,27.56,4144.4,3202.9,13.41,28.3,4097.3,3132.6,13.6,28.45,3966.5,3036.7,13.22,26.98,3853.1,2922.8,12.61,27.48,3814.0,2947.7,12.81,26.46,4104.81,111.76,13.57,4060.11,116.28,13.53,3939.05,146.29,13.28,3752.28,243.47,13.04,0.0504,0.0813,0.0189,0.0302,0.0345,1.3364,4190.2,4388.9,4424.6,4638.7,13.95,29.53,1,CHARTER_NOW
2020-10-14,3205.3,4190.2,27.89,13.78,145.87,132.73,47.37,398.01,3451.6,6.9566,74.34,51.38,10.61,366.5,10.53,4,4,0,0,2,10,4,-0.9709,0.2396,4166.5,3117.8,13.47,28.08,4239.3,3177.6,13.98,27.56,4144.4,3202.9,13.41,28.3,3941.7,2962.8,13.66,27.93,3870.2,2902.0,13.27,28.32,3895.8,2884.9,12.69,27.81,4140.31,88.33,13.58,4082.97,107.17,13.57,3948.87,153.01,13.31,3766.44,243.83,13.05,0.063,0.0827,0.0088,0.0289,0.0348,1.3073,4219.6,4318.4,4558.0,4685.5,13.72,28.15,0,HOLD_NEUTRAL
2020-10-15,3206.0,4219.6,28.31,13.84,147.76,125.43,48.93,420.18,3459.7,6.9232,74.37,51.15,10.34,366.5,10.85,4,4,0,0,3,10,4,-0.9666,0.2562,4190.2,3205.3,13.78,27.89,4166.5,3117.8,13.47,28.08,4239.3,3177.6,13.98,27.56,3965.7,3071.8,13.11,28.03,4016.0,3027.8,13.3,27.31,3775.0,2945.7,12.77,25.61,4176.59,47.25,13.69,4097.51,111.12,13.61,3963.69,157.07,13.35,3782.93,240.37,13.1,0.064,0.0507,0.0557,0.0304,0.035,1.3162,4255.0,4459.4,4549.9,4722.4,14.95,29.17,1,CHARTER_NOW
2020-10-16,3193.8,4255.0,27.77,13.95,148.02,120.9,49.24,410.42,3490.1,6.8784,74.43,50.8,10.58,366.5,10.58,5,4,0,0,4,10,4,-0.9621,0.2728,4219.6,3206.0,13.84,28.31,4190.2,3205.3,13.78,27.89,4166.5,3117.8,13.47,28.08,4178.8,3165.7,13.73,28.59,4061.6,3059.1,14.02,28.19,3743.4,2922.6,13.14,26.5,4187.47,55.84,13.72,4111.33,118.12,13.6,3980.74,160.07,13.38,3798.8,239.58,13.13,0.0182,0.0476,0.016,0.0294,0.0348,1.3323,4253.6,4481.6,4555.8,4558.2,13.91,28.91,1,CHARTER_NOW
2020-10-19,3271.9,4253.6,29.28,13.68,141.85,121.0,47.09,404.73,3440.2,6.8731,74.03,50.6,10.29,366.6,10.52,5,4,0,0,0,10,4,-0.9467,0.3221,4255.0,3193.8,13.95,27.77,4219.6,3206.0,13.84,28.31,4190.2,3205.3,13.78,27.89,4097.3,3132.6,13.6,28.45,4191.1,3167.2,13.44,28.35,3928.9,3036.0,13.65,27.8,4209.8,43.71,13.73,4115.79,122.46,13.62,3991.56,167.26,13.38,3812.65,241.47,13.16,0.0381,0.0149,0.0059,0.0296,0.0333,1.3,4420.9,4392.7,4589.1,4757.3,13.99,29.35,0,HOLD_NEUTRAL
2020-10-20,3298.7,4420.9,30.06,13.93,151.22,126.07,47.06,399.67,3410.0,6.9395,74.47,50.63,10.73,366.7,10.47,4,4,0,0,1,10,4,-0.941,0.3383,4253.6,3271.9,13.68,29.28,4255.0,3193.8,13.95,27.77,4219.6,3206.0,13.84,28.31,4144.4,3202.9,13.41,28.3,4090.6,3017.3,13.68,27.09,3806.4,2934.7,13.37,26.57,4249.3,82.49,13.8,4139.39,146.66,13.64,4012.05,180.87,13.4,3831.25,244.66,13.18,0.0667,0.0807,0.0388,0.0287,0.0342,1.3402,4507.2,4564.0,4414.3,4708.8,13.77,29.73,0,HOLD_NEUTRAL
2020-10-21,3366.2,4507.2,30.12,14.32,148.91,133.88,47.66,417.59,3461.7,6.8503,74.97,50.93,10.31,366.7,10.68,5,5,0,0,2,10,4,-0.9351,0.3545,4420.9,3298.7,13.93,30.06,4253.6,3271.9,13.68,29.28,4255.0,3193.8,13.95,27.77,4239.3,3177.6,13.98,27.56,3911.9,2911.3,13.59,29.09,3819.0,2935.2,13.51,26.11,4287.57,127.14,13.85,4181.91,161.21,13.69,4034.99,198.34,13.42,3850.3,252.05,13.22,0.0632,0.1522,0.0243,0.0292,0.033,1.339,4388.9,4606.1,4673.2,4667.2,14.64,29.88,0,HOLD_NEUTRAL
2020-10-22,3290.0,4388.9,29.53,13.95,152.82,136.18,44.06,379.02,3471.1,6.9006,74.3,50.3,10.54,366.7,10.65,5,4,0,0,3,10,4,-0.9288,0.3705,4507.2,3366.2,14.32,30.12,4420.9,3298.7,13.93,30.06,4253.6,3271.9,13.68,29.28,4166.5,3117.8,13.47,28.08,3966.5,3036.7,13.22,26.98,3924.4,3043.2,13.21,27.42,4319.34,119.4,13.92,4212.08,157.27,13.74,4050.47,207.34,13.45,3866.06,255.72,13.24,0.0534,0.1065,0.0356,0.0272,0.0348,1.334,4318.4,4424.6,4420.1,4751.6,13.81,30.13,0,HOLD_NEUTRAL
2020-10-23,3197.0,4318.4,28.15,13.72,150.09,125.67,45.54,368.36,3452.3,6.8911,74.39,50.72,10.43,366.8,10.45,5,5,0,0,4,10,4,-0.9223,0.3864,4388.9,3290.0,13.95,29.53,4507.2,3366.2,14.32,30.12,4420.9,3298.7,13.93,30.06,4190.2,3205.3,13.78,27.89,3941.7,2962.8,13.66,27.93,3835.6,3031.0,12.25,26.21,4337.66,105.28,13.91,4238.99,138.57,13.75,4066.56,208.82,13.5,3880.93,255.63,13.26,0.0306,0.0956,-0.0044,0.0268,0.0348,1.3508,4459.4,4558.0,4455.6,4632.8,14.53,30.39,1,CHARTER_NOW
2020-10-26,3337.9,4459.4,29.17,14.95,153.05,120.91,50.89,441.18,3516.6,6.8854,74.26,50.81,10.27,366.9,10.27,4,4,0,0,0,10,4,-0.9012,0.4335,4318.4,3197.0,13.72,28.15,4388.9,3290.0,13.95,29.53,4507.2,3366.2,14.32,30.12,4219.6,3206.0,13.84,28.31,3965.7,3071.8,13.11,28.03,3799.4,2864.0,12.99,27.51,4371.91,99.31,14.07,4274.25,125.91,13.88,4088.56,214.39,13.56,3897.59,260.26,13.31,0.0568,0.1245,0.0802,0.0295,0.0343,1.336,4481.6,4549.9,4462.2,4647.7,14.25,29.13,0,HOLD_NEUTRAL
2020-10-27,3418.1,4481.6,28.91,13.91,151.3,131.75,51.44,418.94,3379.1,6.9065,74.71,50.21,10.66,366.9,10.31,5,4,0,0,1,10,4,-0.8936,0.4489,4459.4,3337.9,14.95,29.17,4318.4,3197.0,13.72,28.15,4388.9,3290.0,13.95,29.53,4255.0,3193.8,13.95,27.77,4178.8,3165.7,13.73,28.59,3939.1,3054.9,13.05,26.58,4404.29,91.47,14.07,4295.88,134.0,13.89,4106.65,224.01,13.59,3915.2,263.47,13.33,0.0533,0.0725,-0.0029,0.0301,0.0338,1.3111,4392.7,4555.8,4451.6,4541.3,14.37,29.05,0,HOLD_NEUTRAL
2020-10-28,3313.6,4392.7,29.35,13.99,154.4,123.74,48.09,399.16,3506.5,6.9018,74.87,50.51,10.36,366.9,10.45,5,4,0,0,2,10,4,-0.8857,0.4642,4481.6,3418.1,13.91,28.91,4459.4,3337.9,14.95,29.17,4318.4,3197.0,13.72,28.15,4253.6,3271.9,13.68,29.28,4097.3,3132.6,13.6,28.45,3813.1,2916.1,13.02,26.68,4424.16,64.38,14.11,4316.98,123.15,13.92,4125.97,222.82,13.62,3931.1,263.01,13.35,0.0327,0.0721,0.0227,0.0285,0.0351,1.3257,4564.0,4589.1,4490.1,4709.2,14.07,29.92,1,CHARTER_NOW
2020-10-29,3402.5,4564.0,29.73,13.77,152.05,126.21,49.63,410.33,3496.1,6.9101,74.87,51.22,10.14,367.0,10.76,5,5,0,0,3,10,4,-0.8776,0.4794,4392.7,3313.6,13.99,29.35,4481.6,3418.1,13.91,28.91,4459.4,3337.9,14.95,29.17,4420.9,3298.7,13.93,30.06,4144.4,3202.9,13.41,28.3,3834.6,2927.7,13.35,26.13,4444.6,83.15,14.09,4346.95,128.84,13.95,4150.28,229.62,13.64,3947.56,271.21,13.37,0.0324,0.1012,-0.0115,0.0298,0.0333,1.3414,4606.1,4414.3,4373.3,4864.8,13.96,29.9,0,HOLD_NEUTRAL
2020-10-30,3419.8,4606.1,29.88,14.64,150.35,140.21,49.21,431.1,3485.6,6.9008,74.27,51.02,9.91,367.0,10.43,5,5,0,0,4,10,4,-0.8692,0.4944,4564.0,3402.5,13.77,29.73,4392.7,3313.6,13.99,29.35,4481.6,3418.1,13.91,28.91,4507.2,3366.2,14.32,30.12,4239.3,3177.6,13.98,27.56,3727.8,2788.9,13.03,26.68,4458.73,101.86,14.13,4373.15,141.9,13.99,4179.56,229.88,13.69,3963.04,281.82,13.39,0.0219,0.0865,0.0223,0.0294,0.0326,1.3469,4424.6,4673.2,4477.6,4771.6,15.0,30.3,0,HOLD_NEUTRAL
2020-11-02,3328.3,4424.6,30.13,13.81,158.79,136.65,54.35,423.97,3356.3,6.9098,74.73,50.86,10.31,367.1,10.36,6,4,0,0,0,11,4,-0.8426,0.5386,4606.1,3419.8,14.64,29.88,4564.0,3402.5,13.77,29.73,4392.7,3313.6,13.99,29.35,4388.9,3290.0,13.95,29.53,4166.5,3117.8,13.47,28.08,3789.0,2890.7,13.19,26.52,4463.83,98.62,14.11,4391.59,129.19,14.02,4200.74,221.8,13.71,3974.04,286.78,13.39,0.0081,0.0619,-0.01,0.0307,0.0359,1.3294,4558.0,4420.1,4611.5,4674.8,14.19,30.32,0,HOLD_NEUTRAL
2020-11-03,3434.6,4558.0,30.39,14.53,154.64,131.81,50.88,463.64,3519.1,6.9003,74.97,50.55,10.77,367.1,10.12,4,4,0,0,1,11,4,-0.8332,0.553,4424.6,3328.3,13.81,30.13,4606.1,3419.8,14.64,29.88,4564.0,3402.5,13.77,29.73,4318.4,3197.0,13.72,28.15,4190.2,3205.3,13.78,27.89,3845.4,2891.2,12.99,26.25,4498.06,79.45,14.23,4417.86,122.3,14.07,4224.5,220.58,13.76,3991.95,289.17,13.42,0.0555,0.0878,0.059,0.0319,0.0339,1.3271,4549.9,4455.6,4618.1,4704.7,13.99,30.35,0,HOLD_NEUTRAL
2020-11-04,3422.4,4549.9,29.13,14.25,153.92,121.27,48.69,423.76,3439.4,6.8779,74.74,51.94,10.74,367.2,10.77,5,4,0,0,2,11,4,-0.8235,0.5672,4558.0,3434.6,14.53,30.39,4424.6,3328.3,13.81,30.13,4606.1,3419.8,14.64,29.88,4459.4,3337.9,14.95,29.17,4219.6,3206.0,13.84,28.31,3853.1,2922.8,12.61,27.48,4510.99,79.48,14.13,4441.45,112.58,14.1,4247.72,216.78,13.82,4007.16,294.16,13.46,0.0203,0.0783,-0.0468,0.0297,0.0338,1.3294,4555.8,4462.2,4638.7,4709.5,14.05,29.48,0,HOLD_NEUTRAL
2020-11-05,3379.1,4555.8,29.05,14.37,148.28,132.57,47.25,404.01,3458.7,6.898,74.74,50.63,10.35,367.2,10.58,5,5,0,0,3,11,4,-0.8137,0.5813,4549.9,3422.4,14.25,29.13,4558.0,3434.6,14.53,30.39,4424.6,3328.3,13.81,30.13,4481.6,3418.1,13.91,28.91,4255.0,3193.8,13.95,27.77,3870.2,2902.0,13.27,28.32,4521.59,79.85,14.19,4462.94,102.51,14.13,4270.58,211.69,13.85,4023.31,297.27,13.47,0.0166,0.0707,0.0331,0.0281,0.0325,1.3482,4589.1,4451.6,4685.5,4750.7,14.88,28.95,0,HOLD_NEUTRAL
2020-11-06,3433.3,4589.1,29.92,14.07,148.53,139.14,46.14,393.08,3471.6,6.8767,74.51,51.25,10.42,367.2,10.62,4,5,0,0,4,11,4,-0.8035,0.5952,4555.8,3379.1,14.37,29.05,4549.9,3422.4,14.25,29.13,4558.0,3434.6,14.53,30.39,4392.7,3313.6,13.99,29.35,4253.6,3271.9,13.68,29.28,4016.0,3027.8,13.3,27.31,4549.64,58.73,14.21,4486.9,88.0,14.16,4289.68,213.77,13.88,4039.56,301.15,13.49,0.0447,0.0789,0.0057,0.0279,0.0324,1.3366,4414.3,4490.1,4722.4,4835.7,14.23,28.67,0,HOLD_NEUTRAL
2020-11-09,3329.2,4414.3,29.9,13.96,154.44,128.53,49.56,420.43,3495.3,6.8754,74.7,50.86,10.41,367.3,10.65,6,4,0,0,0,11,4,-0.7718,0.6359,4589.1,3433.3,14.07,29.92,4555.8,3379.1,14.37,29.05,4549.9,3422.4,14.25,29.13,4564.0,3402.5,13.77,29.73,4420.9,3298.7,13.93,30.06,4061.6,3059.1,14.02,28.19,4528.26,77.03,14.23,4486.43,88.4,14.16,4301.44,210.47,13.88,4052.86,299.75,13.5,-0.0328,-0.0015,0.0138,0.0301,0.035,1.3259,4673.2,4373.3,4558.2,4790.7,13.83,28.79,0,HOLD_NEUTRAL
2020-11-10,3420.5,4673.2,30.3,15.0,154.26,141.67,47.89,411.89,3504.6,6.8889,74.97,51.16,10.24,367.3,10.42,4,5,0,0,1,11,4,-0.7607,0.6491,4414.3,3329.2,13.96,29.9,4589.1,3433.3,14.07,29.92,4555.8,3379.1,14.37,29.05,4606.1,3419.8,14.64,29.88,4507.2,3366.2,14.32,30.12,4191.1,3167.2,13.44,28.35,4537.84,91.2,14.28,4498.29,101.55,14.21,4317.51,219.94,13.93,4069.22,306.42,13.52,0.0146,0.0368,0.0246,0.0275,0.033,1.3662,4420.1,4477.6,4757.3,4914.0,14.19,30.22,-1,WAIT
2020-11-11,3317.3,4420.1,30.32,14.19,152.11,141.41,46.74,405.6,3514.6,6.8956,74.74,51.41,10.32,367.4,10.47,5,5,0,0,2,11,4,-0.7494,0.6621,4673.2,3420.5,15.0,30.3,4414.3,3329.2,13.96,29.9,4589.1,3433.3,14.07,29.92,4424.6,3328.3,13.81,30.13,4388.9,3290.0,13.95,29.53,4090.6,3017.3,13.68,27.09,4537.2,92.15,14.34,4500.51,99.28,14.23,4328.49,216.42,13.95,4081.46,305.5,13.53,-0.001,0.0071,0.0275,0.0286,0.0344,1.3324,4455.6,4611.5,4708.8,4916.0,14.3,31.09,1,CHARTER_NOW
2020-11-12,3223.5,4455.6,30.35,13.99,154.81,144.38,48.19,414.39,3513.1,6.9005,74.36,50.43,10.7,367.4,10.74,5,4,0,0,3,11,4,-0.7379,0.6749,4420.1,3317.3,14.19,30.32,4673.2,3420.5,15.0,30.3,4414.3,3329.2,13.96,29.9,4558.0,3434.6,14.53,30.39,4318.4,3197.0,13.72,28.15,3911.9,2911.3,13.59,29.09,4522.57,96.33,14.26,4510.31,85.78,14.24,4346.61,202.66,13.96,4094.8,304.05,13.55,-0.0225,0.0318,-0.0372,0.0296,0.0347,1.3822,4462.2,4618.1,4667.2,4998.4,13.98,29.64,0,HOLD_NEUTRAL
2020-11-13,3359.9,4462.2,29.48,14.05,159.73,134.37,47.47,403.84,3494.5,6.9271,74.56,51.19,10.61,367.4,10.48,5,5,0,0,4,11,4,-0.7262,0.6875,4455.6,3223.5,13.99,30.35,4420.1,3317.3,14.19,30.32,4673.2,3420.5,15.0,30.3,4549.9,3422.4,14.25,29.13,4459.4,3337.9,14.95,29.17,3966.5,3036.7,13.22,26.98,4510.04,97.87,14.23,4510.51,85.65,14.18,4363.14,190.44,13.99,4108.43,301.84,13.56,-0.0193,0.0006,-0.014,0.0287,0.0358,1.3281,4451.6,4638.7,4751.6,4965.1,14.2,30.96,0,HOLD_NEUTRAL
2020-11-16,3362.0,4451.6,28.95,14.88,157.72,136.67,52.61,435.41,3503.7,6.8854,75.0,51.87,10.57,367.5,10.55,4,5,0,0,0,11,4,-0.6898,0.724,4462.2,3359.9,14.05,29.48,4455.6,3223.5,13.99,30.35,4420.1,3317.3,14.19,30.32,4555.8,3379.1,14.37,29.05,4481.6,3418.1,13.91,28.91,3941.7,2962.8,13.66,27.93,4495.16,97.68,14.31,4508.37,86.8,14.25,4380.13,173.53,14.03,4121.53,299.34,13.58,-0.0229,-0.0067,0.0355,0.0293,0.0354,1.3241,4490.1,4685.5,4632.8,5038.8,14.22,30.0,1,CHARTER_NOW
2020-11-17,3391.0,4490.1,28.67,14.23,152.13,143.06,51.22,426.47,3452.1,6.9064,74.79,52.2,10.25,367.6,10.6,5,4,0,0,1,11,4,-0.6772,0.7358,4451.6,3362.0,14.88,28.95,4462.2,3359.9,14.05,29.48,4455.6,3223.5,13.99,30.35,4589.1,3433.3,14.07,29.92,4392.7,3313.6,13.99,29.35,3965.7,3071.8,13.11,28.03,4481.01,88.55,14.33,4515.33,80.49,14.27,4397.61,155.86,14.06,4134.43,298.24,13.61,-0.0216,0.0222,0.0114,0.03,0.0339,1.3241,4373.3,4722.4,4647.7,4933.1,14.25,30.46,1,CHARTER_NOW
2020-11-18,3259.1,4373.3,28.79,13.83,155.71,135.99,49.67,415.43,3465.1,6.9043,74.74,51.18,10.54,367.6,10.56,5,4,0,0,2,11,4,-0.6645,0.7473,4490.1,3391.0,14.23,28.67,4451.6,3362.0,14.88,28.95,4462.2,3359.9,14.05,29.48,4414.3,3329.2,13.96,29.9,4564.0,3402.5,13.77,29.73,4178.8,3165.7,13.73,28.59,4475.16,94.83,14.31,4501.71,87.45,14.27,4404.1,150.39,14.07,4144.91,295.35,13.63,-0.0093,-0.0418,-0.0093,0.03,0.0356,1.3419,4477.6,4558.2,4541.3,4848.6,14.55,30.14,1,CHARTER_NOW
2020-11-19,3361.1,4477.6,30.22,14.19,153.77,129.06,52.41,449.96,3523.9,6.8827,74.58,51.29,10.06,367.6,10.4,5,4,0,0,3,11,4,-0.6515,0.7586,4373.3,3259.1,13.83,28.79,4490.1,3391.0,14.23,28.67,4451.6,3362.0,14.88,28.95,4673.2,3420.5,15.0,30.3,4606.1,3419.8,14.64,29.88,4097.3,3132.6,13.6,28.45,4447.21,39.32,14.19,4492.53,82.24,14.24,4416.77,139.26,14.09,4156.78,294.14,13.66,-0.0419,-0.0279,-0.054,0.0317,0.0343,1.3322,4611.5,4757.3,4709.2,4814.6,14.56,29.05,1,CHARTER_NOW
2020-11-20,3502.6,4611.5,31.09,14.3,155.39,129.64,49.94,426.68,3523.0,6.9034,75.02,52.5,10.69,367.7,10.41,4,4,0,0,4,11,4,-0.6384,0.7697,4477.6,3361.1,14.19,30.22,4373.3,3259.1,13.83,28.79,4490.1,3391.0,14.23,28.67,4420.1,3317.3,14.19,30.32,4424.6,3328.3,13.81,30.13,4144.4,3202.9,13.41,28.3,4474.56,71.06,14.21,4505.88,85.47,14.27,4432.34,133.76,14.12,4172.14,293.42,13.67,0.0433,0.0422,0.0078,0.0298,0.0337,1.3166,4618.1,4708.8,4864.8,4773.2,14.51,29.84,0,HOLD_NEUTRAL
2020-11-23,3506.3,4618.1,29.64,13.98,156.16,134.98,48.41,373.9,3522.5,6.9319,75.16,51.93,10.58,367.8,10.57,5,5,0,0,0,11,4,-0.5978,0.8016,4611.5,3502.6,14.3,31.09,4477.6,3361.1,14.19,30.22,4373.3,3259.1,13.83,28.79,4455.6,3223.5,13.99,30.35,4558.0,3434.6,14.53,30.39,4239.3,3177.6,13.98,27.56,4497.77,88.29,14.21,4510.17,89.7,14.24,4444.97,132.78,14.12,4186.14,294.34,13.69,0.0365,0.0132,-0.0007,0.0267,0.0338,1.3171,4638.7,4667.2,4771.6,4841.2,15.01,30.68,0,HOLD_NEUTRAL
2020-11-24,3447.3,4638.7,30.96,14.2,156.24,123.7,52.76,446.62,3480.3,6.9077,75.07,50.98,10.26,367.8,10.56,5,5,0,0,1,11,4,-0.584,0.8118,4618.1,3506.3,13.98,29.64,4611.5,3502.6,14.3,31.09,4477.6,3361.1,14.19,30.22,4462.2,3359.9,14.05,29.48,4549.9,3422.4,14.25,29.13,4166.5,3117.8,13.47,28.08,4522.99,100.76,14.23,4516.51,95.67,14.23,4460.71,126.47,14.14,4199.88,295.91,13.71,0.0396,0.0195,0.0107,0.0315,0.0337,1.3456,4685.5,4751.6,4674.8,4734.9,15.3,30.78,0,HOLD_NEUTRAL
2020-11-25,3485.7,4685.5,30.0,14.22,154.04,132.49,51.04,429.41,3531.3,6.9091,75.12,50.99,10.86,367.8,10.64,5,3,0,0,2,11,4,-0.5699,0.8217,4638.7,3447.3,14.2,30.96,4618.1,3506.3,13.98,29.64,4611.5,3502.6,14.3,31.09,4451.6,3362.0,14.88,28.95,4555.8,3379.1,14.37,29.05,4190.2,3205.3,13.78,27.89,4556.4,111.37,14.14,4525.78,105.53,14.22,4477.22,122.2,14.16,4213.04,299.7,13.73,0.0525,0.0285,-0.0444,0.0302,0.0329,1.3442,4722.4,4632.8,4704.7,4755.7,14.24,28.86,0,HOLD_NEUTRAL
2020-11-26,3557.9,4722.4,30.46,14.25,157.93,141.98,48.26,407.93,3460.0,6.8813,74.68,51.88,10.18,367.9,10.51,6,4,0,0,3,11,4,-0.5557,0.8314,4685.5,3485.7,14.22,30.0,4638.7,3447.3,14.2,30.96,4618.1,3506.3,13.98,29.64,4490.1,3391.0,14.23,28.67,4589.1,3433.3,14.07,29.92,4219.6,3206.0,13.84,28.31,4589.59,122.38,14.14,4535.3,117.07,14.23,4493.98,120.11,14.17,4228.83,301.18,13.76,0.0517,0.029,0.0014,0.0286,0.0334,1.3273,4558.2,4647.7,4709.5,4771.8,14.26,28.32,0,HOLD_NEUTRAL
2020-11-27,3322.2,4558.2,30.14,14.55,156.83,117.51,49.84,414.23,3539.5,6.9618,74.65,50.81,10.64,367.9,10.52,3,3,0,0,4,11,4,-0.5413,0.8408,4722.4,3557.9,14.25,30.46,4685.5,3485.7,14.22,30.0,4638.7,3447.3,14.2,30.96,4373.3,3259.1,13.83,28.79,4414.3,3329.2,13.96,29.9,4255.0,3193.8,13.95,27.77,4616.0,80.82,14.24,4545.58,111.83,14.28,4504.09,111.77,14.19,4242.41,297.27,13.78,0.0423,0.0326,0.0521,0.0285,0.0344,1.372,4757.3,4541.3,4750.7,4795.0,13.99,29.27,0,HOLD_NEUTRAL
2020-11-30,3508.5,4757.3,29.05,14.56,150.1,145.64,48.77,425.11,3496.1,6.8839,74.75,51.98,10.65,368.0,10.3,5,5,0,0,0,11,4,-0.4972,0.8676,4558.2,3322.2,14.55,30.14,4722.4,3557.9,14.25,30.46,4685.5,3485.7,14.22,30.0,4477.6,3361.1,14.19,30.22,4673.2,3420.5,15.0,30.3,4253.6,3271.9,13.68,29.28,4655.96,69.31,14.29,4551.59,121.09,14.24,4520.88,110.67,14.22,4256.22,301.66,13.8,0.0625,0.018,0.0261,0.0292,0.0316,1.3559,4708.8,4709.2,4835.7,4728.1,14.9,30.2,0,HOLD_NEUTRAL
2020-12-01,3560.4,4708.8,29.84,14.51,166.33,142.73,47.91,417.15,3565.3,6.8536,74.81,51.58,10.3,368.0,10.27,4,5,0,0,1,12,4,-0.4822,0.8761,4757.3,3508.5,14.56,29.05,4558.2,3322.2,14.55,30.14,4722.4,3557.9,14.25,30.46,4611.5,3502.6,14.3,31.09,4420.1,3317.3,14.19,30.32,4420.9,3298.7,13.93,30.06,4669.86,68.66,14.32,4572.21,121.55,14.27,4530.47,114.13,14.24,4271.26,301.35,13.82,0.0211,0.0653,0.0147,0.0287,0.0353,1.3225,4667.2,4864.8,4790.7,4808.9,14.81,30.16,0,HOLD_NEUTRAL
2020-12-02,3515.8,4667.2,30.68,15.01,163.53,131.05,52.12,425.14,3454.3,6.9296,75.16,51.7,10.54,368.1,10.54,6,5,0,0,2,12,4,-0.4671,0.8842,4708.8,3560.4,14.51,29.84,4757.3,3508.5,14.56,29.05,4558.2,3322.2,14.55,30.14,4618.1,3506.3,13.98,29.64,4455.6,3223.5,13.99,30.35,4507.2,3366.2,14.32,30.12,4676.87,64.9,14.47,4587.32,119.07,14.34,4535.81,116.72,14.26,4285.4,299.67,13.84,0.0106,0.0475,0.0737,0.0283,0.035,1.3275,4751.6,4771.6,4914.0,4812.8,14.56,30.45,0,HOLD_NEUTRAL
2020-12-03,3539.5,4751.6,30.78,15.3,159.13,138.77,53.94,451.71,3570.4,6.9006,75.1,51.29,10.22,368.1,10.27,5,4,0,0,3,12,4,-0.4518,0.8921,4667.2,3515.8,15.01,30.68,4708.8,3560.4,14.51,29.84,4757.3,3508.5,14.56,29.05,4638.7,3447.3,14.2,30.96,4462.2,3359.9,14.05,29.48,4388.9,3290.0,13.95,29.53,4693.0,67.79,14.63,4607.99,120.78,14.43,4547.9,119.72,14.31,4299.18,301.8,13.88,0.0243,0.0649,0.0775,0.0295,0.0335,1.3424,4632.8,4674.8,4916.0,4855.7,14.36,30.54,0,HOLD_NEUTRAL
2020-12-04,3369.7,4632.8,28.86,14.24,160.67,134.9,48.05,395.05,3497.2,6.8952,74.95,51.1,9.98,368.1,10.37,5,5,0,0,4,12,4,-0.4364,0.8998,4751.6,3539.5,15.3,30.78,4667.2,3515.8,15.01,30.68,4708.8,3560.4,14.51,29.84,4685.5,3485.7,14.22,30.0,4451.6,3362.0,14.88,28.95,4318.4,3197.0,13.72,28.15,4685.47,71.58,14.63,4620.94,112.14,14.38,4558.38,112.48,14.32,4312.47,298.57,13.91,-0.0112,0.0407,0.0014,0.0277,0.0347,1.3748,4647.7,4704.7,4998.4,4744.6,14.34,30.6,0,HOLD_NEUTRAL
2020-12-07,3452.0,4647.7,28.32,14.26,157.72,144.29,51.74,415.28,3500.0,6.8885,74.48,52.26,10.34,368.2,10.65,5,5,0,0,0,12,4,-0.3894,0.9211,4632.8,3369.7,14.24,28.86,4751.6,3539.5,15.3,30.78,4667.2,3515.8,15.01,30.68,4722.4,3557.9,14.25,30.46,4490.1,3391.0,14.23,28.67,4459.4,3337.9,14.95,29.17,4674.8,70.73,14.63,4632.19,105.72,14.39,4564.65,112.02,14.3,4326.61,293.92,13.93,-0.0158,0.0351,0.0007,0.0291,0.0339,1.3464,4541.3,4709.5,4965.1,4903.3,14.73,28.65,0,HOLD_NEUTRAL
2020-12-08,3356.9,4541.3,29.27,13.99,167.18,142.62,49.61,409.83,3521.2,6.9613,74.43,51.33,10.43,368.3,10.61,4,4,0,0,1,12,4,-0.3735,0.9276,4647.7,3452.0,14.26,28.32,4632.8,3369.7,14.24,28.86,4751.6,3539.5,15.3,30.78,4558.2,3322.2,14.55,30.14,4373.3,3259.1,13.83,28.79,4481.6,3418.1,13.91,28.91,4672.39,75.5,14.55,4644.19,80.63,14.4,4566.64,111.02,14.3,4336.65,290.72,13.95,-0.0037,0.0384,-0.0385,0.0293,0.0368,1.3528,4709.2,4750.7,5038.8,4775.7,14.27,29.55,1,CHARTER_NOW
2020-12-09,3510.4,4709.2,30.2,14.9,168.11,124.94,49.96,430.07,3491.2,6.916,74.91,51.26,10.69,368.3,10.42,4,4,0,0,2,12,4,-0.3575,0.9339,4541.3,3356.9,13.99,29.27,4647.7,3452.0,14.26,28.32,4632.8,3369.7,14.24,28.86,4757.3,3508.5,14.56,29.05,4477.6,3361.1,14.19,30.22,4392.7,3313.6,13.99,29.35,4665.51,68.33,14.6,4660.74,66.31,14.45,4577.19,108.94,14.33,4351.58,286.36,13.98,-0.0101,0.0517,0.0234,0.0289,0.0357,1.3415,4864.8,4835.7,4933.1,4826.0,15.22,30.5,0,HOLD_NEUTRAL
2020-12-10,3553.0,4864.8,30.16,14.81,162.82,140.03,49.82,430.25,3514.2,6.9221,75.08,51.45,10.57,368.3,10.3,6,4,0,0,3,12,4,-0.3413,0.9399,4709.2,3510.4,14.9,30.2,4541.3,3356.9,13.99,29.27,4647.7,3452.0,14.26,28.32,4708.8,3560.4,14.51,29.84,4611.5,3502.6,14.3,31.09,4564.0,3402.5,13.77,29.73,4687.8,101.96,14.64,4678.83,84.03,14.48,4587.22,120.87,14.37,4368.75,285.72,14.0,0.0331,0.0549,0.0207,0.0291,0.0335,1.3692,4771.6,4790.7,4848.6,4638.1,14.58,30.85,0,HOLD_NEUTRAL
2020-12-11,3482.5,4771.6,30.45,14.56,165.88,134.27,49.39,422.01,3492.0,6.9107,74.85,51.62,10.58,368.4,10.33,6,5,0,0,4,12,4,-0.3251,0.9457,4864.8,3553.0,14.81,30.16,4709.2,3510.4,14.9,30.2,4541.3,3356.9,13.99,29.27,4667.2,3515.8,15.01,30.68,4618.1,3506.3,13.98,29.64,4606.1,3419.8,14.64,29.88,4702.71,106.0,14.58,4689.79,85.5,14.53,4592.74,125.45,14.37,4386.15,277.69,14.03,0.0224,0.0332,-0.03,0.029,0.0348,1.3702,4674.8,4914.0,4814.6,4732.7,14.95,31.28,0,HOLD_NEUTRAL
2020-12-14,3368.6,4674.8,30.54,14.36,164.02,136.62,51.2,436.84,3496.8,6.9145,75.37,50.96,10.37,368.5,10.52,6,5,0,0,0,12,4,-0.2759,0.9612,4771.6,3482.5,14.56,30.45,4864.8,3553.0,14.81,30.16,4709.2,3510.4,14.9,30.2,4751.6,3539.5,15.3,30.78,4638.7,3447.3,14.2,30.96,4424.6,3328.3,13.81,30.13,4691.74,104.06,14.45,4692.37,84.37,14.54,4601.08,122.16,14.38,4400.91,268.81,14.05,-0.0162,0.0078,-0.0614,0.0304,0.0351,1.3878,4704.7,4916.0,4773.2,4765.2,14.6,31.39,1,CHARTER_NOW
2020-12-15,3552.1,4704.7,30.6,14.34,159.46,130.73,49.67,423.95,3539.5,6.9486,74.63,51.23,10.46,368.5,10.34,5,5,0,0,1,12,4,-0.2593,0.9658,4674.8,3368.6,14.36,30.54,4771.6,3482.5,14.56,30.45,4864.8,3553.0,14.81,30.16,4632.8,3369.7,14.24,28.86,4685.5,3485.7,14.22,30.0,4558.0,3434.6,14.53,30.39,4702.01,100.76,14.46,4693.74,84.41,14.55,4605.97,123.31,14.38,4415.23,261.51,14.07,0.0155,0.0041,0.007,0.0296,0.0339,1.3245,4709.5,4998.4,4841.2,4703.4,15.14,31.02,1,CHARTER_NOW
2020-12-16,3474.1,4709.5,28.65,14.73,162.71,149.49,51.71,423.91,3492.1,6.8994,74.6,51.21,10.39,368.5,10.23,5,4,0,0,2,12,4,-0.2427,0.9701,4704.7,3552.1,14.34,30.6,4674.8,3368.6,14.36,30.54,4771.6,3482.5,14.56,30.45,4647.7,3452.0,14.26,28.32,4722.4,3557.9,14.25,30.46,4549.9,3422.4,14.25,29.13,4710.84,97.88,14.53,4692.82,84.14,14.58,4611.29,124.25,14.39,4429.5,253.56,14.11,0.0133,-0.0027,0.033,0.0288,0.0345,1.3556,4750.7,4965.1,4734.9,4801.3,14.93,30.86,1,CHARTER_NOW
2020-12-17,3528.3,4750.7,29.55,14.27,164.73,144.36,51.18,433.23,3497.9,6.8634,74.74,52.03,10.33,368.6,10.58,5,5,0,0,3,12,4,-0.226,0.9741,4709.5,3474.1,14.73,28.65,4704.7,3552.1,14.34,30.6,4674.8,3368.6,14.36,30.54,4541.3,3356.9,13.99,29.27,4558.2,3322.2,14.55,30.14,4555.8,3379.1,14.37,29.05,4740.76,63.32,14.57,4706.57,75.76,14.56,4617.78,126.32,14.39,4444.18,246.01,14.12,0.0461,0.0422,0.02,0.0304,0.0347,1.3465,4835.7,5038.8,4755.7,4832.8,15.14,30.84,1,CHARTER_NOW
2020-12-18,3574.7,4835.7,30.5,15.22,163.14,131.2,50.9,435.72,3477.9,6.9334,74.74,51.09,10.46,368.6,10.37,5,4,0,0,4,12,4,-0.2092,0.9779,4750.7,3528.3,14.27,29.55,4709.5,3474.1,14.73,28.65,4704.7,3552.1,14.34,30.6,4709.2,3510.4,14.9,30.2,4757.3,3508.5,14.56,29.05,4589.1,3433.3,14.07,29.92,4758.83,70.47,14.61,4712.17,82.41,14.61,4626.0,132.28,14.43,4457.84,244.58,14.15,0.0269,0.0165,0.0215,0.0286,0.0337,1.3528,4790.7,4933.1,4771.8,4677.5,15.51,31.46,0,HOLD_NEUTRAL
2020-12-21,3492.7,4790.7,30.85,14.58,164.75,126.92,49.86,428.1,3511.7,6.9229,75.07,50.62,10.6,368.7,10.21,4,4,0,0,0,12,4,-0.1585,0.9874,4835.7,3574.7,15.22,30.5,4750.7,3528.3,14.27,29.55,4709.5,3474.1,14.73,28.65,4864.8,3553.0,14.81,30.16,4708.8,3560.4,14.51,29.84,4414.3,3329.2,13.96,29.9,4748.24,55.97,14.58,4718.02,85.01,14.61,4638.55,129.32,14.45,4469.99,242.66,14.16,-0.0152,0.0174,-0.0155,0.0294,0.0344,1.3716,4914.0,4848.6,4795.0,4765.8,14.81,29.88,0,HOLD_NEUTRAL
2020-12-22,3562.0,4914.0,31.28,14.95,165.44,134.23,50.51,437.74,3576.4,6.9114,74.84,50.51,10.47,368.7,10.42,5,3,0,0,1,12,4,-0.1414,0.9899,4790.7,3492.7,14.58,30.85,4835.7,3574.7,15.22,30.5,4750.7,3528.3,14.27,29.55,4771.6,3482.5,14.56,30.45,4667.2,3515.8,15.01,30.68,4673.2,3420.5,15.0,30.3,4768.59,84.49,14.64,4735.65,98.23,14.61,4646.58,138.68,14.45,4482.04,246.5,14.19,0.0298,0.0529,0.0268,0.0293,0.0337,1.3796,4916.0,4814.6,4728.1,4623.2,14.54,31.15,0,HOLD_NEUTRAL
2020-12-23,3576.0,4916.0,31.39,14.6,165.76,140.56,52.96,448.65,3502.1,6.9225,74.56,50.8,10.52,368.8,10.52,5,5,0,0,2,12,4,-0.1244,0.9922,4914.0,3562.0,14.95,31.28,4790.7,3492.7,14.58,30.85,4835.7,3574.7,15.22,30.5,4674.8,3368.6,14.36,30.54,4751.6,3539.5,15.3,30.78,4420.1,3317.3,14.19,30.32,4803.04,88.93,14.67,4747.39,109.46,14.56,4663.11,140.3,14.46,4495.8,247.31,14.2,0.0516,0.0346,0.0167,0.0307,0.0337,1.3747,4998.4,4773.2,4808.9,4746.9,14.43,30.45,0,HOLD_NEUTRAL
2020-12-24,3642.8,4998.4,31.02,15.14,166.47,139.29,52.56,441.62,3507.2,6.8975,75.18,52.37,10.73,368.8,10.12,5,4,0,0,3,12,4,-0.1073,0.9942,4916.0,3576.0,14.6,31.39,4914.0,3562.0,14.95,31.28,4790.7,3492.7,14.58,30.85,4704.7,3552.1,14.34,30.6,4632.8,3369.7,14.24,28.86,4455.6,3223.5,13.99,30.35,4845.0,102.97,14.78,4773.51,122.82,14.62,4681.2,147.44,14.5,4513.91,243.58,14.23,0.0624,0.0789,0.0558,0.0292,0.0333,1.3721,4965.1,4841.2,4812.8,4527.4,15.13,30.76,0,HOLD_NEUTRAL
2020-12-25,3676.0,4965.1,30.86,14.93,163.19,147.07,49.95,432.52,3540.8,6.9095,74.52,51.64,10.49,368.8,10.28,5,5,0,0,4,12,4,-0.0902,0.9959,4998.4,3642.8,15.14,31.02,4916.0,3576.0,14.6,31.39,4914.0,3562.0,14.95,31.28,4709.5,3474.1,14.73,28.65,4647.7,3452.0,14.26,28.32,4462.2,3359.9,14.05,29.48,4881.51,91.61,14.81,4796.18,127.03,14.67,4697.96,150.24,14.53,4530.55,239.63,14.26,0.0543,0.0683,0.0136,0.029,0.0329,1.3507,5038.8,4734.9,4855.7,4845.8,15.08,29.78,-1,WAIT
2020-12-28,3665.1,5038.8,30.84,15.14,165.14,143.78,52.06,433.66,3524.4,6.9056,74.72,51.91,10.33,368.9,10.26,5,3,0,0,0,12,4,-0.0387,0.9993,4965.1,3676.0,14.93,30.86,4998.4,3642.8,15.14,31.02,4916.0,3576.0,14.6,31.39,4750.7,3528.3,14.27,29.55,4541.3,3356.9,13.99,29.27,4451.6,3362.0,14.88,28.95,4922.67,87.67,14.94,4831.71,119.62,14.75,4717.54,155.2,14.54,4548.84,235.76,14.28,0.0606,0.1096,0.061,0.0286,0.0328,1.3748,4933.1,4755.7,4744.6,4802.3,14.72,29.33,-1,WAIT
2020-12-29,3724.5,4933.1,31.46,15.51,163.61,145.32,53.28,431.75,3616.5,6.892,74.59,51.94,10.71,369.0,10.39,6,5,0,0,1,12,4,-0.0215,0.9998,5038.8,3665.1,15.14,30.84,4965.1,3676.0,14.93,30.86,4998.4,3642.8,15.14,31.02,4835.7,3574.7,15.22,30.5,4709.2,3510.4,14.9,30.2,4490.1,3391.0,14.23,28.67,4936.59,78.86,14.98,4847.71,116.91,14.8,4732.3,153.89,14.58,4564.96,228.16,14.32,0.0201,0.0475,0.0191,0.0278,0.0332,1.3245,4848.6,4771.8,4903.3,4640.9,14.79,29.67,0,HOLD_NEUTRAL
2020-12-30,3634.5,4848.6,29.88,14.81,171.13,140.68,48.98,411.12,3534.0,6.9456,75.05,51.69,10.65,369.0,10.43,5,3,0,0,2,12,4,-0.0043,1.0,4933.1,3724.5,15.51,31.46,5038.8,3665.1,15.14,30.84,4965.1,3676.0,14.93,30.86,4790.7,3492.7,14.58,30.85,4864.8,3553.0,14.81,30.16,4373.3,3259.1,13.83,28.79,4944.86,62.3,15.01,4846.55,116.81,14.8,4748.15,139.44,14.61,4576.12,225.32,14.34,0.0121,-0.0033,0.0158,0.0278,0.0353,1.334,4814.6,4795.0,4775.7,4535.0,15.07,30.44,0,HOLD_NEUTRAL
2020-12-31,3601.8,4814.6,31.15,14.54,161.55,127.99,53.07,431.95,3552.6,6.8678,75.05,51.63,10.67,369.0,10.19,5,5,0,0,3,12,4,0.0129,0.9999,4848.6,3634.5,14.81,29.88,4933.1,3724.5,15.51,31.46,5038.8,3665.1,15.14,30.84,4914.0,3562.0,14.95,31.28,4771.6,3482.5,14.56,30.45,4477.6,3361.1,14.19,30.22,4930.66,79.47,14.95,4849.62,115.24,14.79,4759.38,130.16,14.63,4588.08,218.41,14.36,-0.0202,0.009,-0.0274,0.0297,0.0336,1.3367,4773.2,4728.1,4826.0,4720.2,15.27,28.93,0,HOLD_NEUTRAL
2021-01-01,3528.9,4773.2,30.45,14.43,172.05,137.12,50.93,418.24,3574.2,6.981,75.49,52.25,10.73,369.0,10.0,6,5,0,0,4,1,1,0.0172,0.9999,4814.6,3601.8,14.54,31.15,4848.6,3634.5,14.81,29.88,4933.1,3724.5,15.51,31.46,4916.0,3576.0,14.6,31.39,4674.8,3368.6,14.36,30.54,4611.5,3502.6,14.3,31.09,4910.26,99.63,14.93,4856.65,106.43,14.8,4764.77,127.14,14.63,4598.56,211.74,14.37,-0.029,0.021,-0.0116,0.029,0.036,1.3526,4841.2,4808.9,4638.1,4564.6,14.08,30.35,0,HOLD_NEUTRAL
2021-01-04,3654.1,4841.2,30.76,15.13,173.65,146.72,53.53,442.26,3577.0,6.9372,75.26,51.76,10.7,369.1,10.49,6,4,0,0,0,1,1,0.0688,0.9976,4773.2,3528.9,14.43,30.45,4814.6,3601.8,14.54,31.15,4848.6,3634.5,14.81,29.88,4998.4,3642.8,15.14,31.02,4704.7,3552.1,14.34,30.6,4618.1,3506.3,13.98,29.64,4887.8,94.01,14.93,4866.4,97.29,14.86,4772.21,124.77,14.67,4608.59,208.67,14.39,-0.0315,0.029,-0.0007,0.0292,0.0359,1.3249,4734.9,4812.8,4732.7,4757.5,15.22,31.49,0,HOLD_NEUTRAL
2021-01-05,3499.4,4734.9,29.78,15.08,168.53,138.57,51.25,419.02,3553.9,6.8578,75.39,52.46,10.62,369.2,10.06,6,5,0,0,1,1,1,0.0859,0.9963,4841.2,3654.1,15.13,30.76,4773.2,3528.9,14.43,30.45,4814.6,3601.8,14.54,31.15,4965.1,3676.0,14.93,30.86,4709.5,3474.1,14.73,28.65,4638.7,3447.3,14.2,30.96,4854.91,102.36,14.95,4868.21,94.34,14.88,4775.41,122.43,14.7,4618.06,201.02,14.42,-0.0464,0.0054,0.01,0.0278,0.0356,1.3531,4755.7,4855.7,4765.2,4728.4,15.25,31.14,0,HOLD_NEUTRAL
2021-01-06,3522.1,4755.7,29.33,14.72,161.45,142.91,49.5,412.93,3541.3,6.9046,75.11,52.04,11.09,369.2,10.34,5,4,0,0,2,1,1,0.103,0.9947,4734.9,3499.4,15.08,29.78,4841.2,3654.1,15.13,30.76,4773.2,3528.9,14.43,30.45,5038.8,3665.1,15.14,30.84,4750.7,3528.3,14.27,29.55,4685.5,3485.7,14.22,30.0,4814.47,67.63,14.89,4868.57,93.86,14.91,4777.75,121.32,14.71,4627.49,193.74,14.44,-0.0562,0.0011,-0.0277,0.0281,0.0339,1.3502,4771.8,4744.6,4703.4,4630.1,14.22,29.99,0,HOLD_NEUTRAL
2021-01-07,3542.4,4771.8,29.67,14.79,168.91,136.92,49.95,396.93,3618.9,6.9065,74.8,51.37,10.36,369.2,10.25,5,5,0,0,3,1,1,0.1201,0.9928,4755.7,3522.1,14.72,29.33,4734.9,3499.4,15.08,29.78,4841.2,3654.1,15.13,30.76,4933.1,3724.5,15.51,31.46,4835.7,3574.7,15.22,30.5,4722.4,3557.9,14.25,30.46,4791.43,43.73,14.79,4864.01,97.08,14.88,4779.4,120.88,14.73,4636.69,187.04,14.45,-0.0327,-0.0132,-0.0464,0.0268,0.0354,1.3471,4795.0,4903.3,4801.3,4799.4,14.6,30.83,0,HOLD_NEUTRAL
2021-01-08,3583.9,4795.0,30.44,15.07,170.15,131.77,53.09,443.57,3545.7,6.9235,75.09,51.44,10.5,369.3,10.31,4,5,0,0,4,1,1,0.1372,0.9905,4771.8,3542.4,14.79,29.67,4755.7,3522.1,14.72,29.33,4734.9,3499.4,15.08,29.78,4848.6,3634.5,14.81,29.88,4790.7,3492.7,14.58,30.85,4558.2,3322.2,14.55,30.14,4783.77,36.07,14.82,4864.31,96.84,14.92,4787.29,113.44,14.75,4645.69,181.26,14.47,-0.0111,0.0009,0.0176,0.0294,0.0355,1.3379,4728.1,4775.7,4832.8,4760.4,14.47,30.12,0,HOLD_NEUTRAL
2021-01-11,3537.9,4728.1,28.93,15.27,167.97,138.75,53.85,446.18,3537.2,6.8827,75.22,51.32,10.81,369.4,10.6,5,3,0,0,0,1,1,0.1881,0.9821,4795.0,3583.9,15.07,30.44,4771.8,3542.4,14.79,29.67,4755.7,3522.1,14.72,29.33,4814.6,3601.8,14.54,31.15,4914.0,3562.0,14.95,31.28,4757.3,3508.5,14.56,29.05,4771.41,38.48,14.93,4851.04,102.11,14.94,4786.32,113.83,14.77,4653.6,174.08,14.5,-0.018,-0.0378,0.0502,0.0292,0.0355,1.3364,4808.9,4826.0,4677.5,4806.9,14.63,30.81,0,HOLD_NEUTRAL
2021-01-12,3534.0,4808.9,30.35,14.08,169.84,142.17,51.88,422.97,3531.2,6.9136,75.26,52.4,10.65,369.4,10.87,5,4,0,0,1,1,1,0.205,0.9788,4728.1,3537.9,15.27,28.93,4795.0,3583.9,15.07,30.44,4771.8,3542.4,14.79,29.67,4773.2,3528.9,14.43,30.45,4916.0,3576.0,14.6,31.39,4708.8,3560.4,14.51,29.84,4776.51,41.04,14.88,4843.39,100.87,14.9,4789.66,112.94,14.76,4660.06,172.48,14.5,0.0075,-0.0218,-0.0243,0.03,0.0353,1.3608,4812.8,4638.1,4765.8,4741.2,14.5,31.24,0,HOLD_NEUTRAL
2021-01-13,3533.6,4812.8,31.49,15.22,176.67,135.11,54.78,460.42,3494.5,6.9092,74.97,51.51,10.78,369.4,9.93,5,4,0,0,2,1,1,0.2218,0.9751,4808.9,3534.0,14.08,30.35,4728.1,3537.9,15.27,28.93,4795.0,3583.9,15.07,30.44,4841.2,3654.1,15.13,30.76,4998.4,3642.8,15.14,31.02,4667.2,3515.8,15.01,30.68,4772.46,34.46,14.89,4830.13,90.6,14.91,4794.51,110.6,14.77,4665.16,172.41,14.51,-0.0059,-0.0371,0.0059,0.0303,0.0367,1.362,4855.7,4732.7,4623.2,4665.8,14.86,31.11,0,HOLD_NEUTRAL
2021-01-14,3619.6,4855.7,31.14,15.25,174.19,138.44,50.77,436.46,3584.9,6.8909,75.22,51.3,10.66,369.5,10.45,6,4,0,0,3,1,1,0.2385,0.9711,4812.8,3533.6,15.22,31.49,4808.9,3534.0,14.08,30.35,4728.1,3537.9,15.27,28.93,4734.9,3499.4,15.08,29.78,4965.1,3676.0,14.93,30.86,4751.6,3539.5,15.3,30.78,4789.71,41.95,14.91,4822.31,82.41,14.93,4797.98,110.84,14.76,4672.94,170.25,14.54,0.0255,-0.022,0.0113,0.0286,0.0359,1.3415,4744.6,4765.2,4746.9,4725.6,15.24,31.11,0,HOLD_NEUTRAL
2021-01-15,3552.3,4744.6,29.99,14.22,169.38,133.33,53.76,426.3,3475.1,6.887,74.87,51.92,10.9,369.5,10.22,4,5,0,0,4,1,1,0.2552,0.9669,4855.7,3619.6,15.25,31.14,4812.8,3533.6,15.22,31.49,4808.9,3534.0,14.08,30.35,4755.7,3522.1,14.72,29.33,5038.8,3665.1,15.14,30.84,4632.8,3369.7,14.24,28.86,4788.13,43.62,14.84,4801.3,56.36,14.87,4801.71,106.91,14.76,4680.04,163.98,14.54,-0.0023,-0.0584,-0.034,0.03,0.0357,1.3356,4903.3,4703.4,4527.4,4573.5,14.99,29.85,0,HOLD_NEUTRAL
2021-01-18,3598.4,4903.3,30.83,14.6,168.08,148.95,52.08,424.98,3560.5,6.9415,74.86,51.7,10.43,369.6,10.46,6,4,0,0,0,1,1,0.3047,0.9524,4744.6,3552.3,14.22,29.99,4855.7,3619.6,15.25,31.14,4812.8,3533.6,15.22,31.49,4771.8,3542.4,14.79,29.67,4933.1,3724.5,15.51,31.46,4647.7,3452.0,14.26,28.32,4806.91,60.48,14.82,4799.17,51.33,14.8,4810.23,104.36,14.77,4687.44,163.87,14.54,0.0276,-0.006,-0.0128,0.0291,0.0343,1.3626,4775.7,4801.3,4845.8,4562.1,14.76,31.49,0,HOLD_NEUTRAL
2021-01-19,3457.1,4775.7,30.12,14.47,172.43,138.52,53.21,432.6,3554.7,6.8633,74.85,51.92,10.9,369.6,10.43,6,4,0,0,1,1,1,0.3211,0.9471,4903.3,3598.4,14.6,30.83,4744.6,3552.3,14.22,29.99,4855.7,3619.6,15.25,31.14,4795.0,3583.9,15.07,30.44,4848.6,3634.5,14.81,29.88,4541.3,3356.9,13.99,29.27,4804.16,61.54,14.73,4793.96,49.6,14.78,4818.04,91.52,14.79,4692.34,162.0,14.55,-0.004,-0.015,-0.0398,0.0299,0.0361,1.3814,4826.0,4832.8,4802.3,4798.4,14.53,29.52,0,HOLD_NEUTRAL
2021-01-20,3558.3,4826.0,30.81,14.63,173.08,151.8,54.6,439.97,3641.4,6.9287,75.14,52.8,10.87,369.7,10.52,5,4,1,0,2,1,1,0.3373,0.9414,4775.7,3457.1,14.47,30.12,4903.3,3598.4,14.6,30.83,4744.6,3552.3,14.22,29.99,4728.1,3537.9,15.27,28.93,4814.6,3601.8,14.54,31.15,4709.2,3510.4,14.9,30.2,4818.14,51.72,14.64,4794.78,50.06,14.78,4821.93,89.18,14.78,4699.56,158.02,14.56,0.0207,0.0024,-0.0419,0.0301,0.0359,1.3563,4638.1,4677.5,4640.9,4817.4,15.28,30.35,0,HOLD_NEUTRAL
2021-01-21,3479.5,4638.1,31.24,14.5,175.64,152.54,53.09,450.94,3500.0,6.9385,74.85,52.27,10.4,369.7,10.29,5,5,1,0,3,1,1,0.3534,0.9355,4826.0,3558.3,14.63,30.81,4775.7,3457.1,14.47,30.12,4903.3,3598.4,14.6,30.83,4808.9,3534.0,14.08,30.35,4773.2,3528.9,14.43,30.45,4864.8,3553.0,14.81,30.16,4793.74,85.84,14.7,4785.13,65.25,14.79,4814.38,94.85,14.77,4700.8,157.23,14.57,-0.0355,-0.0283,0.0298,0.0311,0.0379,1.333,4732.7,4765.8,4535.0,4678.6,15.27,31.34,0,HOLD_NEUTRAL
2021-01-22,3599.2,4732.7,31.11,14.86,172.62,140.64,54.07,445.34,3533.8,6.9083,75.04,51.79,10.77,369.7,10.06,5,4,1,0,4,1,1,0.3695,0.9292,4638.1,3479.5,14.5,31.24,4826.0,3558.3,14.63,30.81,4775.7,3457.1,14.47,30.12,4812.8,3533.6,15.22,31.49,4841.2,3654.1,15.13,30.76,4771.6,3482.5,14.56,30.45,4782.3,88.18,14.65,4777.38,64.52,14.77,4813.08,95.72,14.78,4702.91,156.79,14.57,-0.0166,-0.0224,-0.0237,0.03,0.0365,1.3149,4765.2,4623.2,4720.2,4846.2,14.66,30.64,0,HOLD_NEUTRAL
2021-01-25,3469.9,4765.2,31.11,15.24,176.82,133.85,56.95,464.08,3564.0,6.917,75.4,51.0,10.64,369.8,10.41,6,4,1,0,0,1,1,0.4169,0.9089,4732.7,3599.2,14.86,31.11,4638.1,3479.5,14.5,31.24,4826.0,3558.3,14.63,30.81,4855.7,3619.6,15.25,31.14,4734.9,3499.4,15.08,29.78,4674.8,3368.6,14.36,30.54,4769.37,82.05,14.65,4779.54,63.49,14.78,4816.09,92.59,14.81,4708.59,152.65,14.6,-0.0186,0.0064,-0.0007,0.0305,0.0371,1.3733,4703.4,4746.9,4564.6,4776.7,14.92,30.87,0,HOLD_NEUTRAL
2021-01-26,3468.8,4703.4,29.85,14.99,181.66,125.94,54.22,424.68,3563.0,6.9506,74.92,51.51,10.53,369.9,10.25,5,4,1,0,1,1,1,0.4325,0.9016,4765.2,3469.9,15.24,31.11,4732.7,3599.2,14.86,31.11,4638.1,3479.5,14.5,31.24,4744.6,3552.3,14.22,29.99,4755.7,3522.1,14.72,29.33,4704.7,3552.1,14.34,30.6,4763.49,85.53,14.76,4775.81,66.47,14.8,4816.05,92.64,14.83,4711.01,151.37,14.61,-0.0087,-0.011,0.0541,0.0283,0.0386,1.3559,4801.3,4527.4,4757.5,4666.2,14.4,29.91,0,HOLD_NEUTRAL
2021-01-27,3533.4,4801.3,31.49,14.76,178.36,130.71,56.89,474.49,3551.8,6.8948,75.06,52.18,10.27,369.9,10.17,5,5,1,0,2,1,1,0.4479,0.8941,4703.4,3468.8,14.99,29.85,4765.2,3469.9,15.24,31.11,4732.7,3599.2,14.86,31.11,4903.3,3598.4,14.6,30.83,4771.8,3542.4,14.79,29.67,4709.5,3474.1,14.73,28.65,4748.91,63.62,14.78,4777.91,66.8,14.8,4819.11,90.49,14.83,4715.2,150.31,14.61,-0.0208,0.0062,0.011,0.0321,0.0371,1.3588,4832.8,4845.8,4728.4,4621.4,15.24,30.9,0,HOLD_NEUTRAL
2021-01-28,3640.8,4832.8,29.52,14.53,175.88,131.61,53.48,428.79,3569.4,6.8981,75.21,51.14,10.45,369.9,10.12,5,5,1,0,3,1,1,0.4633,0.8862,4801.3,3533.4,14.76,31.49,4703.4,3468.8,14.99,29.85,4765.2,3469.9,15.24,31.11,4775.7,3457.1,14.47,30.12,4795.0,3583.9,15.07,30.44,4750.7,3528.3,14.27,29.55,4757.07,70.87,14.79,4780.61,68.29,14.76,4821.85,89.59,14.84,4719.82,149.58,14.62,0.012,0.0079,0.0041,0.0295,0.0364,1.3274,4677.5,4802.3,4630.1,4765.2,15.04,31.55,0,HOLD_NEUTRAL
2021-01-29,3471.9,4677.5,30.35,15.28,175.74,152.42,56.59,465.55,3529.3,6.9015,75.26,52.97,10.8,370.0,10.41,6,6,1,0,4,1,1,0.4784,0.8781,4832.8,3640.8,14.53,29.52,4801.3,3533.4,14.76,31.49,4703.4,3468.8,14.99,29.85,4826.0,3558.3,14.63,30.81,4728.1,3537.9,15.27,28.93,4835.7,3574.7,15.22,30.5,4735.86,69.0,14.88,4777.0,72.49,14.76,4816.57,93.32,14.84,4721.29,148.71,14.64,-0.0308,-0.0107,0.0444,0.0305,0.0376,1.3472,4765.8,4640.9,4799.4,4651.1,14.91,29.89,0,HOLD_NEUTRAL
2021-02-01,3484.7,4765.8,31.34,15.27,176.03,143.12,58.61,481.88,3589.3,6.952,75.09,51.8,10.82,370.1,10.52,5,5,1,0,0,2,1,0.5231,0.8523,4677.5,3471.9,15.28,30.35,4832.8,3640.8,14.53,29.52,4801.3,3533.4,14.76,31.49,4638.1,3479.5,14.5,31.24,4808.9,3534.0,14.08,30.35,4790.7,3492.7,14.58,30.85,4754.1,54.13,14.99,4773.92,71.94,14.84,4815.74,93.67,14.87,4727.15,143.23,14.66,0.0275,-0.009,0.0531,0.0316,0.0369,1.3676,4623.2,4535.0,4760.4,4895.7,14.12,29.59,-1,WAIT
2021-02-02,3466.8,4623.2,30.64,14.66,181.24,145.33,51.69,447.83,3496.7,6.956,75.42,51.82,10.62,370.1,9.96,5,4,1,0,1,2,1,0.5377,0.8432,4765.8,3484.7,15.27,31.34,4677.5,3471.9,15.28,30.35,4832.8,3640.8,14.53,29.52,4732.7,3599.2,14.86,31.11,4812.8,3533.6,15.22,31.49,4914.0,3562.0,14.95,31.28,4738.46,73.65,14.96,4760.38,81.3,14.8,4806.05,98.09,14.86,4726.31,143.7,14.65,-0.0231,-0.0394,-0.0135,0.0305,0.0392,1.3336,4746.9,4720.2,4806.9,4812.6,14.62,30.65,0,HOLD_NEUTRAL
2021-02-03,3497.8,4746.9,30.87,14.92,175.74,125.92,54.83,437.15,3578.2,6.8756,75.38,51.43,10.83,370.1,10.32,6,4,1,0,2,2,1,0.5521,0.8338,4623.2,3466.8,14.66,30.64,4765.8,3484.7,15.27,31.34,4677.5,3471.9,15.28,30.35,4765.2,3469.9,15.24,31.11,4855.7,3619.6,15.25,31.14,4916.0,3576.0,14.6,31.39,4735.84,72.86,14.92,4752.61,76.55,14.78,4800.41,96.4,14.87,4731.76,137.97,14.66,-0.0038,-0.0224,-0.021,0.0293,0.037,1.3571,4527.4,4564.6,4741.2,4767.1,14.58,30.58,0,HOLD_NEUTRAL
2021-02-04,3316.3,4527.4,29.91,14.4,178.17,133.75,57.43,434.29,3559.2,6.9479,75.52,52.07,10.86,370.1,10.12,5,4,1,0,3,2,1,0.5664,0.8242,4746.9,3497.8,14.92,30.87,4623.2,3466.8,14.66,30.64,4765.8,3484.7,15.27,31.34,4703.4,3468.8,14.99,29.85,4744.6,3552.3,14.22,29.99,4998.4,3642.8,15.14,31.02,4710.7,107.87,14.83,4737.09,97.45,14.79,4784.71,101.28,14.84,4732.96,135.83,14.67,-0.0374,-0.0458,-0.0394,0.0302,0.0394,1.3652,4845.8,4757.5,4665.8,4893.5,14.8,29.57,1,CHARTER_NOW
2021-02-05,3536.7,4845.8,30.9,15.24,178.48,149.55,56.15,464.04,3617.0,6.9425,75.23,51.16,10.7,370.2,9.9,6,4,1,0,4,2,1,0.5805,0.8143,4527.4,3316.3,14.4,29.91,4746.9,3497.8,14.92,30.87,4623.2,3466.8,14.66,30.64,4801.3,3533.4,14.76,31.49,4903.3,3598.4,14.6,30.83,4965.1,3676.0,14.93,30.86,4717.06,115.17,14.9,4732.99,90.9,14.84,4780.74,96.16,14.85,4739.35,131.84,14.69,0.0093,-0.0117,0.0325,0.0304,0.0368,1.3701,4802.3,4728.4,4725.6,4872.6,14.67,31.16,0,HOLD_NEUTRAL
2021-02-08,3640.2,4802.3,31.55,15.04,177.56,145.21,57.56,493.03,3646.3,6.9651,75.14,52.99,10.53,370.3,10.21,4,5,1,0,0,2,1,0.6217,0.7833,4845.8,3536.7,15.24,30.9,4527.4,3316.3,14.4,29.91,4746.9,3497.8,14.92,30.87,4832.8,3640.8,14.53,29.52,4775.7,3457.1,14.47,30.12,5038.8,3665.1,15.14,30.84,4712.7,110.54,14.97,4734.89,92.13,14.88,4772.85,83.08,14.85,4745.19,126.53,14.69,-0.0063,0.0056,0.0351,0.0328,0.037,1.3192,4640.9,4630.1,4573.5,4909.5,14.62,30.98,0,HOLD_NEUTRAL
2021-02-09,3469.4,4640.9,29.89,14.91,175.06,142.11,55.93,475.21,3574.4,6.9303,75.1,52.52,10.76,370.3,10.01,5,5,1,0,1,2,1,0.6351,0.7725,4802.3,3640.2,15.04,31.55,4845.8,3536.7,15.24,30.9,4527.4,3316.3,14.4,29.91,4677.5,3471.9,15.28,30.35,4826.0,3558.3,14.63,30.81,4933.1,3724.5,15.51,31.46,4707.47,113.32,14.92,4721.66,91.33,14.9,4763.11,80.74,14.83,4747.71,122.82,14.71,-0.0078,-0.0384,-0.0242,0.0319,0.0377,1.3377,4535.0,4799.4,4562.1,4980.0,14.56,31.02,0,HOLD_NEUTRAL
2021-02-10,3387.8,4535.0,29.59,14.12,180.77,147.6,57.3,472.16,3635.8,6.9177,75.36,52.34,10.78,370.3,9.86,6,4,1,0,2,2,1,0.6483,0.7614,4640.9,3469.4,14.91,29.89,4802.3,3640.2,15.04,31.55,4845.8,3536.7,15.24,30.9,4765.8,3484.7,15.27,31.34,4638.1,3479.5,14.5,31.24,4848.6,3634.5,14.81,29.88,4674.5,126.34,14.76,4714.3,102.11,14.87,4752.66,89.15,14.81,4750.4,116.06,14.71,-0.0484,-0.0222,-0.0753,0.0334,0.0399,1.3386,4720.2,4760.4,4798.4,5064.7,15.36,32.73,1,CHARTER_NOW
2021-02-11,3488.4,4720.2,30.65,14.62,179.82,155.79,56.99,461.63,3577.2,6.9536,75.19,51.04,10.82,370.4,10.02,5,4,1,0,3,2,1,0.6613,0.7502,4535.0,3387.8,14.12,29.59,4640.9,3469.4,14.91,29.89,4802.3,3640.2,15.04,31.55,4623.2,3466.8,14.66,30.64,4732.7,3599.2,14.86,31.11,4814.6,3601.8,14.54,31.15,4688.36,125.09,14.75,4713.41,101.99,14.86,4749.51,88.56,14.81,4754.45,110.48,14.72,0.021,-0.0026,-0.0027,0.0316,0.0381,1.3531,4564.6,4806.9,4817.4,5044.0,15.11,30.72,0,HOLD_NEUTRAL
2021-02-12,3416.0,4564.6,30.58,14.58,181.9,142.02,59.5,494.27,3555.6,6.9404,75.15,51.91,10.86,370.4,9.96,5,5,1,0,4,2,1,0.6741,0.7387,4720.2,3488.4,14.62,30.65,4535.0,3387.8,14.12,29.59,4640.9,3469.4,14.91,29.89,4746.9,3497.8,14.92,30.87,4765.2,3469.9,15.24,31.11,4773.2,3528.9,14.43,30.45,4662.31,129.76,14.7,4699.08,108.06,14.81,4742.56,94.61,14.82,4753.66,111.67,14.72,-0.0384,-0.0421,-0.0228,0.0339,0.0399,1.3362,4757.5,4741.2,4678.6,4924.7,14.33,30.51,0,HOLD_NEUTRAL
2021-02-15,3538.8,4757.5,29.57,14.8,179.45,144.35,58.23,464.28,3654.0,6.9874,75.2,52.46,10.42,370.5,10.03,5,4,1,0,0,2,1,0.7113,0.7029,4564.6,3416.0,14.58,30.58,4720.2,3488.4,14.62,30.65,4535.0,3387.8,14.12,29.59,4527.4,3316.3,14.4,29.91,4703.4,3468.8,14.99,29.85,4841.2,3654.1,15.13,30.76,4695.19,118.55,14.76,4702.94,109.19,14.8,4739.77,92.82,14.8,4755.99,110.24,14.74,0.0508,0.0115,0.0278,0.0314,0.0377,1.3444,4728.4,4665.8,4846.2,4984.9,14.62,30.42,0,HOLD_NEUTRAL
2021-02-16,3520.8,4728.4,31.16,14.67,185.35,145.42,58.51,483.55,3612.3,6.9491,75.15,52.12,10.59,370.5,9.89,4,3,0,0,1,2,1,0.7233,0.6906,4757.5,3538.8,14.8,29.57,4564.6,3416.0,14.58,30.58,4720.2,3488.4,14.62,30.65,4845.8,3536.7,15.24,30.9,4801.3,3533.4,14.76,31.49,4734.9,3499.4,15.08,29.78,4678.41,100.64,14.68,4697.74,105.82,14.79,4739.55,92.84,14.79,4757.48,109.23,14.74,-0.0242,-0.0152,-0.0374,0.033,0.0392,1.343,4630.1,4725.6,4776.7,5079.5,15.12,30.83,0,HOLD_NEUTRAL
2021-02-17,3449.0,4630.1,30.98,14.62,178.92,162.07,57.28,475.58,3595.4,6.9251,75.38,51.24,10.31,370.6,10.08,5,4,0,0,2,2,1,0.735,0.678,4728.4,3520.8,14.67,31.16,4757.5,3538.8,14.8,29.57,4564.6,3416.0,14.58,30.58,4802.3,3640.2,15.04,31.55,4832.8,3640.8,14.53,29.52,4755.7,3522.1,14.72,29.33,4653.81,85.17,14.62,4683.26,99.61,14.8,4735.37,94.9,14.79,4756.56,110.08,14.75,-0.0359,-0.0419,-0.0279,0.0325,0.0386,1.3424,4799.4,4573.5,4666.2,5159.8,14.59,30.18,0,HOLD_NEUTRAL
2021-02-18,3595.1,4799.4,31.02,14.56,187.49,128.53,57.27,482.17,3620.4,6.8855,74.98,51.44,10.84,370.6,10.01,5,4,0,0,3,2,1,0.7466,0.6653,4630.1,3449.0,14.62,30.98,4728.4,3520.8,14.67,31.16,4757.5,3538.8,14.8,29.57,4640.9,3469.4,14.91,29.89,4677.5,3471.9,15.28,30.35,4771.8,3542.4,14.79,29.67,4676.46,100.8,14.57,4691.96,104.28,14.74,4736.29,95.4,14.78,4757.84,110.12,14.76,0.0342,0.0261,-0.0235,0.0331,0.0391,1.335,4760.4,4562.1,4621.4,5083.1,14.46,29.35,-1,WAIT
2021-02-19,3527.8,4760.4,32.73,15.36,176.7,149.55,57.5,504.09,3607.1,6.9035,75.42,51.54,10.65,370.6,10.22,5,5,0,0,4,2,1,0.7579,0.6523,4799.4,3595.1,14.56,31.02,4630.1,3449.0,14.62,30.98,4728.4,3520.8,14.67,31.16,4535.0,3387.8,14.12,29.59,4765.8,3484.7,15.27,31.34,4795.0,3583.9,15.07,30.44,4708.66,82.41,14.74,4691.58,104.0,14.75,4735.13,94.87,14.79,4761.21,106.96,14.77,0.0497,-0.0011,0.0878,0.0328,0.0371,1.3494,4806.9,4798.4,4765.2,5189.5,15.14,30.84,0,HOLD_NEUTRAL
2021-02-22,3507.5,4806.9,30.72,15.11,184.54,143.71,59.36,488.36,3598.5,6.8785,75.53,51.46,10.79,370.7,10.26,6,4,0,0,0,2,1,0.7906,0.6124,4760.4,3527.8,15.36,32.73,4799.4,3595.1,14.56,31.02,4630.1,3449.0,14.62,30.98,4720.2,3488.4,14.62,30.65,4623.2,3466.8,14.66,30.64,4728.1,3537.9,15.27,28.93,4721.04,90.54,14.81,4704.7,106.27,14.78,4737.76,95.75,14.78,4762.04,107.12,14.78,0.0184,0.0397,0.0335,0.0323,0.0384,1.3705,4741.2,4817.4,4651.1,5237.0,15.25,31.08,0,HOLD_NEUTRAL
2021-02-23,3483.8,4741.2,30.51,14.33,184.95,148.96,58.02,468.42,3555.7,6.9154,75.22,52.63,10.41,370.8,10.19,6,4,0,0,1,2,1,0.801,0.5987,4806.9,3507.5,15.11,30.72,4760.4,3527.8,15.36,32.73,4799.4,3595.1,14.56,31.02,4564.6,3416.0,14.58,30.58,4746.9,3497.8,14.92,30.87,4808.9,3534.0,14.08,30.35,4746.27,58.69,14.78,4704.29,106.11,14.74,4735.5,94.81,14.79,4762.58,106.93,14.78,0.0387,-0.0012,-0.0171,0.0327,0.039,1.3609,4665.8,4678.6,4895.7,5076.8,14.24,31.18,0,HOLD_NEUTRAL
2021-02-24,3367.2,4665.8,30.42,14.62,181.17,139.92,59.42,483.77,3593.8,6.9498,75.86,50.73,10.99,370.8,10.09,4,5,0,0,2,2,1,0.8112,0.5848,4741.2,3483.8,14.33,30.51,4806.9,3507.5,15.11,30.72,4760.4,3527.8,15.36,32.73,4757.5,3538.8,14.8,29.57,4527.4,3316.3,14.4,29.91,4812.8,3533.6,15.22,31.49,4733.17,65.59,14.75,4714.18,94.13,14.76,4730.6,94.48,14.77,4762.56,106.95,14.77,-0.0193,0.0306,-0.0122,0.0331,0.0388,1.3857,4725.6,4846.2,4812.6,5159.0,15.4,32.73,0,HOLD_NEUTRAL
2021-02-25,3605.7,4725.6,30.83,15.12,185.36,144.63,62.76,485.56,3626.2,6.9222,75.39,52.14,10.47,370.8,10.08,5,4,0,0,3,2,1,0.8211,0.5708,4665.8,3367.2,14.62,30.42,4741.2,3483.8,14.33,30.51,4806.9,3507.5,15.11,30.72,4728.4,3520.8,14.67,31.16,4845.8,3536.7,15.24,30.9,4855.7,3619.6,15.25,31.14,4732.77,65.63,14.82,4705.59,86.36,14.75,4726.27,91.48,14.77,4762.12,107.05,14.77,-0.0006,-0.0248,0.0307,0.0321,0.0392,1.3106,4573.5,4776.7,4767.1,5136.4,14.7,31.72,0,HOLD_NEUTRAL
2021-02-26,3450.2,4573.5,30.18,14.59,188.38,150.47,60.72,484.56,3601.2,6.9531,75.0,51.06,10.86,370.9,9.96,5,5,0,0,4,2,1,0.8308,0.5566,4725.6,3605.7,15.12,30.83,4665.8,3367.2,14.62,30.42,4741.2,3483.8,14.33,30.51,4630.1,3449.0,14.62,30.98,4802.3,3640.2,15.04,31.55,4744.6,3552.3,14.22,29.99,4724.69,81.87,14.81,4689.25,88.28,14.72,4720.56,95.54,14.78,4761.13,108.53,14.77,-0.0122,-0.0476,-0.0021,0.0332,0.0412,1.3256,4562.1,4666.2,4893.5,5223.7,14.92,30.21,0,HOLD_NEUTRAL
2021-03-01,3358.3,4562.1,29.35,14.46,178.04,168.62,58.94,475.9,3640.6,6.9333,75.34,51.24,10.74,371.0,9.96,6,5,0,0,0,3,1,0.8584,0.513,4573.5,3450.2,14.59,30.18,4725.6,3605.7,15.12,30.83,4665.8,3367.2,14.62,30.42,4799.4,3595.1,14.56,31.02,4640.9,3469.4,14.91,29.89,4903.3,3598.4,14.6,30.83,4690.79,94.01,14.8,4683.62,93.93,14.68,4709.19,93.32,14.78,4759.71,110.59,14.78,-0.0494,-0.017,-0.0069,0.0329,0.039,1.3585,4798.4,4621.4,4872.6,5373.3,14.86,30.13,0,HOLD_NEUTRAL
2021-03-02,3536.9,4798.4,30.84,15.14,187.03,151.47,61.82,494.06,3623.6,6.9113,75.43,50.66,10.68,371.0,10.26,5,4,0,0,1,3,1,0.8671,0.4981,4562.1,3358.3,14.46,29.35,4573.5,3450.2,14.59,30.18,4725.6,3605.7,15.12,30.83,4760.4,3527.8,15.36,32.73,4535.0,3387.8,14.12,29.59,4775.7,3457.1,14.47,30.12,4696.21,99.63,14.77,4702.44,88.07,14.76,4709.95,93.97,14.8,4763.99,106.9,14.79,0.008,0.0581,-0.0143,0.0326,0.039,1.3567,4817.4,4765.2,4909.5,5334.4,15.06,31.22,0,HOLD_NEUTRAL
2021-03-03,3531.3,4817.4,31.08,15.25,177.73,139.18,59.05,483.34,3580.6,6.9262,75.54,51.46,10.66,371.0,9.76,5,5,0,0,2,3,1,0.8755,0.4831,4798.4,3536.9,15.14,30.84,4562.1,3358.3,14.46,29.35,4573.5,3450.2,14.59,30.18,4806.9,3507.5,15.11,30.72,4720.2,3488.4,14.62,30.65,4826.0,3558.3,14.63,30.81,4697.71,101.63,14.79,4709.38,93.26,14.8,4709.66,93.61,14.82,4765.8,106.87,14.8,0.0022,0.0206,0.0093,0.0317,0.0369,1.3642,4678.6,4651.1,4980.0,5297.8,14.67,32.04,0,HOLD_NEUTRAL
2021-03-04,3551.4,4678.6,31.18,14.24,182.9,142.5,56.24,452.54,3566.3,6.938,75.37,52.59,10.59,371.1,10.09,5,4,0,0,3,3,1,0.8837,0.468,4817.4,3531.3,15.25,31.08,4798.4,3536.9,15.14,30.84,4562.1,3358.3,14.46,29.35,4741.2,3483.8,14.33,30.51,4564.6,3416.0,14.58,30.58,4638.1,3479.5,14.5,31.24,4688.77,99.9,14.77,4717.52,84.18,14.78,4711.01,92.83,14.81,4762.69,106.65,14.79,-0.0132,0.025,-0.0063,0.0318,0.0391,1.3174,4846.2,4895.7,5064.7,5323.1,15.14,31.28,1,CHARTER_NOW
2021-03-05,3510.6,4846.2,32.73,15.4,191.49,142.4,58.22,489.32,3608.1,6.9282,75.19,51.9,10.98,371.1,10.04,5,5,0,0,4,3,1,0.8916,0.4527,4678.6,3551.4,14.24,31.18,4817.4,3531.3,15.25,31.08,4798.4,3536.9,15.14,30.84,4665.8,3367.2,14.62,30.42,4757.5,3538.8,14.8,29.57,4732.7,3599.2,14.86,31.11,4714.54,115.1,14.89,4723.86,90.52,14.82,4714.79,96.01,14.83,4763.94,107.19,14.8,0.0387,0.0186,0.0534,0.0318,0.0395,1.3804,4776.7,4812.6,5044.0,5361.3,15.79,30.44,0,HOLD_NEUTRAL
2021-03-08,3542.8,4776.7,31.72,14.7,185.26,132.47,57.04,467.87,3598.7,6.9292,75.18,51.09,10.73,371.2,10.22,4,4,0,0,0,3,1,0.9138,0.4061,4846.2,3510.6,15.4,32.73,4678.6,3551.4,14.24,31.18,4817.4,3531.3,15.25,31.08,4725.6,3605.7,15.12,30.83,4728.4,3520.8,14.67,31.16,4765.2,3469.9,15.24,31.11,4721.84,117.52,14.83,4727.31,91.62,14.82,4715.18,96.24,14.81,4765.63,106.56,14.81,0.0108,0.0102,-0.0278,0.0318,0.0388,1.3483,4666.2,4767.1,4924.7,5508.8,14.49,30.5,0,HOLD_NEUTRAL
2021-03-09,3460.9,4666.2,30.21,14.92,183.65,143.59,59.9,487.21,3630.0,6.9018,75.3,52.3,10.48,371.2,9.81,5,4,0,0,1,3,1,0.9207,0.3904,4776.7,3542.8,14.7,31.72,4846.2,3510.6,15.4,32.73,4678.6,3551.4,14.24,31.18,4573.5,3450.2,14.59,30.18,4630.1,3449.0,14.62,30.98,4703.4,3468.8,14.99,29.85,4735.09,102.24,14.87,4729.89,89.15,14.84,4713.94,96.63,14.81,4764.99,107.05,14.82,0.0203,0.0078,0.0226,0.0327,0.0394,1.3483,4621.4,4893.5,4984.9,5576.5,15.85,31.9,1,CHARTER_NOW
2021-03-10,3479.0,4621.4,30.13,14.86,187.06,151.68,60.69,488.77,3594.2,6.9121,75.33,52.41,10.66,371.3,10.09,6,4,0,0,2,3,1,0.9272,0.3745,4666.2,3460.9,14.92,30.21,4776.7,3542.8,14.7,31.72,4846.2,3510.6,15.4,32.73,4562.1,3358.3,14.46,29.35,4799.4,3595.1,14.56,31.02,4801.3,3533.4,14.76,31.49,4743.56,86.81,14.93,4717.17,91.14,14.86,4707.94,96.61,14.81,4763.52,108.42,14.82,0.013,-0.0371,0.0277,0.0329,0.0405,1.3284,4765.2,4872.6,5079.5,5594.4,15.21,31.94,1,CHARTER_NOW
2021-03-11,3524.5,4765.2,31.22,15.06,194.6,136.76,63.8,515.71,3599.0,6.9931,75.2,51.78,10.76,371.3,10.16,5,4,0,0,3,3,1,0.9335,0.3585,4621.4,3479.0,14.86,30.13,4666.2,3460.9,14.92,30.21,4776.7,3542.8,14.7,31.72,4798.4,3536.9,15.14,30.84,4760.4,3527.8,15.36,32.73,4832.8,3640.8,14.53,29.52,4738.81,84.19,14.92,4717.51,91.33,14.84,4705.69,94.36,14.83,4763.77,108.4,14.84,-0.0069,0.001,-0.0053,0.0342,0.0408,1.352,4651.1,4909.5,5159.8,5511.9,15.25,31.25,0,HOLD_NEUTRAL
2021-03-12,3368.8,4651.1,32.04,14.67,182.4,154.3,61.5,508.09,3658.5,6.9624,75.3,52.84,10.92,371.3,9.71,5,4,0,0,4,3,1,0.9396,0.3424,4765.2,3524.5,15.06,31.22,4621.4,3479.0,14.86,30.13,4666.2,3460.9,14.92,30.21,4817.4,3531.3,15.25,31.08,4806.9,3507.5,15.11,30.72,4677.5,3471.9,15.28,30.35,4715.06,81.74,14.84,4706.39,89.06,14.81,4704.81,94.75,14.81,4760.69,108.95,14.83,-0.0345,-0.0324,-0.038,0.0346,0.0392,1.3806,4895.7,4980.0,5083.1,5637.9,15.25,32.57,1,CHARTER_NOW
2021-03-15,3600.7,4895.7,31.28,15.14,185.75,150.21,60.89,483.66,3630.3,6.882,75.67,52.16,10.62,371.4,9.86,5,4,0,0,0,3,1,0.956,0.2934,4651.1,3368.8,14.67,32.04,4765.2,3524.5,15.06,31.22,4621.4,3479.0,14.86,30.13,4678.6,3551.4,14.24,31.18,4741.2,3483.8,14.33,30.51,4765.8,3484.7,15.27,31.34,4746.07,103.81,14.96,4717.42,102.3,14.87,4709.14,100.43,14.8,4762.44,110.27,14.84,0.0464,0.0326,0.0632,0.0319,0.0379,1.3597,4812.6,5064.7,5189.5,5592.4,15.39,30.74,0,HOLD_NEUTRAL
2021-03-16,3511.5,4812.6,30.44,15.79,194.19,141.17,62.9,499.85,3601.6,6.8554,75.93,52.08,10.64,371.5,10.06,4,5,0,0,1,3,1,0.9609,0.2769,4895.7,3600.7,15.14,31.28,4651.1,3368.8,14.67,32.04,4765.2,3524.5,15.06,31.22,4846.2,3510.6,15.4,32.73,4665.8,3367.2,14.62,30.42,4623.2,3466.8,14.66,30.64,4741.27,99.08,15.02,4727.91,104.1,14.95,4715.45,100.79,14.84,4760.75,108.67,14.85,-0.0069,0.0315,0.0253,0.0317,0.0404,1.3705,4767.1,5044.0,5237.0,5574.9,15.4,32.12,1,CHARTER_NOW
2021-03-17,3534.9,4767.1,30.5,14.49,195.63,145.73,57.56,467.74,3628.0,6.9289,75.71,51.26,10.75,371.5,10.17,5,4,0,0,2,3,1,0.9655,0.2604,4812.6,3511.5,15.79,30.44,4895.7,3600.7,15.14,31.28,4651.1,3368.8,14.67,32.04,4776.7,3542.8,14.7,31.72,4725.6,3605.7,15.12,30.83,4746.9,3497.8,14.92,30.87,4739.9,98.57,14.99,4730.87,104.62,14.91,4716.12,101.08,14.83,4758.27,106.75,14.85,-0.002,0.0088,-0.0143,0.0323,0.041,1.3486,4893.5,4924.7,5076.8,5782.4,15.16,32.47,0,HOLD_NEUTRAL
2021-03-18,3683.5,4893.5,31.9,15.85,189.64,158.89,62.09,486.04,3676.8,6.9537,75.85,52.03,10.92,371.5,10.1,5,4,0,0,3,3,1,0.9698,0.2437,4767.1,3534.9,14.49,30.5,4812.6,3511.5,15.79,30.44,4895.7,3600.7,15.14,31.28,4666.2,3460.9,14.92,30.21,4573.5,3450.2,14.59,30.18,4527.4,3316.3,14.4,29.91,4772.37,107.3,15.12,4753.73,102.53,15.0,4728.33,99.6,14.88,4756.52,103.56,14.86,0.0487,0.07,0.0623,0.0307,0.0388,1.3285,4872.6,4984.9,5159.0,5549.7,15.6,31.67,0,HOLD_NEUTRAL
2021-03-19,3511.5,4872.6,31.94,15.21,186.29,152.52,63.18,499.76,3640.0,6.9115,75.78,51.8,10.48,371.6,10.18,5,4,0,0,4,3,1,0.9739,0.227,4893.5,3683.5,15.85,31.9,4767.1,3534.9,14.49,30.5,4812.6,3511.5,15.79,30.44,4621.4,3479.0,14.86,30.13,4562.1,3358.3,14.46,29.35,4845.8,3536.7,15.24,30.9,4808.26,88.8,15.17,4775.91,90.8,15.05,4729.22,100.8,14.87,4754.98,101.07,14.86,0.0544,0.0681,0.0236,0.0329,0.0382,1.3876,4909.5,5079.5,5136.4,5500.8,15.57,31.77,1,CHARTER_NOW
2021-03-22,3582.1,4909.5,31.25,15.25,197.81,147.2,59.5,478.9,3653.9,6.9584,75.76,51.96,10.86,371.7,9.84,4,4,0,0,0,3,1,0.9843,0.1765,4872.6,3511.5,15.21,31.94,4893.5,3683.5,15.85,31.9,4767.1,3534.9,14.49,30.5,4765.2,3524.5,15.06,31.22,4798.4,3536.9,15.14,30.84,4802.3,3640.2,15.04,31.55,4828.87,93.75,15.2,4783.84,97.53,15.06,4732.79,105.28,14.88,4752.82,96.17,14.87,0.0303,0.0232,0.0126,0.0314,0.0403,1.3706,4980.0,5159.8,5223.7,5680.5,16.45,31.3,1,CHARTER_NOW
2021-03-23,3639.6,4980.0,32.57,15.25,196.49,145.46,64.35,528.06,3608.0,6.9297,75.48,51.29,10.66,371.7,9.74,4,4,0,0,1,3,1,0.9872,0.1595,4909.5,3582.1,15.25,31.25,4872.6,3511.5,15.21,31.94,4893.5,3683.5,15.85,31.9,4651.1,3368.8,14.67,32.04,4817.4,3531.3,15.25,31.08,4640.9,3469.4,14.91,29.89,4875.86,68.95,15.28,4795.46,110.63,15.06,4744.1,113.0,14.89,4753.61,97.84,14.86,0.0707,0.0338,0.0395,0.0346,0.0395,1.3683,5064.7,5083.1,5373.3,5716.1,15.26,33.27,0,HOLD_NEUTRAL
2021-03-24,3702.3,5064.7,30.74,15.39,193.85,147.92,63.02,511.72,3671.4,6.9233,75.6,51.72,10.69,371.7,10.07,6,4,0,0,2,3,1,0.9898,0.1425,4980.0,3639.6,15.25,32.57,4909.5,3582.1,15.25,31.25,4872.6,3511.5,15.21,31.94,4895.7,3600.7,15.14,31.28,4678.6,3551.4,14.24,31.18,4535.0,3387.8,14.12,29.59,4900.0,99.76,15.32,4823.04,126.28,15.14,4761.75,120.34,14.94,4757.21,105.1,14.87,0.0345,0.0825,0.0165,0.0333,0.0383,1.368,5044.0,5189.5,5334.4,5573.7,15.78,31.96,0,HOLD_NEUTRAL
2021-03-25,3745.2,5044.0,32.12,15.4,189.36,143.61,61.79,502.52,3717.7,6.9511,75.47,51.19,11.16,371.8,9.8,6,5,0,0,3,3,1,0.9921,0.1255,5064.7,3702.3,15.39,30.74,4980.0,3639.6,15.25,32.57,4909.5,3582.1,15.25,31.25,4812.6,3511.5,15.79,30.44,4846.2,3510.6,15.4,32.73,4720.2,3488.4,14.62,30.65,4933.06,104.21,15.26,4837.16,139.45,15.14,4772.55,130.57,14.96,4761.03,111.22,14.89,0.0481,0.0408,-0.0247,0.0326,0.0375,1.3468,4924.7,5237.0,5297.8,5590.8,15.9,32.74,0,HOLD_NEUTRAL
2021-03-26,3623.1,4924.7,32.47,15.16,192.09,131.77,63.81,524.09,3610.0,6.9127,75.53,50.45,10.72,371.8,9.87,6,4,0,0,4,3,1,0.9941,0.1084,5044.0,3745.2,15.4,32.12,5064.7,3702.3,15.39,30.74,4980.0,3639.6,15.25,32.57,4767.1,3534.9,14.49,30.5,4776.7,3542.8,14.7,31.72,4564.6,3416.0,14.58,30.58,4955.57,75.43,15.36,4847.74,140.12,15.17,4784.55,127.31,14.98,4763.55,113.2,14.9,0.0331,0.031,0.0462,0.0346,0.039,1.3593,4984.9,5076.8,5323.1,5674.1,15.25,32.56,0,HOLD_NEUTRAL
2021-03-29,3691.1,4984.9,31.67,15.6,192.58,162.97,67.13,534.83,3599.8,6.9207,75.62,52.17,10.92,371.9,10.22,4,5,0,0,0,3,1,0.9984,0.057,4924.7,3623.1,15.16,32.47,5044.0,3745.2,15.4,32.12,5064.7,3702.3,15.39,30.74,4893.5,3683.5,15.85,31.9,4666.2,3460.9,14.92,30.21,4757.5,3538.8,14.8,29.57,4968.63,70.65,15.32,4870.5,134.12,15.22,4792.13,132.31,15.01,4765.95,116.35,14.91,0.0187,0.0683,-0.0158,0.0343,0.0386,1.3505,5079.5,5159.0,5361.3,5778.1,16.17,33.73,0,HOLD_NEUTRAL
2021-03-30,3699.6,5079.5,31.77,15.57,194.44,148.92,63.5,516.46,3648.5,6.9496,75.79,50.79,10.91,371.9,10.07,6,4,0,0,1,3,1,0.9992,0.0398,4984.9,3691.1,15.6,31.67,4924.7,3623.1,15.16,32.47,5044.0,3745.2,15.4,32.12,4872.6,3511.5,15.21,31.94,4621.4,3479.0,14.86,30.13,4728.4,3520.8,14.67,31.16,4998.19,66.97,15.37,4903.22,124.18,15.27,4803.83,141.68,15.04,4771.69,123.1,14.91,0.0425,0.0991,0.0237,0.0332,0.0383,1.373,5159.8,5136.4,5508.8,5810.8,15.69,32.45,0,HOLD_NEUTRAL
2021-03-31,3793.7,5159.8,31.3,16.45,198.31,150.84,63.74,512.2,3674.1,6.9288,75.72,51.66,10.54,372.0,9.92,5,4,0,0,2,3,1,0.9997,0.0226,5079.5,3699.6,15.57,31.77,4984.9,3691.1,15.6,31.67,4924.7,3623.1,15.16,32.47,4909.5,3582.1,15.25,31.25,4765.2,3524.5,15.06,31.22,4630.1,3449.0,14.62,30.98,5033.94,77.69,15.55,4931.41,134.78,15.37,4821.49,151.92,15.1,4778.43,132.88,14.94,0.051,0.0828,0.0787,0.0311,0.0384,1.3601,5083.1,5223.7,5576.5,5774.3,15.16,32.61,0,HOLD_NEUTRAL
2021-04-01,3772.0,5083.1,33.27,15.26,196.76,147.52,62.59,508.81,3641.4,6.9872,75.58,51.77,10.41,372.0,9.89,5,6,0,0,3,4,2,1.0,0.0054,5159.8,3793.7,16.45,31.3,5079.5,3699.6,15.57,31.77,4984.9,3691.1,15.6,31.67,4980.0,3639.6,15.25,32.57,4651.1,3368.8,14.67,32.04,4799.4,3595.1,14.56,31.02,5048.67,75.5,15.55,4962.26,113.43,15.42,4830.95,159.15,15.12,4783.62,138.57,14.95,0.0207,0.0929,0.0007,0.0333,0.0387,1.3476,5189.5,5373.3,5594.4,5756.1,16.51,33.58,1,CHARTER_NOW
2021-04-02,3764.7,5189.5,31.96,15.78,190.79,142.53,62.01,494.71,3608.9,6.951,75.64,51.76,10.94,372.0,10.15,5,4,0,0,4,4,2,0.9999,-0.0118,5083.1,3772.0,15.26,33.27,5159.8,3793.7,16.45,31.3,5079.5,3699.6,15.57,31.77,5064.7,3702.3,15.39,30.74,4895.7,3600.7,15.14,31.28,4760.4,3527.8,15.36,32.73,5066.5,92.69,15.6,4983.25,126.58,15.46,4845.25,171.4,15.14,4790.19,148.15,14.96,0.0246,0.06,0.0253,0.0314,0.0368,1.3785,5237.0,5334.4,5511.9,5822.1,15.8,34.14,0,HOLD_NEUTRAL
2021-04-05,3870.7,5237.0,32.74,15.9,199.49,146.74,65.42,495.56,3645.4,6.9497,75.76,51.41,10.57,372.1,10.06,6,5,0,0,0,4,2,0.998,-0.0634,5189.5,3764.7,15.78,31.96,5083.1,3772.0,15.26,33.27,5159.8,3793.7,16.45,31.3,5044.0,3745.2,15.4,32.12,4812.6,3511.5,15.79,30.44,4806.9,3507.5,15.11,30.72,5094.07,111.65,15.67,5013.56,133.21,15.47,4859.59,185.49,15.16,4798.67,158.72,14.97,0.0383,0.0882,0.0325,0.0312,0.0381,1.353,5076.8,5297.8,5637.9,5764.1,15.67,32.9,0,HOLD_NEUTRAL
2021-04-06,3731.8,5076.8,32.56,15.25,196.37,136.23,62.51,503.43,3671.3,6.9295,75.82,51.7,10.45,372.2,9.77,6,4,0,0,1,4,2,0.9968,-0.0805,5237.0,3870.7,15.9,32.74,5189.5,3764.7,15.78,31.96,5083.1,3772.0,15.26,33.27,4924.7,3623.1,15.16,32.47,4767.1,3534.9,14.49,30.5,4741.2,3483.8,14.33,30.51,5115.8,84.75,15.69,5035.69,113.37,15.52,4870.77,188.21,15.19,4803.14,162.73,14.99,0.0309,0.065,0.0059,0.033,0.0387,1.3604,5159.0,5323.1,5592.4,5883.6,16.28,32.41,1,CHARTER_NOW
2021-04-07,3834.1,5159.0,33.73,16.17,197.85,165.39,64.3,534.32,3637.3,6.9575,75.28,51.8,10.99,372.2,9.62,5,4,0,0,2,4,2,0.9952,-0.0977,5076.8,3731.8,15.25,32.56,5237.0,3870.7,15.9,32.74,5189.5,3764.7,15.78,31.96,4984.9,3691.1,15.6,31.67,4893.5,3683.5,15.85,31.9,4665.8,3367.2,14.62,30.42,5140.67,62.58,15.77,5054.65,109.91,15.55,4887.21,191.2,15.24,4808.91,169.09,15.01,0.0349,0.0543,0.0365,0.033,0.0384,1.3456,5136.4,5361.3,5574.9,5878.5,15.95,32.1,0,HOLD_NEUTRAL
2021-04-08,3757.2,5136.4,32.45,15.69,200.63,139.14,63.44,522.49,3673.9,6.9218,75.4,51.93,10.58,372.2,10.38,5,5,0,0,3,4,2,0.9934,-0.1148,5159.0,3834.1,16.17,33.73,5076.8,3731.8,15.25,32.56,5237.0,3870.7,15.9,32.74,5079.5,3699.6,15.57,31.77,4872.6,3511.5,15.21,31.94,4725.6,3605.7,15.12,30.83,5148.8,56.74,15.79,5073.49,98.3,15.58,4900.91,193.92,15.26,4813.59,174.22,15.02,0.0112,0.0541,0.0077,0.0333,0.0391,1.3671,5223.7,5508.8,5782.4,5993.1,16.73,32.98,1,CHARTER_NOW
2021-04-09,3842.2,5223.7,32.61,15.16,192.67,140.74,65.29,535.52,3694.6,6.9402,75.95,52.47,10.64,372.3,9.76,5,5,0,0,4,4,2,0.9913,-0.1319,5136.4,3757.2,15.69,32.45,5159.0,3834.1,16.17,33.73,5076.8,3731.8,15.25,32.56,5159.8,3793.7,16.45,31.3,4909.5,3582.1,15.25,31.25,4573.5,3450.2,14.59,30.18,5157.93,63.54,15.6,5095.94,93.74,15.57,4922.58,192.39,15.28,4821.57,181.81,15.03,0.0124,0.064,-0.0784,0.0353,0.0369,1.3596,5373.3,5576.5,5549.7,5938.2,17.04,34.74,1,CHARTER_NOW
2021-04-12,3916.9,5373.3,33.58,16.51,196.96,145.26,65.4,539.55,3665.7,6.9049,75.68,51.63,11.19,372.4,10.1,5,5,0,0,0,4,2,0.9831,-0.1828,5223.7,3842.2,15.16,32.61,5136.4,3757.2,15.69,32.45,5159.0,3834.1,16.17,33.73,5083.1,3772.0,15.26,33.27,4980.0,3639.6,15.25,32.57,4562.1,3358.3,14.46,29.35,5199.39,93.96,15.78,5124.03,113.23,15.66,4949.62,196.94,15.35,4829.4,195.04,15.06,0.0571,0.079,0.0819,0.0327,0.0367,1.3718,5334.4,5594.4,5500.8,6012.5,16.35,33.92,1,CHARTER_NOW
2021-04-13,3889.2,5334.4,34.14,15.8,195.66,158.3,66.79,535.25,3657.5,6.9637,75.6,51.53,10.47,372.4,10.29,6,4,0,0,1,4,2,0.9799,-0.1997,5373.3,3916.9,16.51,33.58,5223.7,3842.2,15.16,32.61,5136.4,3757.2,15.69,32.45,5189.5,3764.7,15.78,31.96,5064.7,3702.3,15.39,30.74,4798.4,3536.9,15.14,30.84,5220.09,106.54,15.78,5143.29,124.72,15.69,4967.49,206.81,15.37,4838.72,205.49,15.08,0.0279,0.0533,0.0013,0.0339,0.0367,1.3716,5297.8,5511.9,5680.5,5960.2,16.6,33.22,0,HOLD_NEUTRAL
2021-04-14,3883.5,5297.8,32.9,15.67,192.63,148.83,64.13,518.47,3688.6,6.9415,75.65,50.98,10.55,372.4,10.02,4,5,0,0,2,4,2,0.9763,-0.2165,5334.4,3889.2,15.8,34.14,5373.3,3916.9,16.51,33.58,5223.7,3842.2,15.16,32.61,5237.0,3870.7,15.9,32.74,5044.0,3745.2,15.4,32.12,4817.4,3531.3,15.25,31.08,5228.77,110.55,15.75,5161.42,127.59,15.71,4983.5,213.28,15.39,4846.58,213.85,15.1,0.0116,0.0503,-0.0145,0.0331,0.0364,1.3642,5323.1,5637.9,5716.1,6114.8,16.41,33.84,1,CHARTER_NOW
2021-04-15,3913.6,5323.1,32.41,16.28,199.04,139.52,64.69,512.48,3630.8,6.9925,75.65,51.7,10.71,372.4,9.86,5,5,0,0,3,4,2,0.9724,-0.2333,5297.8,3883.5,15.67,32.9,5334.4,3889.2,15.8,34.14,5373.3,3916.9,16.51,33.58,5076.8,3731.8,15.25,32.56,4924.7,3623.1,15.16,32.47,4678.6,3551.4,14.24,31.18,5263.96,91.71,15.9,5189.88,114.49,15.79,5004.98,213.97,15.45,4858.0,220.71,15.13,0.0485,0.0809,0.0675,0.0315,0.0374,1.3602,5361.3,5592.4,5573.7,5967.9,17.48,34.39,1,CHARTER_NOW
2021-04-16,3848.8,5361.3,32.1,15.95,206.25,158.27,63.54,508.28,3628.5,7.005,75.87,51.82,10.76,372.5,9.7,4,5,0,0,4,4,2,0.9683,-0.25,5323.1,3913.6,16.28,32.41,5297.8,3883.5,15.67,32.9,5334.4,3889.2,15.8,34.14,5159.0,3834.1,16.17,33.73,4984.9,3691.1,15.6,31.67,4846.2,3510.6,15.4,32.73,5292.86,84.74,15.87,5216.76,106.57,15.82,5022.15,221.33,15.47,4868.47,229.41,15.15,0.0392,0.0755,-0.0136,0.0319,0.0385,1.393,5508.8,5574.9,5590.8,5932.7,16.22,33.75,0,HOLD_NEUTRAL
2021-04-19,4077.3,5508.8,32.98,16.73,193.18,154.42,64.88,528.56,3656.0,6.9568,75.47,51.33,10.63,372.6,9.68,5,5,0,0,0,4,2,0.9541,-0.2996,5361.3,3848.8,15.95,32.1,5323.1,3913.6,16.28,32.41,5297.8,3883.5,15.67,32.9,5136.4,3757.2,15.69,32.45,5079.5,3699.6,15.57,31.77,4776.7,3542.8,14.7,31.72,5346.06,87.01,16.01,5247.43,124.32,15.9,5046.56,233.37,15.54,4880.87,243.39,15.18,0.0725,0.0845,0.0663,0.0316,0.0351,1.3511,5576.5,5782.4,5674.1,6165.0,17.18,34.47,1,CHARTER_NOW
2021-04-20,3956.0,5576.5,34.74,17.04,199.25,164.33,66.48,546.53,3649.3,6.9361,75.76,51.72,10.58,372.6,10.04,5,4,0,0,1,4,2,0.9488,-0.316,5508.8,4077.3,16.73,32.98,5361.3,3848.8,15.95,32.1,5323.1,3913.6,16.28,32.41,5223.7,3842.2,15.16,32.61,5159.8,3793.7,16.45,31.3,4666.2,3460.9,14.92,30.21,5396.46,104.7,16.28,5277.19,149.13,15.94,5076.9,241.25,15.61,4895.42,258.25,15.21,0.0675,0.0808,0.124,0.0321,0.0357,1.4096,5594.4,5549.7,5778.1,5981.7,16.71,34.68,0,HOLD_NEUTRAL
2021-04-21,4026.2,5594.4,33.92,16.35,201.69,166.35,67.29,535.91,3639.5,6.9059,75.82,51.24,11.11,372.6,10.26,5,5,0,0,2,4,2,0.9432,-0.3322,5576.5,3956.0,17.04,34.74,5508.8,4077.3,16.73,32.98,5361.3,3848.8,15.95,32.1,5373.3,3916.9,16.51,33.58,5083.1,3772.0,15.26,33.27,4621.4,3479.0,14.86,30.13,5428.04,127.43,16.26,5313.71,160.15,16.02,5109.33,243.3,15.66,4908.64,273.21,15.24,0.0411,0.1006,-0.0097,0.0328,0.0361,1.3895,5511.9,5500.8,5810.8,5695.7,16.38,34.52,0,HOLD_NEUTRAL
2021-04-22,4002.9,5511.9,33.22,16.6,200.31,179.64,64.39,512.48,3732.9,6.9617,75.87,51.76,10.87,372.7,9.88,5,5,0,0,3,4,2,0.9373,-0.3484,5594.4,4026.2,16.35,33.92,5576.5,3956.0,17.04,34.74,5508.8,4077.3,16.73,32.98,5334.4,3889.2,15.8,34.14,5189.5,3764.7,15.78,31.96,4765.2,3524.5,15.06,31.22,5453.4,123.29,16.37,5336.74,164.04,16.08,5134.22,245.07,15.71,4919.96,283.88,15.27,0.0333,0.0621,0.0506,0.0309,0.0363,1.377,5637.9,5680.5,5774.3,5817.3,16.32,33.08,0,HOLD_NEUTRAL
2021-04-23,4108.9,5637.9,33.84,16.41,199.84,178.76,67.75,540.67,3746.0,6.9411,75.83,51.88,10.93,372.7,9.85,4,4,0,0,4,4,2,0.9312,-0.3645,5511.9,4002.9,16.6,33.22,5594.4,4026.2,16.35,33.92,5576.5,3956.0,17.04,34.74,5297.8,3883.5,15.67,32.9,5237.0,3870.7,15.9,32.74,4651.1,3368.8,14.67,32.04,5501.99,118.68,16.48,5365.38,179.55,16.12,5167.12,244.21,15.77,4935.96,296.76,15.29,0.0642,0.0766,0.0472,0.0329,0.0354,1.3721,5592.4,5716.1,5756.1,5751.4,16.82,34.93,0,HOLD_NEUTRAL
2021-04-26,4137.9,5592.4,34.39,17.48,196.9,159.29,69.0,556.39,3661.0,6.9515,75.92,51.85,10.79,372.8,10.09,4,4,0,0,0,4,2,0.9112,-0.412,5637.9,4108.9,16.41,33.84,5511.9,4002.9,16.6,33.22,5594.4,4026.2,16.35,33.92,5323.1,3913.6,16.28,32.41,5076.8,3731.8,15.25,32.56,4895.7,3600.7,15.14,31.28,5540.46,91.58,16.65,5402.21,168.33,16.27,5190.34,250.56,15.85,4949.74,307.71,15.33,0.0506,0.1016,0.0737,0.0318,0.0352,1.3515,5574.9,5573.7,5822.1,5824.4,15.84,33.63,0,HOLD_NEUTRAL
2021-04-27,3955.0,5574.9,33.75,16.22,202.09,177.31,67.43,521.17,3677.7,6.9875,75.66,51.41,10.88,372.8,9.81,5,5,0,0,1,4,2,0.9039,-0.4276,5592.4,4137.9,17.48,34.39,5637.9,4108.9,16.41,33.84,5511.9,4002.9,16.6,33.22,5361.3,3848.8,15.95,32.1,5159.0,3834.1,16.17,33.73,4812.6,3511.5,15.79,30.44,5570.97,46.35,16.69,5431.91,158.52,16.28,5215.75,249.58,15.86,4965.6,315.03,15.35,0.0398,0.0806,0.0169,0.0321,0.0362,1.4096,5782.4,5590.8,5764.1,5622.5,16.78,34.18,0,HOLD_NEUTRAL
2021-04-28,4155.3,5782.4,34.47,17.18,199.2,168.7,70.19,529.71,3669.1,6.9111,75.57,50.76,11.01,372.9,10.0,5,5,0,0,2,4,2,0.8965,-0.4431,5574.9,3955.0,16.22,33.75,5592.4,4137.9,17.48,34.39,5637.9,4108.9,16.41,33.84,5508.8,4077.3,16.73,32.98,5136.4,3757.2,15.69,32.45,4767.1,3534.9,14.49,30.5,5610.06,84.69,16.75,5478.06,159.9,16.38,5249.59,255.41,15.95,4982.86,330.82,15.39,0.0497,0.1258,0.0269,0.0308,0.0344,1.3916,5549.7,5674.1,5883.6,5792.1,16.9,34.71,0,HOLD_NEUTRAL
2021-04-29,3925.5,5549.7,34.68,16.71,194.9,170.26,65.54,519.06,3715.6,6.9083,76.43,50.97,10.63,372.9,9.95,5,4,0,0,3,4,2,0.8887,-0.4585,5782.4,4155.3,17.18,34.47,5574.9,3955.0,16.22,33.75,5592.4,4137.9,17.48,34.39,5576.5,3956.0,17.04,34.74,5223.7,3842.2,15.16,32.61,4893.5,3683.5,15.85,31.9,5606.23,87.03,16.71,5501.34,142.84,16.5,5271.47,251.94,15.98,4999.9,333.28,15.43,-0.0048,0.0624,-0.0194,0.0311,0.0351,1.4138,5500.8,5778.1,5878.5,5755.8,16.89,34.54,1,CHARTER_NOW
2021-04-30,4002.1,5500.8,34.52,16.38,206.02,154.52,64.82,506.11,3723.7,6.9292,75.75,51.62,10.88,372.9,9.86,6,5,0,0,4,4,2,0.8807,-0.4737,5549.7,3925.5,16.71,34.68,5782.4,4155.3,17.18,34.47,5574.9,3955.0,16.22,33.75,5594.4,4026.2,16.35,33.92,5373.3,3916.9,16.51,33.58,4872.6,3511.5,15.21,31.94,5592.86,95.89,16.71,5510.45,138.03,16.49,5292.41,243.61,16.02,5010.81,338.83,15.45,-0.0167,0.0237,0.0018,0.0309,0.0375,1.3745,5680.5,5810.8,5993.1,5871.4,16.13,35.44,1,CHARTER_NOW
2021-05-03,4129.1,5680.5,33.08,16.32,206.11,168.01,64.23,510.69,3619.2,6.9616,75.8,52.62,10.97,373.0,9.93,5,5,0,0,0,5,2,0.8551,-0.5185,5500.8,4002.1,16.38,34.52,5549.7,3925.5,16.71,34.68,5782.4,4155.3,17.18,34.47,5511.9,4002.9,16.6,33.22,5334.4,3889.2,15.8,34.14,4909.5,3582.1,15.25,31.25,5616.94,93.31,16.67,5535.17,135.03,16.52,5318.11,242.49,16.06,5025.45,348.5,15.47,0.0306,0.0649,-0.0169,0.0313,0.0363,1.3757,5716.1,5774.3,5938.2,5794.9,16.39,35.1,0,HOLD_NEUTRAL
2021-05-04,4217.9,5716.1,34.93,16.82,203.5,163.88,70.25,555.95,3699.2,6.9538,76.02,51.07,11.15,373.1,10.28,6,5,0,0,1,5,2,0.846,-0.5331,5680.5,4129.1,16.32,33.08,5500.8,4002.1,16.38,34.52,5549.7,3925.5,16.71,34.68,5637.9,4108.9,16.41,33.84,5297.8,3883.5,15.67,32.9,4980.0,3639.6,15.25,32.57,5628.11,100.63,16.73,5565.05,124.32,16.6,5342.64,244.34,16.11,5043.37,355.95,15.5,0.0139,0.079,0.025,0.0331,0.0356,1.3552,5573.7,5756.1,6012.5,5969.3,16.7,35.08,0,HOLD_NEUTRAL
2021-05-05,4053.2,5573.7,33.63,15.84,204.35,176.88,68.86,542.83,3638.0,6.9105,76.25,51.49,11.23,373.1,10.04,6,4,0,0,2,5,2,0.8367,-0.5476,5716.1,4217.9,16.82,34.93,5680.5,4129.1,16.32,33.08,5500.8,4002.1,16.38,34.52,5592.4,4137.9,17.48,34.39,5323.1,3913.6,16.28,32.41,5064.7,3702.3,15.39,30.74,5625.44,101.97,16.5,5582.95,103.03,16.57,5359.61,242.03,16.12,5060.68,356.07,15.53,-0.0033,0.0471,-0.0938,0.0343,0.0367,1.3751,5590.8,5822.1,5960.2,5966.2,17.13,34.63,1,CHARTER_NOW
2021-05-06,4110.3,5590.8,34.18,16.78,207.34,179.39,67.71,557.86,3746.4,6.9603,75.73,50.92,10.86,373.1,10.14,4,5,0,0,3,5,2,0.8272,-0.5619,5573.7,4053.2,15.84,33.63,5716.1,4217.9,16.82,34.93,5680.5,4129.1,16.32,33.08,5574.9,3955.0,16.22,33.75,5361.3,3848.8,15.95,32.1,5044.0,3745.2,15.4,32.12,5627.71,100.83,16.58,5599.34,80.94,16.63,5377.84,238.0,16.17,5075.19,359.68,15.56,0.0029,0.0428,0.0345,0.0332,0.0371,1.3602,5674.1,5764.1,6114.8,6068.5,17.1,34.55,0,HOLD_NEUTRAL
2021-05-07,4140.6,5674.1,34.71,16.9,204.9,156.49,68.44,549.32,3701.4,6.9018,75.62,50.67,11.07,373.2,9.73,5,5,0,0,4,5,2,0.8174,-0.5761,5590.8,4110.3,16.78,34.18,5573.7,4053.2,15.84,33.63,5716.1,4217.9,16.82,34.93,5782.4,4155.3,17.18,34.47,5508.8,4077.3,16.73,32.98,4924.7,3623.1,15.16,32.47,5612.24,79.11,16.54,5611.15,78.74,16.64,5402.82,227.91,16.23,5093.68,361.5,15.6,-0.0187,0.03,-0.0163,0.0325,0.0361,1.3704,5778.1,5883.6,5967.9,6061.4,16.98,34.15,0,HOLD_NEUTRAL
2021-05-10,4156.2,5778.1,34.54,16.89,207.93,173.96,66.29,534.36,3660.7,6.9133,75.58,50.82,10.32,373.3,10.13,5,5,0,0,0,5,2,0.7866,-0.6175,5674.1,4140.6,16.9,34.71,5590.8,4110.3,16.78,34.18,5573.7,4053.2,15.84,33.63,5549.7,3925.5,16.71,34.68,5576.5,3956.0,17.04,34.74,4984.9,3691.1,15.6,31.67,5644.87,94.6,16.56,5625.55,89.6,16.63,5429.26,223.73,16.27,5110.69,369.34,15.64,0.0412,0.0362,0.0108,0.0316,0.036,1.3902,5810.8,5878.5,5932.7,5991.2,17.15,34.33,0,HOLD_NEUTRAL
2021-05-11,4128.5,5810.8,35.44,16.13,204.37,183.23,72.84,582.78,3682.2,6.9352,76.29,50.03,11.16,373.3,10.03,4,5,0,0,1,5,2,0.7759,-0.6309,5778.1,4156.2,16.89,34.54,5674.1,4140.6,16.9,34.71,5590.8,4110.3,16.78,34.18,5500.8,4002.1,16.38,34.52,5594.4,4026.2,16.35,33.92,5079.5,3699.6,15.57,31.77,5689.16,88.26,16.53,5641.01,101.67,16.62,5453.63,224.15,16.29,5128.73,376.71,15.66,0.0564,0.0387,-0.0153,0.0361,0.0352,1.4075,5774.3,5993.1,6165.0,5925.4,17.0,36.99,0,HOLD_NEUTRAL
2021-05-12,4189.3,5774.3,35.1,16.39,209.8,174.11,68.8,534.15,3681.7,6.9223,75.64,51.9,10.71,373.3,9.6,4,5,0,0,2,5,2,0.7649,-0.6442,5810.8,4128.5,16.13,35.44,5778.1,4156.2,16.89,34.54,5674.1,4140.6,16.9,34.71,5680.5,4129.1,16.32,33.08,5511.9,4002.9,16.6,33.22,5159.8,3793.7,16.45,31.3,5702.56,93.68,16.54,5659.75,100.21,16.6,5474.12,224.45,16.29,5147.8,379.99,15.69,0.0165,0.0476,0.0043,0.0326,0.0363,1.3783,5756.1,5938.2,5981.7,6137.1,17.57,35.16,0,HOLD_NEUTRAL
2021-05-13,4089.3,5756.1,35.08,16.7,206.92,181.67,68.89,560.9,3711.3,6.9658,75.9,49.91,10.81,373.4,10.01,6,6,0,0,3,5,2,0.7537,-0.6572,5774.3,4189.3,16.39,35.1,5810.8,4128.5,16.13,35.44,5778.1,4156.2,16.89,34.54,5716.1,4217.9,16.82,34.93,5637.9,4108.9,16.41,33.84,5083.1,3772.0,15.26,33.27,5708.27,95.84,16.52,5668.19,103.16,16.62,5496.55,217.54,16.33,5163.75,385.16,15.73,0.007,0.021,-0.0071,0.0336,0.0359,1.4076,5822.1,6012.5,5695.7,5949.3,17.51,34.93,1,CHARTER_NOW
2021-05-14,4270.9,5822.1,34.63,17.13,206.8,179.53,70.12,555.92,3730.6,6.9479,75.67,50.97,10.95,373.4,9.79,6,5,0,0,4,5,2,0.7423,-0.6701,5756.1,4089.3,16.7,35.08,5774.3,4189.3,16.39,35.1,5810.8,4128.5,16.13,35.44,5573.7,4053.2,15.84,33.63,5592.4,4137.9,17.48,34.39,5189.5,3764.7,15.78,31.96,5743.76,82.81,16.7,5684.6,108.32,16.6,5517.64,217.41,16.38,5181.44,390.66,15.76,0.0446,0.0411,0.0814,0.0325,0.0355,1.3632,5764.1,5960.2,5817.3,6033.5,17.43,35.8,0,HOLD_NEUTRAL
2021-05-17,4161.0,5764.1,34.55,17.1,202.96,181.53,70.06,564.43,3657.3,6.993,75.58,50.45,10.83,373.5,9.58,6,4,0,0,0,5,2,0.7067,-0.7075,5822.1,4270.9,17.13,34.63,5756.1,4089.3,16.7,35.08,5774.3,4189.3,16.39,35.1,5590.8,4110.3,16.78,34.18,5574.9,3955.0,16.22,33.75,5237.0,3870.7,15.9,32.74,5768.51,48.08,16.75,5698.11,105.34,16.66,5535.21,215.24,16.42,5197.4,394.63,15.79,0.031,0.0339,0.0191,0.033,0.0352,1.3853,5883.6,6114.8,5751.4,6139.3,17.45,35.99,1,CHARTER_NOW
2021-05-18,4305.2,5883.6,34.15,16.98,208.23,177.63,69.72,541.23,3763.0,6.9328,75.87,50.59,10.9,373.5,9.91,5,5,0,0,1,5,2,0.6945,-0.7195,5764.1,4161.0,17.1,34.55,5822.1,4270.9,17.13,34.63,5756.1,4089.3,16.7,35.08,5674.1,4140.6,16.9,34.71,5782.4,4155.3,17.18,34.47,5076.8,3731.8,15.25,32.56,5798.44,44.6,16.76,5705.34,114.63,16.65,5562.1,206.2,16.48,5216.44,399.77,15.83,0.0369,0.0175,0.0047,0.0319,0.0354,1.3666,5878.5,5967.9,5824.4,6363.2,17.75,35.13,0,HOLD_NEUTRAL
2021-05-19,4218.2,5878.5,34.33,17.15,204.93,171.23,68.02,523.89,3756.0,6.9368,75.72,51.82,11.18,373.6,9.99,5,5,0,0,2,5,2,0.682,-0.7314,5883.6,4305.2,16.98,34.15,5764.1,4161.0,17.1,34.55,5822.1,4270.9,17.13,34.63,5778.1,4156.2,16.89,34.54,5549.7,3925.5,16.71,34.68,5159.0,3834.1,16.17,33.73,5812.79,52.42,16.8,5728.83,113.97,16.68,5586.08,199.43,16.51,5236.65,402.11,15.88,0.0174,0.0592,0.0154,0.0305,0.0349,1.3936,5993.1,5932.7,5622.5,6206.2,17.5,36.54,0,HOLD_NEUTRAL
2021-05-20,4329.0,5993.1,36.99,17.0,205.84,172.63,70.42,568.65,3670.3,6.977,75.79,51.15,10.79,373.6,9.91,6,5,0,0,3,5,2,0.6693,-0.743,5878.5,4218.2,17.15,34.33,5883.6,4305.2,16.98,34.15,5764.1,4161.0,17.1,34.55,5810.8,4128.5,16.13,35.44,5500.8,4002.1,16.38,34.52,5136.4,3757.2,15.69,32.45,5838.83,85.88,16.92,5763.99,114.15,16.72,5614.64,194.09,16.55,5257.77,408.06,15.91,0.0314,0.0895,0.0539,0.0334,0.0343,1.3844,5938.2,6165.0,5792.1,6285.0,17.18,36.44,0,HOLD_NEUTRAL
2021-05-21,4290.9,5938.2,35.16,17.57,205.56,187.06,73.08,581.47,3704.7,6.9382,76.47,50.49,10.65,373.6,9.85,7,4,0,0,4,5,2,0.6564,-0.7544,5993.1,4329.0,17.0,36.99,5878.5,4218.2,17.15,34.33,5883.6,4305.2,16.98,34.15,5774.3,4189.3,16.39,35.1,5680.5,4129.1,16.32,33.08,5223.7,3842.2,15.16,32.61,5862.24,87.68,17.09,5782.4,120.27,16.81,5638.46,188.21,16.63,5280.52,407.3,15.96,0.0284,0.0454,0.072,0.0331,0.0346,1.3839,6012.5,5981.7,5755.8,6213.6,17.52,35.5,0,HOLD_NEUTRAL
2021-05-24,4325.8,6012.5,34.93,17.51,205.61,183.96,72.49,562.12,3765.5,6.9864,76.09,50.68,11.24,373.7,9.8,5,6,0,0,0,5,2,0.6166,-0.7873,5938.2,4290.9,17.57,35.16,5993.1,4329.0,17.0,36.99,5878.5,4218.2,17.15,34.33,5756.1,4089.3,16.7,35.08,5716.1,4217.9,16.82,34.93,5373.3,3916.9,16.51,33.58,5898.87,89.48,17.21,5803.57,133.1,16.86,5659.76,193.27,16.67,5304.69,406.98,16.01,0.0445,0.0519,0.0485,0.0321,0.0342,1.3899,5960.2,5695.7,5871.4,6434.3,17.01,34.2,-1,WAIT
2021-05-25,4272.9,5960.2,35.8,17.43,216.1,183.46,73.06,566.39,3749.9,6.958,76.23,50.56,10.98,373.8,10.36,4,5,0,0,1,5,2,0.603,-0.7978,6012.5,4325.8,17.51,34.93,5938.2,4290.9,17.57,35.16,5993.1,4329.0,17.0,36.99,5822.1,4270.9,17.13,34.63,5573.7,4053.2,15.84,33.63,5334.4,3889.2,15.8,34.14,5918.6,84.84,17.25,5831.18,121.32,16.98,5680.62,190.7,16.72,5324.06,410.11,16.05,0.0237,0.0693,0.0175,0.0325,0.0363,1.3949,6114.8,5817.3,5794.9,6512.5,17.03,35.07,0,HOLD_NEUTRAL
2021-05-26,4413.1,6114.8,35.99,17.45,213.85,182.01,69.4,565.43,3696.1,6.8714,76.21,50.94,11.26,373.8,9.62,4,5,0,0,2,5,2,0.5892,-0.808,5960.2,4272.9,17.43,35.8,6012.5,4325.8,17.51,34.93,5938.2,4290.9,17.57,35.16,5764.1,4161.0,17.1,34.55,5590.8,4110.3,16.78,34.18,5297.8,3883.5,15.67,32.9,5968.7,81.89,17.3,5868.61,122.28,17.02,5707.86,192.47,16.78,5345.68,417.09,16.08,0.0608,0.0937,0.0205,0.0324,0.035,1.3856,5967.9,5751.4,5969.3,6504.5,17.32,35.41,-1,WAIT
2021-05-27,4253.1,5967.9,35.13,17.75,216.02,183.6,68.66,532.65,3737.5,6.9775,75.98,51.04,11.05,373.8,10.03,6,5,0,0,3,5,2,0.5752,-0.818,6114.8,4413.1,17.45,35.99,5960.2,4272.9,17.43,35.8,6012.5,4325.8,17.51,34.93,5883.6,4305.2,16.98,34.15,5674.1,4140.6,16.9,34.71,5323.1,3913.6,16.28,32.41,5980.74,73.01,17.41,5889.59,111.02,17.08,5729.35,183.83,16.83,5367.17,415.35,16.14,0.0143,0.0518,0.0453,0.03,0.0362,1.4032,5932.7,5824.4,5966.2,6433.5,17.2,34.91,0,HOLD_NEUTRAL
2021-05-28,4216.5,5932.7,36.54,17.5,206.24,194.43,70.35,578.06,3815.1,6.9698,75.9,51.96,10.62,373.9,9.86,5,5,0,0,4,5,2,0.561,-0.8278,5967.9,4253.1,17.75,35.13,6114.8,4413.1,17.45,35.99,5960.2,4272.9,17.43,35.8,5878.5,4218.2,17.15,34.33,5778.1,4156.2,16.89,34.54,5361.3,3848.8,15.95,32.1,5988.49,62.47,17.46,5900.64,106.68,17.13,5748.4,173.7,16.88,5385.28,415.93,16.18,0.0092,0.0268,0.0204,0.033,0.0348,1.407,6165.0,5622.5,6068.5,6497.8,15.93,33.27,-1,WAIT
2021-05-31,4487.7,6165.0,36.44,17.18,211.24,186.14,71.05,552.32,3717.3,6.9716,76.1,49.85,11.02,374.0,9.67,5,5,0,0,0,5,2,0.5176,-0.8556,5932.7,4216.5,17.5,36.54,5967.9,4253.1,17.75,35.13,6114.8,4413.1,17.45,35.99,5993.1,4329.0,17.0,36.99,5810.8,4128.5,16.13,35.44,5508.8,4077.3,16.73,32.98,6013.04,91.59,17.48,5925.94,124.29,17.2,5770.27,183.53,16.9,5408.41,420.1,16.22,0.0287,0.061,0.0106,0.0321,0.0343,1.3738,5981.7,5792.1,6061.4,6487.4,16.99,34.73,-1,WAIT
2021-06-01,4344.6,5981.7,35.5,17.52,207.15,179.29,73.04,584.35,3692.6,6.886,76.08,50.86,10.69,374.0,9.83,6,5,0,1,1,6,2,0.5028,-0.8644,6165.0,4487.7,17.18,36.44,5932.7,4216.5,17.5,36.54,5967.9,4253.1,17.75,35.13,5938.2,4290.9,17.57,35.16,5774.3,4189.3,16.39,35.1,5576.5,3956.0,17.04,34.74,6019.26,87.03,17.48,5940.75,116.97,17.28,5783.78,183.69,16.91,5430.34,415.01,16.26,0.0073,0.0359,-0.0028,0.0334,0.0346,1.3768,5695.7,5755.8,5991.2,6528.8,16.99,34.2,0,HOLD_NEUTRAL
2021-06-02,4128.5,5695.7,34.2,17.01,209.35,195.61,68.15,539.5,3722.0,6.9236,75.91,50.69,10.89,374.0,9.56,7,5,0,1,2,6,2,0.4878,-0.8729,5981.7,4344.6,17.52,35.5,6165.0,4487.7,17.18,36.44,5932.7,4216.5,17.5,36.54,6012.5,4325.8,17.51,34.93,5756.1,4089.3,16.7,35.08,5594.4,4026.2,16.35,33.92,5974.0,150.42,17.41,5936.44,125.13,17.31,5787.15,181.0,16.93,5448.24,402.5,16.3,-0.0527,-0.0105,-0.0286,0.0317,0.0368,1.3796,5817.3,5871.4,5925.4,6561.0,17.36,36.73,0,HOLD_NEUTRAL
2021-06-03,4286.4,5817.3,35.07,17.03,208.92,189.19,74.08,590.97,3725.7,6.9261,76.09,51.36,10.88,374.1,9.72,7,5,0,1,3,6,2,0.4728,-0.8812,5695.7,4128.5,17.01,34.2,5981.7,4344.6,17.52,35.5,6165.0,4487.7,17.18,36.44,5960.2,4272.9,17.43,35.8,5822.1,4270.9,17.13,34.63,5511.9,4002.9,16.6,33.22,5953.59,161.86,17.35,5936.09,125.47,17.3,5797.33,173.41,16.95,5465.78,395.09,16.33,-0.024,-0.0008,-0.0229,0.0347,0.0359,1.3572,5751.4,5794.9,6137.1,6544.9,17.32,34.33,0,HOLD_NEUTRAL
2021-06-04,4147.5,5751.4,35.41,17.32,216.11,191.65,71.17,557.4,3699.9,6.9187,75.88,51.01,10.57,374.1,9.82,7,5,0,1,4,6,2,0.4575,-0.8892,5817.3,4286.4,17.03,35.07,5695.7,4128.5,17.01,34.2,5981.7,4344.6,17.52,35.5,6114.8,4413.1,17.45,35.99,5764.1,4161.0,17.1,34.55,5637.9,4108.9,16.41,33.84,5901.67,159.8,17.33,5935.19,126.85,17.31,5801.12,171.04,16.98,5484.12,381.95,16.37,-0.0594,-0.0022,-0.0074,0.0322,0.0376,1.3867,5824.4,5969.3,5949.3,6612.4,17.27,35.31,0,HOLD_NEUTRAL
2021-06-07,4273.8,5824.4,34.91,17.2,211.73,205.55,71.06,561.24,3737.1,6.9969,76.04,51.12,10.74,374.2,9.51,7,5,0,1,0,6,2,0.4111,-0.9116,5751.4,4147.5,17.32,35.41,5817.3,4286.4,17.03,35.07,5695.7,4128.5,17.01,34.2,5967.9,4253.1,17.75,35.13,5883.6,4305.2,16.98,34.15,5592.4,4137.9,17.48,34.39,5881.17,159.09,17.25,5930.96,129.66,17.33,5808.85,166.46,16.97,5499.6,376.48,16.41,-0.024,-0.0101,-0.031,0.0326,0.0364,1.3628,5622.5,5966.2,6033.5,6693.8,17.74,35.51,0,HOLD_NEUTRAL
2021-06-08,4087.2,5622.5,33.27,15.93,216.7,194.03,70.13,557.38,3678.9,6.9445,76.0,50.96,11.35,374.2,9.92,6,4,0,1,1,6,2,0.3953,-0.9185,5824.4,4273.8,17.2,34.91,5751.4,4147.5,17.32,35.41,5817.3,4286.4,17.03,35.07,5932.7,4216.5,17.5,36.54,5878.5,4218.2,17.15,34.33,5574.9,3955.0,16.22,33.75,5836.86,183.65,17.03,5912.67,153.49,17.24,5810.44,164.36,16.96,5513.09,365.8,16.41,-0.0523,-0.0435,-0.0897,0.035,0.0385,1.3756,5792.1,6068.5,6139.3,6674.6,17.56,36.04,1,CHARTER_NOW
2021-06-09,4135.7,5792.1,34.73,16.99,215.5,197.05,69.1,537.85,3700.7,6.9439,75.78,50.24,10.95,374.3,9.63,7,5,0,1,2,6,2,0.3795,-0.9252,5622.5,4087.2,15.93,33.27,5824.4,4273.8,17.2,34.91,5751.4,4147.5,17.32,35.41,6165.0,4487.7,17.18,36.44,5993.1,4329.0,17.0,36.99,5782.4,4155.3,17.18,34.47,5783.59,113.16,17.0,5898.31,154.78,17.24,5810.76,164.32,16.95,5530.18,354.12,16.45,-0.0605,-0.0335,-0.0111,0.0317,0.0372,1.4005,5755.8,6061.4,6363.2,6705.9,17.88,36.11,1,CHARTER_NOW
2021-06-10,4256.1,5755.8,34.2,16.99,221.22,186.73,73.68,589.95,3751.7,6.9618,75.51,51.4,10.87,374.3,9.52,8,4,0,1,3,6,2,0.3635,-0.9316,5792.1,4135.7,16.99,34.73,5622.5,4087.2,15.93,33.27,5824.4,4273.8,17.2,34.91,5981.7,4344.6,17.52,35.5,5938.2,4290.9,17.57,35.16,5549.7,3925.5,16.71,34.68,5751.31,71.96,16.92,5885.29,158.79,17.2,5817.63,157.18,16.96,5544.55,345.22,16.47,-0.0378,-0.0307,-0.0303,0.0347,0.0384,1.3524,5871.4,5991.2,6206.2,6703.5,17.65,36.01,1,CHARTER_NOW
2021-06-11,4287.3,5871.4,36.73,17.36,209.4,194.61,72.46,566.57,3664.9,6.9626,75.87,51.15,11.27,374.3,9.6,7,5,0,1,4,6,2,0.3474,-0.9377,5755.8,4256.1,16.99,34.2,5792.1,4135.7,16.99,34.73,5622.5,4087.2,15.93,33.27,5695.7,4128.5,17.01,34.2,6012.5,4325.8,17.51,34.93,5500.8,4002.1,16.38,34.52,5776.41,79.56,16.97,5875.21,154.51,17.19,5829.98,145.55,17.0,5561.19,336.24,16.51,0.0308,-0.0235,0.0206,0.0326,0.0357,1.3695,5794.9,5925.4,6285.0,6610.3,17.28,36.59,0,HOLD_NEUTRAL
2021-06-14,4182.7,5794.9,34.33,17.32,219.02,202.91,70.38,555.86,3761.3,6.8461,76.58,51.19,10.84,374.4,10.24,7,5,0,1,0,6,2,0.2986,-0.9544,5871.4,4287.3,17.36,36.73,5755.8,4256.1,16.99,34.2,5792.1,4135.7,16.99,34.73,5817.3,4286.4,17.03,35.07,5960.2,4272.9,17.43,35.8,5680.5,4129.1,16.32,33.08,5773.21,78.08,17.02,5863.4,153.83,17.18,5833.8,142.98,17.03,5575.95,326.44,16.54,-0.0039,-0.0277,0.017,0.0321,0.0378,1.3854,5969.3,6137.1,6213.6,6661.7,17.88,36.74,1,CHARTER_NOW
2021-06-15,4336.7,5969.3,35.31,17.27,218.94,187.36,70.5,547.46,3660.5,6.927,76.06,51.36,10.9,374.5,9.4,7,5,0,1,1,6,2,0.2821,-0.9594,5794.9,4182.7,17.32,34.33,5871.4,4287.3,17.36,36.73,5755.8,4256.1,16.99,34.2,5751.4,4147.5,17.32,35.41,6114.8,4413.1,17.45,35.99,5716.1,4217.9,16.82,34.93,5804.34,106.28,17.01,5853.01,139.82,17.17,5842.24,143.26,17.04,5592.44,320.76,16.58,0.0379,-0.0238,-0.0029,0.0317,0.0367,1.3765,5966.2,5949.3,6434.3,6607.7,16.98,36.34,0,HOLD_NEUTRAL
2021-06-16,4278.2,5966.2,35.51,17.74,212.44,201.23,72.35,541.24,3671.4,6.9042,76.34,50.87,11.12,374.5,9.88,5,5,0,1,2,6,2,0.2656,-0.9641,5969.3,4336.7,17.27,35.31,5794.9,4182.7,17.32,34.33,5871.4,4287.3,17.36,36.73,5824.4,4273.8,17.2,34.91,5967.9,4253.1,17.75,35.13,5573.7,4053.2,15.84,33.63,5824.6,122.95,17.09,5852.89,139.71,17.17,5855.32,135.61,17.11,5607.46,316.71,16.61,0.0243,-0.0003,0.0314,0.0305,0.0356,1.3946,6068.5,6033.5,6512.5,6678.2,17.39,35.38,0,HOLD_NEUTRAL
2021-06-17,4405.3,6068.5,36.04,17.56,219.06,201.17,76.09,595.09,3715.7,6.9588,75.62,51.44,10.84,374.5,9.64,7,5,0,1,3,6,2,0.2489,-0.9685,5966.2,4278.2,17.74,35.51,5969.3,4336.7,17.27,35.31,5794.9,4182.7,17.32,34.33,5622.5,4087.2,15.93,33.27,5932.7,4216.5,17.5,36.54,5590.8,4110.3,16.78,34.18,5888.31,116.13,17.32,5862.59,150.02,17.17,5871.24,131.46,17.13,5624.54,313.42,16.65,0.0793,0.0229,0.1023,0.0339,0.0361,1.3775,6061.4,6139.3,6504.5,6623.1,17.12,36.38,0,HOLD_NEUTRAL
2021-06-18,4239.7,6061.4,36.11,17.88,217.2,201.41,72.74,603.58,3744.4,6.9383,75.9,50.81,10.77,374.6,9.72,7,6,0,1,4,6,2,0.2322,-0.9727,6068.5,4405.3,17.56,36.04,5966.2,4278.2,17.74,35.51,5969.3,4336.7,17.27,35.31,5792.1,4135.7,16.99,34.73,6165.0,4487.7,17.18,36.44,5674.1,4140.6,16.9,34.71,5926.79,123.33,17.45,5855.19,135.84,17.22,5884.15,130.45,17.17,5643.48,304.63,16.7,0.0465,-0.0168,0.0524,0.0338,0.0358,1.4297,5991.2,6363.2,6433.5,6598.7,18.23,37.4,1,CHARTER_NOW
2021-06-21,4263.4,5991.2,36.01,17.65,216.25,210.96,70.88,571.38,3784.2,6.9481,75.84,50.46,10.48,374.7,9.9,7,4,0,1,0,6,2,0.1818,-0.9833,6061.4,4239.7,17.88,36.11,6068.5,4405.3,17.56,36.04,5966.2,4278.2,17.74,35.51,5755.8,4256.1,16.99,34.2,5981.7,4344.6,17.52,35.5,5778.1,4156.2,16.89,34.54,5960.41,98.54,17.54,5855.86,136.54,17.23,5891.26,130.28,17.19,5660.26,295.31,16.73,0.0409,0.0016,0.0388,0.0324,0.0361,1.4053,5925.4,6206.2,6497.8,6799.4,18.08,37.14,0,HOLD_NEUTRAL
2021-06-22,4321.2,5925.4,36.59,17.28,214.63,206.38,73.27,577.98,3740.9,6.8855,76.13,50.55,10.74,374.7,9.89,9,5,0,1,1,6,2,0.1648,-0.9863,5991.2,4263.4,17.65,36.01,6061.4,4239.7,17.88,36.11,6068.5,4405.3,17.56,36.04,5871.4,4287.3,17.36,36.73,5695.7,4128.5,17.01,34.2,5810.8,4128.5,16.13,35.44,5968.13,92.33,17.53,5872.27,129.43,17.25,5895.08,129.51,17.23,5674.36,287.2,16.76,0.0092,0.0403,-0.0046,0.0334,0.0362,1.3712,6137.1,6285.0,6487.4,6753.2,18.45,37.97,1,CHARTER_NOW
2021-06-23,4395.3,6137.1,36.74,17.88,215.25,215.65,73.34,575.58,3731.5,6.9388,76.8,50.52,10.74,374.7,9.64,8,5,0,1,2,6,2,0.1478,-0.989,5925.4,4321.2,17.28,36.59,5991.2,4263.4,17.65,36.01,6061.4,4239.7,17.88,36.11,5794.9,4182.7,17.32,34.33,5817.3,4286.4,17.03,35.07,5774.3,4189.3,16.39,35.1,6017.01,74.12,17.61,5895.11,146.12,17.31,5907.17,134.68,17.28,5690.64,285.23,16.78,0.0591,0.055,0.0323,0.0322,0.0351,1.3963,5949.3,6213.6,6528.8,6816.0,18.1,36.5,0,HOLD_NEUTRAL
2021-06-24,4297.9,5949.3,36.34,16.98,224.39,197.8,69.11,550.19,3761.5,6.9818,76.31,50.23,10.97,374.7,9.5,9,5,0,1,3,6,2,0.1308,-0.9914,6137.1,4395.3,17.88,36.74,5925.4,4321.2,17.28,36.59,5991.2,4263.4,17.65,36.01,5969.3,4336.7,17.27,35.31,5751.4,4147.5,17.32,35.41,5756.1,4089.3,16.7,35.08,6014.16,76.61,17.57,5909.25,140.62,17.29,5913.61,131.8,17.29,5705.08,275.72,16.81,-0.0034,0.0344,-0.0168,0.0324,0.0377,1.3842,6033.5,6434.3,6561.0,6857.6,17.97,36.94,1,CHARTER_NOW
2021-06-25,4274.1,6033.5,35.38,17.39,218.12,206.96,73.99,589.68,3711.9,6.9908,76.63,51.39,10.82,374.8,9.89,7,5,0,1,4,6,2,0.1137,-0.9935,5949.3,4297.9,16.98,36.34,6137.1,4395.3,17.88,36.74,5925.4,4321.2,17.28,36.59,5966.2,4278.2,17.74,35.51,5824.4,4273.8,17.2,34.91,5822.1,4270.9,17.13,34.63,6023.77,73.75,17.52,5924.19,142.01,17.3,5920.66,132.39,17.3,5719.15,270.45,16.84,0.0113,0.0359,-0.0197,0.0339,0.0362,1.4116,6139.3,6512.5,6544.9,6865.5,18.09,38.36,1,CHARTER_NOW
2021-06-28,4501.6,6139.3,36.38,17.12,221.47,208.65,74.05,569.34,3750.7,6.9708,76.16,50.63,11.37,374.9,9.87,7,5,0,1,0,6,2,0.0623,-0.9981,6033.5,4274.1,17.39,35.38,5949.3,4297.9,16.98,36.34,6137.1,4395.3,17.88,36.74,6068.5,4405.3,17.56,36.04,5622.5,4087.2,15.93,33.27,5764.1,4161.0,17.1,34.55,6033.89,84.92,17.45,5961.1,123.52,17.39,5933.16,134.79,17.3,5734.18,268.26,16.86,0.0117,0.0919,-0.0251,0.0333,0.0361,1.3638,6363.2,6504.5,6612.4,6831.6,18.46,36.51,1,CHARTER_NOW
2021-06-29,4612.0,6363.2,37.4,18.23,216.72,200.69,75.84,609.09,3705.0,6.9094,76.57,50.5,10.73,374.9,9.7,7,6,0,1,1,6,2,0.0451,-0.999,6139.3,4501.6,17.12,36.38,6033.5,4274.1,17.39,35.38,5949.3,4297.9,16.98,36.34,6061.4,4239.7,17.88,36.11,5792.1,4135.7,16.99,34.73,5883.6,4305.2,16.98,34.15,6077.0,151.63,17.5,6001.89,153.97,17.48,5949.15,155.55,17.34,5755.62,266.23,16.91,0.0498,0.0986,0.0196,0.0334,0.0341,1.3797,6206.2,6433.5,6693.8,6764.1,18.53,37.17,0,HOLD_NEUTRAL
2021-06-30,4441.9,6206.2,37.14,18.08,217.04,216.57,78.04,619.26,3751.0,6.9874,76.76,50.64,11.23,374.9,9.84,8,5,0,1,2,6,2,0.028,-0.9996,6363.2,4612.0,18.23,37.4,6139.3,4501.6,17.12,36.38,6033.5,4274.1,17.39,35.38,5991.2,4263.4,17.65,36.01,5755.8,4256.1,16.99,34.2,5878.5,4218.2,17.15,34.33,6107.71,153.12,17.57,6034.06,145.41,17.55,5960.07,161.8,17.37,5773.08,260.72,16.94,0.0359,0.0783,0.0244,0.0343,0.035,1.3972,6285.0,6497.8,6674.6,6926.8,18.48,37.41,1,CHARTER_NOW
2021-07-01,4482.2,6285.0,37.97,18.45,223.28,227.53,76.87,611.31,3744.7,6.9716,76.22,52.04,10.99,375.0,9.66,8,5,0,1,3,7,3,0.0108,-0.9999,6206.2,4441.9,18.08,37.14,6363.2,4612.0,18.23,37.4,6139.3,4501.6,17.12,36.38,5925.4,4321.2,17.28,36.59,5871.4,4287.3,17.36,36.73,5993.1,4329.0,17.0,36.99,6159.09,141.65,17.73,6063.61,151.7,17.63,5969.8,172.29,17.42,5792.22,255.3,16.99,0.0607,0.0704,0.0677,0.0331,0.0355,1.4022,6213.6,6487.4,6705.9,6892.4,18.66,37.01,0,HOLD_NEUTRAL
2021-07-02,4508.2,6213.6,36.5,18.1,155.64,210.66,74.48,591.72,3722.3,6.9466,76.12,49.75,11.11,375.0,9.58,7,5,0,1,4,7,3,-0.0065,-1.0,6285.0,4482.2,18.45,37.97,6206.2,4441.9,18.08,37.14,6363.2,4612.0,18.23,37.4,6137.1,4395.3,17.88,36.74,5794.9,4182.7,17.32,34.33,5938.2,4290.9,17.57,35.16,6170.01,142.62,17.76,6093.51,135.0,17.69,5978.98,177.8,17.44,5808.72,249.86,17.04,0.0125,0.0723,0.0123,0.0327,0.025,1.3783,6434.3,6528.8,6703.5,6736.9,18.35,38.57,1,CHARTER_NOW
2021-07-05,4697.1,6434.3,36.94,17.97,158.26,216.65,73.35,579.0,3759.7,6.89,75.94,49.89,11.11,375.1,9.74,7,5,0,1,0,7,3,-0.058,-0.9983,6213.6,4508.2,18.1,36.5,6285.0,4482.2,18.45,37.97,6206.2,4441.9,18.08,37.14,5949.3,4297.9,16.98,36.34,5969.3,4336.7,17.27,35.31,6012.5,4325.8,17.51,34.93,6239.3,135.14,17.91,6126.73,157.43,17.74,5993.04,196.26,17.45,5826.4,255.99,17.06,0.0815,0.0779,0.0583,0.0322,0.0246,1.3698,6512.5,6561.0,6610.3,6818.9,18.09,36.9,0,HOLD_NEUTRAL
2021-07-06,4695.7,6512.5,38.36,18.09,159.57,214.19,80.1,632.74,3760.6,6.9796,76.2,49.57,10.51,375.1,9.84,6,5,0,1,1,7,3,-0.0752,-0.9972,6434.3,4697.1,17.97,36.94,6213.6,4508.2,18.1,36.5,6285.0,4482.2,18.45,37.97,6033.5,4274.1,17.39,35.38,5966.2,4278.2,17.74,35.51,5960.2,4272.9,17.43,35.8,6307.73,134.83,18.01,6165.75,180.58,17.76,6011.45,217.79,17.47,5846.04,262.71,17.1,0.0794,0.0916,0.0403,0.035,0.0245,1.3869,6504.5,6544.9,6661.7,6724.5,17.96,37.43,0,HOLD_NEUTRAL
2021-07-07,4751.5,6504.5,36.51,18.46,159.69,208.89,75.7,601.85,3797.3,6.9334,76.31,50.18,10.96,375.2,9.8,8,5,0,1,2,7,3,-0.0923,-0.9957,6512.5,4695.7,18.09,38.36,6434.3,4697.1,17.97,36.94,6213.6,4508.2,18.1,36.5,6139.3,4501.6,17.12,36.38,6068.5,4405.3,17.56,36.04,6114.8,4413.1,17.45,35.99,6359.9,129.34,18.2,6196.89,199.16,17.83,6024.44,235.1,17.51,5866.15,266.19,17.14,0.0595,0.0718,0.0783,0.0326,0.0246,1.3689,6433.5,6612.4,6607.7,6853.2,18.45,38.2,0,HOLD_NEUTRAL
2021-07-08,4551.3,6433.5,37.17,18.53,158.64,201.28,75.74,590.8,3701.1,6.9618,76.8,50.42,10.91,375.2,9.83,8,5,0,1,3,7,3,-0.1094,-0.994,6504.5,4751.5,18.46,36.51,6512.5,4695.7,18.09,38.36,6434.3,4697.1,17.97,36.94,6363.2,4612.0,18.23,37.4,6061.4,4239.7,17.88,36.11,5967.9,4253.1,17.75,35.13,6369.94,132.34,18.24,6223.47,204.45,17.87,6039.96,246.34,17.53,5884.66,266.4,17.18,0.011,0.0614,0.0165,0.0319,0.0247,1.4136,6497.8,6693.8,6678.2,6769.8,18.54,39.09,1,CHARTER_NOW
2021-07-09,4597.6,6497.8,37.41,18.48,160.36,210.33,75.8,588.55,3755.8,6.9537,75.98,50.01,10.74,375.2,9.58,7,6,0,1,4,7,3,-0.1265,-0.992,6433.5,4551.3,18.53,37.17,6504.5,4751.5,18.46,36.51,6512.5,4695.7,18.09,38.36,6206.2,4441.9,18.08,37.14,5991.2,4263.4,17.65,36.01,5932.7,4216.5,17.5,36.54,6411.6,117.24,18.3,6259.66,205.01,17.93,6058.8,259.13,17.57,5903.6,268.95,17.22,0.047,0.0846,0.0221,0.0318,0.0247,1.4133,6487.4,6674.6,6623.1,6938.7,18.61,38.15,0,HOLD_NEUTRAL
2021-07-12,4572.5,6487.4,37.01,18.66,160.94,207.26,76.58,601.93,3735.3,6.9984,76.34,49.94,11.06,375.3,10.04,7,5,0,1,0,7,3,-0.1775,-0.9841,6497.8,4597.6,18.48,37.41,6433.5,4551.3,18.53,37.17,6504.5,4751.5,18.46,36.51,6285.0,4482.2,18.45,37.97,5925.4,4321.2,17.28,36.59,6165.0,4487.7,17.18,36.44,6440.51,105.15,18.33,6299.8,188.91,18.03,6069.55,270.14,17.62,5919.91,274.22,17.26,0.0322,0.0948,0.0114,0.0323,0.0248,1.4188,6528.8,6705.9,6598.7,6863.8,18.61,38.99,0,HOLD_NEUTRAL
2021-07-13,4680.5,6528.8,38.57,18.35,160.95,231.17,76.08,615.96,3793.5,6.9487,75.87,50.3,11.32,375.4,9.65,7,6,0,1,1,7,3,-0.1944,-0.9809,6487.4,4572.5,18.66,37.01,6497.8,4597.6,18.48,37.41,6433.5,4551.3,18.53,37.17,6213.6,4508.2,18.1,36.5,6137.1,4395.3,17.88,36.74,5981.7,4344.6,17.52,35.5,6485.54,37.52,18.36,6327.78,191.94,18.06,6087.78,282.2,17.64,5935.78,281.47,17.28,0.0507,0.0638,0.0138,0.0336,0.0247,1.3949,6561.0,6703.5,6799.4,6941.2,18.55,38.73,0,HOLD_NEUTRAL
2021-07-14,4687.8,6561.0,36.9,18.09,155.32,218.22,75.44,578.1,3790.6,6.9523,76.23,49.92,10.44,375.4,9.69,8,5,0,1,2,7,3,-0.2113,-0.9774,6528.8,4680.5,18.35,38.57,6487.4,4572.5,18.66,37.01,6497.8,4597.6,18.48,37.41,6434.3,4697.1,17.97,36.94,5949.3,4297.9,16.98,36.34,5695.7,4128.5,17.01,34.2,6503.64,39.2,18.38,6371.47,167.19,18.14,6116.63,284.95,17.68,5951.89,289.16,17.31,0.0197,0.1028,0.0067,0.032,0.0237,1.3996,6544.9,6610.3,6753.2,6861.6,18.44,38.52,0,HOLD_NEUTRAL
2021-07-15,4661.1,6544.9,37.43,17.96,157.44,217.18,75.61,576.54,3783.2,7.0003,76.42,50.34,10.87,375.4,9.45,7,5,0,1,3,7,3,-0.2281,-0.9736,6561.0,4687.8,18.09,36.9,6528.8,4680.5,18.35,38.57,6487.4,4572.5,18.66,37.01,6512.5,4695.7,18.09,38.36,6033.5,4274.1,17.39,35.38,5817.3,4286.4,17.03,35.07,6508.27,42.22,18.36,6408.0,141.57,18.18,6140.88,289.52,17.71,5969.11,293.24,17.33,0.005,0.0848,-0.0072,0.0321,0.0241,1.4042,6612.4,6661.7,6816.0,7011.2,18.61,36.99,0,HOLD_NEUTRAL
2021-07-16,4752.4,6612.4,38.2,18.45,162.05,227.14,76.66,603.28,3741.9,6.9334,76.48,50.76,10.73,375.5,9.67,7,6,0,1,4,7,3,-0.2448,-0.9696,6544.9,4661.1,17.96,37.43,6561.0,4687.8,18.09,36.9,6528.8,4680.5,18.35,38.57,6504.5,4751.5,18.46,36.51,6139.3,4501.6,17.12,36.38,5751.4,4147.5,17.32,35.41,6523.69,57.53,18.36,6441.79,128.34,18.28,6169.58,292.25,17.75,5985.35,301.46,17.36,0.0166,0.0771,-0.0005,0.0327,0.0245,1.3914,6693.8,6607.7,6857.6,6911.6,18.56,37.19,0,HOLD_NEUTRAL
2021-07-19,4825.7,6693.8,39.09,18.54,160.72,214.13,76.12,598.22,3801.0,6.9782,76.52,50.5,11.0,375.6,9.8,7,5,0,1,0,7,3,-0.2945,-0.9557,6612.4,4752.4,18.45,38.2,6544.9,4661.1,17.96,37.43,6561.0,4687.8,18.09,36.9,6433.5,4551.3,18.53,37.17,6363.2,4612.0,18.23,37.4,5824.4,4273.8,17.2,34.91,6560.87,71.86,18.36,6465.41,142.41,18.3,6198.56,299.84,17.79,6003.7,310.52,17.38,0.0405,0.052,0.0005,0.0323,0.024,1.3871,6674.6,6678.2,6865.5,6953.6,18.64,38.53,0,HOLD_NEUTRAL
2021-07-20,4675.5,6674.6,38.15,18.61,153.34,217.48,75.94,598.47,3717.6,6.9481,76.48,50.59,10.92,375.6,9.85,8,5,0,1,1,7,3,-0.3109,-0.9505,6693.8,4825.7,18.54,39.09,6612.4,4752.4,18.45,38.2,6544.9,4661.1,17.96,37.43,6497.8,4597.6,18.48,37.41,6206.2,4441.9,18.08,37.14,5622.5,4087.2,15.93,33.27,6586.13,76.89,18.38,6498.86,131.43,18.34,6233.63,291.56,17.88,6022.03,317.16,17.42,0.0272,0.0755,0.007,0.0322,0.023,1.4276,6705.9,6623.1,6831.6,6783.1,18.02,37.32,0,HOLD_NEUTRAL
2021-07-21,4741.9,6705.9,38.99,18.61,158.74,224.44,77.54,610.2,3711.5,6.9242,76.53,50.68,10.87,375.6,10.0,8,5,0,1,2,7,3,-0.3272,-0.945,6674.6,4675.5,18.61,38.15,6693.8,4825.7,18.54,39.09,6612.4,4752.4,18.45,38.2,6487.4,4572.5,18.66,37.01,6285.0,4482.2,18.45,37.97,5792.1,4135.7,16.99,34.73,6617.34,74.45,18.37,6528.93,126.8,18.35,6264.09,291.57,17.94,6037.42,327.58,17.44,0.0337,0.067,-0.0027,0.0328,0.0237,1.4142,6703.5,6598.7,6764.1,6913.0,18.01,38.61,0,HOLD_NEUTRAL
2021-07-22,4811.3,6703.5,38.73,18.55,151.16,232.33,77.01,601.02,3728.8,6.9545,76.4,50.21,11.13,375.7,9.79,7,5,0,1,3,7,3,-0.3434,-0.9392,6705.9,4741.9,18.61,38.99,6674.6,4675.5,18.61,38.15,6693.8,4825.7,18.54,39.09,6528.8,4680.5,18.35,38.57,6213.6,4508.2,18.1,36.5,5755.8,4256.1,16.99,34.2,6642.3,68.89,18.4,6563.92,97.24,18.38,6295.68,285.89,17.99,6056.66,332.29,17.48,0.0268,0.0788,0.0109,0.0324,0.0225,1.3933,6610.3,6799.4,6926.8,6744.7,19.37,39.38,0,HOLD_NEUTRAL
2021-07-23,4687.2,6610.3,38.52,18.44,157.52,229.07,80.31,643.96,3773.4,6.9754,76.13,49.95,11.32,375.7,9.74,7,4,0,1,4,7,3,-0.3595,-0.9332,6703.5,4811.3,18.55,38.73,6705.9,4741.9,18.61,38.99,6674.6,4675.5,18.61,38.15,6561.0,4687.8,18.09,36.9,6434.3,4697.1,17.97,36.94,5871.4,4287.3,17.36,36.73,6649.34,61.3,18.45,6576.49,90.33,18.42,6320.31,279.84,18.02,6075.15,331.71,17.51,0.0075,0.0274,0.0193,0.0349,0.0238,1.4103,6661.7,6753.2,6892.4,6876.9,18.86,38.3,0,HOLD_NEUTRAL
2021-07-26,4703.6,6661.7,36.99,18.61,163.07,229.25,73.2,558.57,3801.7,6.996,75.95,49.59,11.53,375.8,9.59,7,6,0,1,0,7,3,-0.4071,-0.9134,6610.3,4687.2,18.44,38.52,6703.5,4811.3,18.55,38.73,6705.9,4741.9,18.61,38.99,6544.9,4661.1,17.96,37.43,6512.5,4695.7,18.09,38.36,5794.9,4182.7,17.32,34.33,6666.03,40.49,18.54,6587.15,90.99,18.45,6349.2,268.23,18.07,6091.5,336.08,17.55,0.0178,0.0229,0.0362,0.03,0.0245,1.4163,6607.7,6816.0,6736.9,6987.2,18.25,37.98,0,HOLD_NEUTRAL
2021-07-27,4759.9,6607.7,37.19,18.56,153.84,228.66,80.07,614.5,3675.0,6.9998,76.29,49.77,10.85,375.8,9.54,8,6,0,1,1,7,3,-0.4228,-0.9062,6661.7,4703.6,18.61,36.99,6610.3,4687.2,18.44,38.52,6703.5,4811.3,18.55,38.73,6612.4,4752.4,18.45,38.2,6504.5,4751.5,18.46,36.51,5969.3,4336.7,17.27,35.31,6665.36,41.56,18.56,6594.52,87.91,18.46,6370.48,262.31,18.11,6106.36,338.9,17.58,-0.0007,0.0159,0.006,0.0331,0.0233,1.3882,6678.2,6857.6,6818.9,6979.4,19.02,38.97,0,HOLD_NEUTRAL
2021-07-28,4689.6,6678.2,38.53,18.64,154.08,231.77,80.47,625.95,3826.6,6.9469,76.4,49.68,10.64,375.9,9.86,7,6,0,1,2,7,3,-0.4383,-0.8988,6607.7,4759.9,18.56,37.19,6661.7,4703.6,18.61,36.99,6610.3,4687.2,18.44,38.52,6693.8,4825.7,18.54,39.09,6433.5,4551.3,18.53,37.17,5966.2,4278.2,17.74,35.51,6663.13,40.17,18.57,6612.0,77.09,18.47,6394.22,256.61,18.14,6124.77,339.47,17.62,-0.0023,0.038,0.0054,0.0336,0.0231,1.424,6623.1,6865.5,6724.5,6901.1,19.35,38.46,0,HOLD_NEUTRAL
2021-07-29,4703.7,6623.1,37.32,18.02,159.07,230.97,74.62,567.7,3786.1,6.9264,76.75,50.35,11.11,375.9,9.86,7,5,0,1,3,7,3,-0.4537,-0.8912,6678.2,4689.6,18.64,38.53,6607.7,4759.9,18.56,37.19,6661.7,4703.6,18.61,36.99,6674.6,4675.5,18.61,38.15,6497.8,4597.6,18.48,37.41,6068.5,4405.3,17.56,36.04,6655.77,42.38,18.49,6620.95,69.74,18.43,6412.7,252.28,18.16,6141.97,338.11,17.64,-0.0077,0.0193,-0.0317,0.0315,0.024,1.4081,6598.7,6831.6,6853.2,7134.6,18.99,38.48,0,HOLD_NEUTRAL
2021-07-30,4719.6,6598.7,38.61,18.01,151.57,222.43,77.86,607.34,3727.8,6.9467,76.42,50.11,11.33,375.9,9.45,7,5,0,1,4,7,3,-0.469,-0.8832,6623.1,4703.7,18.02,37.32,6678.2,4689.6,18.64,38.53,6607.7,4759.9,18.56,37.19,6705.9,4741.9,18.61,38.99,6487.4,4572.5,18.66,37.01,6061.4,4239.7,17.88,36.11,6640.46,40.57,18.4,6628.9,58.84,18.39,6430.61,245.46,18.16,6157.38,337.49,17.66,-0.016,0.0172,-0.0322,0.0337,0.023,1.3981,6799.4,6764.1,6769.8,7118.8,19.44,38.18,0,HOLD_NEUTRAL
2021-08-02,4802.9,6799.4,39.38,19.37,154.11,232.57,78.19,631.6,3789.6,6.9214,76.42,50.28,11.17,376.0,9.8,7,6,0,1,0,8,3,-0.5139,-0.8578,6598.7,4719.6,18.01,38.61,6623.1,4703.7,18.02,37.32,6678.2,4689.6,18.64,38.53,6703.5,4811.3,18.55,38.73,6528.8,4680.5,18.35,38.57,5991.2,4263.4,17.65,36.01,6654.16,70.54,18.52,6648.23,67.27,18.46,6457.55,239.86,18.22,6174.4,343.73,17.7,0.0143,0.0414,0.0442,0.0326,0.0227,1.4157,6753.2,6926.8,6938.7,7127.3,19.27,39.38,0,HOLD_NEUTRAL
2021-08-03,4841.2,6753.2,38.3,18.86,157.92,224.87,76.45,600.08,3825.5,6.9506,76.57,49.24,11.33,376.1,9.78,8,6,0,1,1,8,3,-0.5286,-0.8489,6799.4,4802.9,19.37,39.38,6598.7,4719.6,18.01,38.61,6623.1,4703.7,18.02,37.32,6610.3,4687.2,18.44,38.52,6561.0,4687.8,18.09,36.9,5925.4,4321.2,17.28,36.59,6674.57,76.18,18.58,6661.96,67.71,18.52,6485.15,223.59,18.27,6190.11,348.34,17.75,0.0216,0.0293,0.0228,0.0318,0.0234,1.3949,6816.0,6892.4,6863.8,7222.2,18.47,39.8,0,HOLD_NEUTRAL
2021-08-04,4813.8,6816.0,37.98,18.25,153.86,234.22,77.7,611.16,3809.4,6.9471,76.41,50.64,10.97,376.1,9.43,8,6,0,1,2,8,3,-0.5431,-0.8397,6753.2,4841.2,18.86,38.3,6799.4,4802.9,19.37,39.38,6598.7,4719.6,18.01,38.61,6661.7,4703.6,18.61,36.99,6544.9,4661.1,17.96,37.43,6137.1,4395.3,17.88,36.74,6696.61,92.43,18.53,6681.32,70.37,18.54,6507.78,221.5,18.28,6207.47,353.19,17.78,0.0232,0.0414,-0.0193,0.0335,0.0226,1.4159,6857.6,6736.9,6941.2,7508.7,18.8,38.43,0,HOLD_NEUTRAL
2021-08-05,4939.3,6857.6,38.97,19.02,155.01,230.7,77.23,590.05,3828.0,6.9794,76.69,49.6,10.89,376.1,9.75,7,5,0,1,3,8,3,-0.5575,-0.8302,6816.0,4813.8,18.25,37.98,6753.2,4841.2,18.86,38.3,6799.4,4802.9,19.37,39.38,6607.7,4759.9,18.56,37.19,6612.4,4752.4,18.45,38.2,5949.3,4297.9,16.98,36.34,6732.31,100.29,18.6,6698.84,81.52,18.58,6538.05,203.91,18.35,6225.83,357.92,17.82,0.0378,0.0371,0.0248,0.031,0.0226,1.3884,6865.5,6818.9,6861.6,7358.9,19.06,38.73,0,HOLD_NEUTRAL
2021-08-06,4867.7,6865.5,38.46,19.35,158.02,254.04,82.51,633.67,3742.9,6.8916,76.99,49.2,11.04,376.2,9.43,8,5,0,1,4,8,3,-0.5717,-0.8205,6857.6,4939.3,19.02,38.97,6816.0,4813.8,18.25,37.98,6753.2,4841.2,18.86,38.3,6678.2,4689.6,18.64,38.53,6693.8,4825.7,18.54,39.09,6033.5,4274.1,17.39,35.38,6759.07,108.12,18.7,6711.1,92.84,18.64,6565.79,188.95,18.42,6243.22,363.28,17.86,0.028,0.0257,0.0381,0.0327,0.023,1.4104,6831.6,6724.5,7011.2,7360.7,18.53,37.55,0,HOLD_NEUTRAL
2021-08-09,4885.8,6831.6,38.48,18.99,156.62,236.77,81.42,629.13,3779.6,6.9364,77.06,49.55,10.96,376.3,9.15,8,5,0,1,0,8,3,-0.6132,-0.7899,6865.5,4867.7,19.35,38.46,6857.6,4939.3,19.02,38.97,6816.0,4813.8,18.25,37.98,6623.1,4703.7,18.02,37.32,6674.6,4675.5,18.61,38.15,6139.3,4501.6,17.12,36.38,6788.86,91.93,18.84,6722.31,97.46,18.66,6588.86,176.96,18.48,6261.01,365.55,17.89,0.0315,0.0235,0.0538,0.0331,0.0229,1.3983,6764.1,6853.2,6911.6,7240.1,19.32,39.64,0,HOLD_NEUTRAL
2021-08-10,4846.3,6764.1,38.18,19.44,156.0,227.23,82.15,634.78,3762.9,6.9369,76.54,51.13,11.16,376.3,9.6,7,5,0,1,1,8,3,-0.6267,-0.7792,6831.6,4885.8,18.99,38.48,6865.5,4867.7,19.35,38.46,6857.6,4939.3,19.02,38.97,6598.7,4719.6,18.01,38.61,6705.9,4741.9,18.61,38.99,6363.2,4612.0,18.23,37.4,6812.49,43.3,19.04,6726.47,97.94,18.72,6602.23,174.45,18.52,6275.69,367.81,17.93,0.0251,0.0087,0.0794,0.0327,0.0231,1.3957,6926.8,6769.8,6953.6,7242.7,18.38,38.46,0,HOLD_NEUTRAL
2021-08-11,4881.8,6926.8,39.38,19.27,153.94,237.45,81.28,648.1,3856.5,6.9945,76.61,49.53,11.22,376.3,9.68,8,4,0,1,2,8,3,-0.64,-0.7683,6764.1,4846.3,19.44,38.18,6831.6,4885.8,18.99,38.48,6865.5,4867.7,19.35,38.46,6799.4,4802.9,19.37,39.38,6703.5,4811.3,18.55,38.73,6206.2,4441.9,18.08,37.14,6830.69,60.32,19.03,6742.42,111.2,18.77,6626.25,167.51,18.56,6293.16,373.48,17.96,0.0187,0.0333,-0.0052,0.0336,0.0222,1.4189,6892.4,6938.7,6783.1,7103.9,19.37,39.23,0,HOLD_NEUTRAL
2021-08-12,4788.5,6892.4,39.8,18.47,156.09,243.04,78.08,617.61,3820.0,6.9256,76.93,49.54,11.24,376.4,9.6,7,6,0,1,3,8,3,-0.6532,-0.7572,6926.8,4881.8,19.27,39.38,6764.1,4846.3,19.44,38.18,6831.6,4885.8,18.99,38.48,6753.2,4841.2,18.86,38.3,6610.3,4687.2,18.44,38.52,6285.0,4482.2,18.45,37.97,6850.57,53.02,18.97,6762.57,110.98,18.78,6646.49,161.44,18.56,6308.15,379.23,17.99,0.0206,0.0427,-0.0207,0.0334,0.0226,1.4394,6736.9,6863.8,6913.0,7225.1,18.71,38.88,0,HOLD_NEUTRAL
2021-08-13,4809.7,6736.9,38.43,18.8,154.38,252.39,79.29,605.83,3898.4,6.9661,76.5,49.59,11.13,376.4,10.2,8,5,0,1,4,8,3,-0.6661,-0.7459,6892.4,4788.5,18.47,39.8,6926.8,4881.8,19.27,39.38,6764.1,4846.3,19.44,38.18,6816.0,4813.8,18.25,37.98,6661.7,4703.6,18.61,36.99,6213.6,4508.2,18.1,36.5,6839.27,67.94,19.05,6767.94,107.48,18.79,6663.94,139.89,18.58,6321.46,380.05,18.01,-0.0116,0.0113,0.0301,0.0322,0.0229,1.4007,6818.9,6941.2,6744.7,7219.9,18.74,39.82,0,HOLD_NEUTRAL
2021-08-16,4847.7,6818.9,38.73,19.06,155.87,237.49,81.49,637.1,3785.8,6.9561,76.73,49.6,11.09,376.5,9.69,7,5,0,1,0,8,3,-0.7037,-0.7105,6736.9,4809.7,18.8,38.43,6892.4,4788.5,18.47,39.8,6926.8,4881.8,19.27,39.38,6857.6,4939.3,19.02,38.97,6607.7,4759.9,18.56,37.19,6434.3,4697.1,17.97,36.94,6833.74,67.78,19.05,6783.03,97.63,18.82,6676.76,135.68,18.62,6334.9,383.18,18.04,-0.0056,0.032,0.0021,0.0334,0.0229,1.4066,6724.5,6861.6,6876.9,7070.7,18.95,38.96,0,HOLD_NEUTRAL
2021-08-17,4811.5,6724.5,37.55,18.53,152.7,230.73,78.54,620.02,3778.0,6.9914,76.28,49.23,11.2,376.5,9.64,7,5,0,1,1,8,3,-0.7158,-0.6983,6818.9,4847.7,19.06,38.73,6736.9,4809.7,18.8,38.43,6892.4,4788.5,18.47,39.8,6865.5,4867.7,19.35,38.46,6678.2,4689.6,18.64,38.53,6512.5,4695.7,18.09,38.36,6813.6,77.08,18.94,6786.34,94.54,18.82,6683.82,132.3,18.63,6347.64,383.22,18.05,-0.0205,0.0069,-0.0424,0.0335,0.0227,1.3976,6853.2,7011.2,6987.2,7145.5,19.52,39.78,1,CHARTER_NOW
2021-08-18,4854.7,6853.2,39.64,19.32,153.58,249.42,82.14,652.27,3799.5,6.9783,76.5,49.71,10.65,376.6,9.69,8,6,0,1,2,8,3,-0.7277,-0.6859,6724.5,4811.5,18.53,37.55,6818.9,4847.7,19.06,38.73,6736.9,4809.7,18.8,38.43,6831.6,4885.8,18.99,38.48,6623.1,4703.7,18.02,37.32,6504.5,4751.5,18.46,36.51,6816.69,78.34,18.98,6802.77,83.32,18.91,6695.45,131.32,18.66,6359.95,387.45,18.08,0.0032,0.0347,0.0174,0.0338,0.0224,1.4117,6769.8,6911.6,6979.4,7168.9,19.16,39.61,0,HOLD_NEUTRAL
2021-08-19,4791.1,6769.8,38.46,18.38,150.87,233.63,80.55,646.74,3853.9,6.9642,76.87,50.21,11.08,376.6,9.52,7,6,0,1,3,8,3,-0.7394,-0.6733,6853.2,4854.7,19.32,39.64,6724.5,4811.5,18.53,37.55,6818.9,4847.7,19.06,38.73,6764.1,4846.3,19.44,38.18,6598.7,4719.6,18.01,38.61,6433.5,4551.3,18.53,37.17,6817.5,77.73,18.83,6814.99,60.51,18.94,6706.66,122.23,18.66,6373.31,387.52,18.1,0.0008,0.0259,-0.0545,0.0352,0.0223,1.413,6938.7,6953.6,6901.1,7279.9,18.97,40.91,0,HOLD_NEUTRAL
2021-08-20,5021.2,6938.7,39.23,19.37,153.8,241.41,80.44,614.8,3794.0,6.9442,76.41,49.77,11.06,376.6,9.79,7,5,0,1,4,8,3,-0.7509,-0.6605,6769.8,4791.1,18.38,38.46,6853.2,4854.7,19.32,39.64,6724.5,4811.5,18.53,37.55,6926.8,4881.8,19.27,39.38,6799.4,4802.9,19.37,39.38,6497.8,4597.6,18.48,37.41,6819.2,80.6,18.85,6824.94,68.65,18.94,6721.35,122.75,18.69,6390.08,389.89,18.13,0.0017,0.0205,0.0052,0.0317,0.0222,1.3819,6863.8,6783.1,7134.6,7366.8,18.79,39.56,0,HOLD_NEUTRAL
2021-08-23,4799.2,6863.8,38.88,18.71,150.95,244.82,82.77,633.1,3814.6,6.9059,76.58,48.96,11.09,376.7,9.66,7,5,0,1,0,8,3,-0.7839,-0.6208,6938.7,5021.2,19.37,39.23,6769.8,4791.1,18.38,38.46,6853.2,4854.7,19.32,39.64,6892.4,4788.5,18.47,39.8,6753.2,4841.2,18.86,38.3,6487.4,4572.5,18.66,37.01,6815.11,76.91,18.88,6832.84,66.07,18.93,6733.9,117.12,18.69,6401.72,393.48,18.15,-0.0041,0.0164,0.013,0.0338,0.022,1.4302,6941.2,6913.0,7118.8,7348.6,18.73,39.28,0,HOLD_NEUTRAL
2021-08-24,4959.1,6941.2,39.82,18.74,149.86,246.92,82.41,625.32,3814.8,6.9691,76.22,49.36,11.03,376.8,9.65,7,5,0,1,1,8,3,-0.7945,-0.6073,6863.8,4799.2,18.71,38.88,6938.7,5021.2,19.37,39.23,6769.8,4791.1,18.38,38.46,6736.9,4809.7,18.8,38.43,6816.0,4813.8,18.25,37.98,6528.8,4680.5,18.35,38.57,6844.3,80.94,18.87,6841.79,71.84,18.96,6747.65,116.42,18.7,6417.72,395.61,18.17,0.0303,0.0184,-0.0032,0.0334,0.0216,1.3997,6861.6,6744.7,7127.3,7335.6,18.78,38.78,0,HOLD_NEUTRAL
2021-08-25,4842.7,6861.6,38.96,18.95,154.13,253.3,81.09,628.6,3813.9,6.9778,77.12,49.23,11.14,376.8,9.46,8,5,0,1,2,8,3,-0.8048,-0.5935,6941.2,4959.1,18.74,39.82,6863.8,4799.2,18.71,38.88,6938.7,5021.2,19.37,39.23,6818.9,4847.7,19.06,38.73,6857.6,4939.3,19.02,38.97,6561.0,4687.8,18.09,36.9,6850.4,80.31,18.86,6842.07,71.92,18.96,6757.67,112.68,18.73,6437.15,388.11,18.2,0.0063,0.0006,-0.0058,0.0332,0.0225,1.4169,7011.2,6876.9,7222.2,7239.6,19.53,39.03,0,HOLD_NEUTRAL
2021-08-26,4950.4,7011.2,39.78,19.52,153.86,243.7,83.95,656.47,3790.8,6.9149,76.94,49.54,10.94,376.8,9.27,7,5,0,1,3,8,3,-0.8149,-0.5796,6861.6,4842.7,18.95,38.96,6941.2,4959.1,18.74,39.82,6863.8,4799.2,18.71,38.88,6724.5,4811.5,18.53,37.55,6865.5,4867.7,19.35,38.46,6544.9,4661.1,17.96,37.43,6891.36,78.49,19.0,6852.48,84.93,18.97,6773.21,114.46,18.78,6457.04,386.39,18.25,0.0426,0.0212,0.0534,0.0336,0.0219,1.4163,6911.6,6987.2,7508.7,7153.7,19.23,38.93,0,HOLD_NEUTRAL
2021-08-27,4887.5,6911.6,39.61,19.16,155.56,247.47,80.04,636.15,3810.0,6.9253,76.68,50.22,11.28,376.9,9.48,7,6,0,1,4,8,3,-0.8248,-0.5655,7011.2,4950.4,19.52,39.78,6861.6,4842.7,18.95,38.96,6941.2,4959.1,18.74,39.82,6853.2,4854.7,19.32,39.64,6831.6,4885.8,18.99,38.48,6612.4,4752.4,18.45,38.2,6899.7,76.85,18.98,6858.19,86.1,18.98,6783.18,113.0,18.81,6476.38,379.44,18.28,0.0085,0.0117,-0.0083,0.0332,0.0225,1.4141,6953.6,6979.4,7358.9,7142.3,19.57,39.26,0,HOLD_NEUTRAL
2021-08-30,4890.1,6953.6,40.91,18.97,151.31,251.49,83.48,646.73,3812.0,6.9706,76.78,49.39,11.16,377.0,9.63,8,6,0,1,0,8,3,-0.8528,-0.5222,6911.6,4887.5,19.16,39.61,7011.2,4950.4,19.52,39.78,6861.6,4842.7,18.95,38.96,6769.8,4791.1,18.38,38.46,6764.1,4846.3,19.44,38.18,6693.8,4825.7,18.54,39.09,6925.96,52.66,19.06,6871.73,85.06,18.95,6791.84,115.83,18.82,6495.2,374.53,18.31,0.0271,0.028,0.0321,0.0341,0.0218,1.422,6783.1,6901.1,7360.7,7189.9,19.77,39.07,0,HOLD_NEUTRAL
2021-08-31,4849.8,6783.1,39.56,18.79,153.87,253.41,83.56,644.37,3819.2,6.9734,76.76,49.4,11.1,377.0,9.48,8,5,0,1,1,8,3,-0.8617,-0.5074,6953.6,4890.1,18.97,40.91,6911.6,4887.5,19.16,39.61,7011.2,4950.4,19.52,39.78,6938.7,5021.2,19.37,39.23,6926.8,4881.8,19.27,39.38,6674.6,4675.5,18.61,38.15,6903.73,74.64,18.98,6861.46,86.56,18.91,6795.46,113.72,18.83,6514.54,358.31,18.35,-0.0224,-0.0207,-0.0299,0.0343,0.0227,1.3986,6913.0,7134.6,7240.1,7243.2,19.38,40.68,1,CHARTER_NOW
2021-09-01,4973.9,6913.0,39.28,18.73,154.2,253.71,82.06,639.84,3853.6,6.9337,77.02,50.41,10.93,377.0,9.62,7,5,0,1,2,9,3,-0.8703,-0.4925,6783.1,4849.8,18.79,39.56,6953.6,4890.1,18.97,40.91,6911.6,4887.5,19.16,39.61,6863.8,4799.2,18.71,38.88,6892.4,4788.5,18.47,39.8,6705.9,4741.9,18.61,38.99,6910.76,72.54,18.98,6862.94,87.3,18.93,6802.36,114.38,18.83,6533.23,349.11,18.38,0.0072,0.003,0.0011,0.0342,0.0223,1.3899,6744.7,7118.8,7242.7,7242.9,19.36,39.27,0,HOLD_NEUTRAL
2021-09-02,4820.1,6744.7,38.78,18.78,153.74,256.94,83.33,636.63,3883.3,6.9464,76.55,49.89,11.23,377.0,9.52,7,5,0,1,3,9,3,-0.8786,-0.4775,6913.0,4973.9,18.73,39.28,6783.1,4849.8,18.79,39.56,6953.6,4890.1,18.97,40.91,6941.2,4959.1,18.74,39.82,6736.9,4809.7,18.8,38.43,6703.5,4811.3,18.55,38.73,6882.69,93.72,18.99,6863.49,86.45,18.93,6803.74,113.39,18.84,6549.71,334.84,18.41,-0.0283,0.0012,0.0021,0.0339,0.0228,1.3993,6876.9,7127.3,7103.9,7180.9,20.15,40.78,1,CHARTER_NOW
2021-09-03,4886.4,6876.9,39.03,19.53,149.55,260.69,80.62,653.27,3793.5,6.9088,76.87,49.7,11.11,377.1,9.65,7,6,0,1,4,9,3,-0.8867,-0.4623,6744.7,4820.1,18.78,38.78,6913.0,4973.9,18.73,39.28,6783.1,4849.8,18.79,39.56,6861.6,4842.7,18.95,38.96,6818.9,4847.7,19.06,38.73,6610.3,4687.2,18.44,38.52,6884.87,93.32,19.07,6867.64,85.54,18.96,6812.62,108.03,18.87,6566.47,325.34,18.45,0.0022,0.0085,0.0306,0.0334,0.0217,1.4074,6987.2,7222.2,7225.1,7278.3,20.04,40.71,1,CHARTER_NOW
2021-09-06,4902.5,6987.2,38.93,19.23,152.3,259.38,84.91,638.09,3812.6,7.0059,76.97,50.45,10.93,377.2,9.35,7,6,0,1,0,9,3,-0.9094,-0.4159,6876.9,4886.4,19.53,39.03,6744.7,4820.1,18.78,38.78,6913.0,4973.9,18.73,39.28,7011.2,4950.4,19.52,39.78,6724.5,4811.5,18.53,37.55,6661.7,4703.6,18.61,36.99,6881.44,88.21,19.03,6886.4,80.38,19.01,6823.47,108.69,18.89,6586.34,313.62,18.48,-0.0034,0.0391,-0.0149,0.0332,0.0218,1.4252,6979.4,7508.7,7219.9,7225.4,19.64,41.61,1,CHARTER_NOW
2021-09-07,4972.6,6979.4,39.26,19.57,152.86,260.53,83.04,646.88,3798.6,6.9258,77.01,49.62,11.07,377.2,9.59,7,4,0,1,1,9,3,-0.9164,-0.4002,6987.2,4902.5,19.23,38.93,6876.9,4886.4,19.53,39.03,6744.7,4820.1,18.78,38.78,6911.6,4887.5,19.16,39.61,6853.2,4854.7,19.32,39.64,6607.7,4759.9,18.56,37.19,6891.13,95.5,19.09,6895.41,83.39,19.03,6835.86,104.35,18.93,6603.17,306.97,18.52,0.0098,0.0184,0.0214,0.0331,0.0219,1.4036,6901.1,7358.9,7070.7,7333.4,19.76,40.44,1,CHARTER_NOW
2021-09-08,5004.6,6901.1,39.07,19.77,151.6,245.95,82.56,665.66,3835.2,6.9812,76.15,48.24,11.21,377.2,9.42,9,5,0,1,2,9,3,-0.9232,-0.3844,6979.4,4972.6,19.57,39.26,6987.2,4902.5,19.23,38.93,6876.9,4886.4,19.53,39.03,6953.6,4890.1,18.97,40.91,6769.8,4791.1,18.38,38.46,6678.2,4689.6,18.64,38.53,6883.63,91.76,19.2,6904.79,75.15,19.13,6843.29,100.6,18.97,6618.76,297.68,18.55,-0.0076,0.0194,0.0422,0.0337,0.022,1.379,7134.6,7360.7,7145.5,4266.5,20.12,40.96,1,CHARTER_NOW
2021-09-09,5027.1,7134.6,40.68,19.38,144.78,258.89,85.51,661.55,3810.9,6.9641,76.58,49.77,11.19,377.3,9.23,8,5,0,1,3,9,3,-0.9296,-0.3685,6901.1,5004.6,19.77,39.07,6979.4,4972.6,19.57,39.26,6987.2,4902.5,19.23,38.93,6783.1,4849.8,18.79,39.56,6938.7,5021.2,19.37,39.23,6623.1,4703.7,18.02,37.32,6933.84,119.55,19.28,6918.79,97.01,19.13,6860.34,105.23,19.01,6636.52,296.09,18.58,0.0518,0.0282,0.0314,0.0341,0.0203,1.4192,7118.8,7240.1,7168.9,4080.3,19.76,40.28,0,HOLD_NEUTRAL
2021-09-10,5017.2,7118.8,39.27,19.36,151.84,262.8,82.48,638.58,3839.3,7.0041,76.48,48.42,11.18,377.3,9.51,9,5,0,1,4,9,3,-0.9358,-0.3524,7134.6,5027.1,19.38,40.68,6901.1,5004.6,19.77,39.07,6979.4,4972.6,19.57,39.26,6913.0,4973.9,18.73,39.28,6863.8,4799.2,18.71,38.88,6598.7,4719.6,18.01,38.61,6963.24,137.52,19.37,6937.0,109.08,19.18,6877.68,103.47,19.06,6654.15,292.73,18.61,0.0298,0.0372,0.0336,0.033,0.0213,1.4189,7127.3,7242.7,7279.9,4134.9,19.57,41.46,0,HOLD_NEUTRAL
2021-09-13,5013.4,7127.3,40.78,20.15,158.04,266.74,81.59,630.52,3873.0,6.9423,76.79,49.52,11.11,377.4,9.84,7,5,0,1,0,9,3,-0.9528,-0.3037,7118.8,5017.2,19.36,39.27,7134.6,5027.1,19.38,40.68,6901.1,5004.6,19.77,39.07,6744.7,4820.1,18.78,38.78,6941.2,4959.1,18.74,39.82,6799.4,4802.9,19.37,39.38,7017.9,109.33,19.57,6950.29,120.39,19.28,6888.61,111.89,19.08,6673.08,285.78,18.65,0.0567,0.0268,0.0729,0.0313,0.0222,1.4216,7222.2,7103.9,7366.8,4171.5,19.22,39.66,0,HOLD_NEUTRAL
2021-09-14,5077.8,7222.2,40.71,20.04,149.68,256.78,81.45,631.68,3747.1,6.9681,76.26,48.31,11.3,377.4,9.23,7,6,0,1,1,9,3,-0.9579,-0.2873,7127.3,5013.4,20.15,40.78,7118.8,5017.2,19.36,39.27,7134.6,5027.1,19.38,40.68,6876.9,4886.4,19.53,39.03,6861.6,4842.7,18.95,38.96,6753.2,4841.2,18.86,38.3,7067.23,112.95,19.64,6976.05,137.33,19.36,6904.24,124.39,19.12,6694.7,277.19,18.7,0.0502,0.0526,0.0261,0.0315,0.0207,1.4223,7508.7,7225.1,7348.6,4170.3,19.51,39.6,0,HOLD_NEUTRAL
2021-09-15,5148.3,7508.7,41.61,19.64,148.38,257.72,85.47,677.64,3853.9,6.9156,76.25,48.98,11.34,377.5,9.55,7,5,0,1,2,9,3,-0.9627,-0.2707,7222.2,5077.8,20.04,40.71,7127.3,5013.4,20.15,40.78,7118.8,5017.2,19.36,39.27,6987.2,4902.5,19.23,38.93,7011.2,4950.4,19.52,39.78,6816.0,4813.8,18.25,37.98,7141.73,194.16,19.7,7011.59,198.07,19.36,6927.33,165.08,19.17,6717.56,286.81,18.72,0.0746,0.071,0.0213,0.0345,0.0198,1.4585,7358.9,7219.9,7335.6,4202.1,19.36,40.71,0,HOLD_NEUTRAL
2021-09-16,5210.0,7358.9,40.44,19.76,151.79,259.05,82.2,612.39,3821.7,6.9086,77.32,49.02,11.24,377.5,9.68,7,5,0,1,3,9,3,-0.9672,-0.2541,7508.7,5148.3,19.64,41.61,7222.2,5077.8,20.04,40.71,7127.3,5013.4,20.15,40.78,6979.4,4972.6,19.57,39.26,6911.6,4887.5,19.16,39.61,6857.6,4939.3,19.02,38.97,7195.94,194.26,19.73,7043.54,215.96,19.41,6944.04,182.25,19.19,6741.05,280.48,18.77,0.0544,0.0647,0.0097,0.031,0.0206,1.4125,7360.7,7070.7,7239.6,4246.3,19.85,40.41,0,HOLD_NEUTRAL
2021-09-17,5148.6,7360.7,40.96,20.12,151.47,268.07,87.78,695.34,3855.1,6.9848,76.93,48.78,10.98,377.5,9.98,9,7,0,1,4,9,3,-0.9714,-0.2375,7358.9,5210.0,19.76,40.44,7508.7,5148.3,19.64,41.61,7222.2,5077.8,20.04,40.71,6901.1,5004.6,19.77,39.07,6953.6,4890.1,18.97,40.91,6865.5,4867.7,19.35,38.46,7261.6,150.81,19.78,7072.61,229.88,19.49,6960.55,196.74,19.22,6763.17,276.03,18.82,0.0666,0.0585,0.0177,0.0346,0.0206,1.4297,7240.1,7145.5,7153.7,4131.4,19.35,39.85,0,HOLD_NEUTRAL
2021-09-20,5033.2,7240.1,40.28,19.76,153.91,273.87,81.26,615.45,3811.0,6.9141,76.83,48.99,10.89,377.6,9.41,7,5,0,1,0,9,3,-0.9824,-0.187,7360.7,5148.6,20.12,40.96,7358.9,5210.0,19.76,40.44,7508.7,5148.3,19.64,41.61,7134.6,5027.1,19.38,40.68,6783.1,4849.8,18.79,39.56,6831.6,4885.8,18.99,38.48,7276.67,140.95,19.83,7105.26,217.73,19.56,6974.17,201.59,19.24,6781.52,270.39,18.86,0.0148,0.0674,0.0196,0.0311,0.0213,1.4385,7242.7,7168.9,7142.3,4176.4,19.42,39.9,0,HOLD_NEUTRAL
2021-09-21,5153.0,7242.7,41.46,19.57,145.95,263.75,88.18,676.44,3885.4,6.961,76.9,49.73,11.0,377.7,9.38,9,5,0,1,1,9,3,-0.9854,-0.1701,7240.1,5033.2,19.76,40.28,7360.7,5148.6,20.12,40.96,7358.9,5210.0,19.76,40.44,7118.8,5017.2,19.36,39.27,6913.0,4973.9,18.73,39.28,6764.1,4846.3,19.44,38.18,7294.37,124.66,19.86,7128.81,213.12,19.62,6990.12,203.32,19.25,6796.17,271.17,18.88,0.0174,0.0477,0.0108,0.0346,0.0202,1.4055,7103.9,7279.9,7189.9,4185.8,19.22,40.25,0,HOLD_NEUTRAL
2021-09-22,4972.4,7103.9,39.66,19.22,152.19,274.31,85.63,657.16,3876.7,6.9984,76.85,48.75,11.5,377.7,9.27,7,5,0,1,2,9,3,-0.9882,-0.1531,7242.7,5153.0,19.57,41.46,7240.1,5033.2,19.76,40.28,7360.7,5148.6,20.12,40.96,7127.3,5013.4,20.15,40.78,6744.7,4820.1,18.78,38.78,6926.8,4881.8,19.27,39.38,7291.03,130.08,19.73,7154.46,182.79,19.65,6996.02,203.99,19.25,6811.14,262.69,18.9,-0.0033,0.0533,-0.0462,0.0342,0.0214,1.4287,7225.1,7366.8,7243.2,4110.7,20.28,40.51,0,HOLD_NEUTRAL
2021-09-23,5087.1,7225.1,39.6,19.51,151.62,269.12,85.2,666.46,3865.8,6.9907,77.07,49.43,11.17,377.7,9.73,7,5,0,1,3,9,3,-0.9907,-0.1361,7103.9,4972.4,19.22,39.66,7242.7,5153.0,19.57,41.46,7240.1,5033.2,19.76,40.28,7222.2,5077.8,20.04,40.71,6876.9,4886.4,19.53,39.03,6892.4,4788.5,18.47,39.8,7291.44,129.83,19.65,7179.34,164.93,19.65,7007.11,207.18,19.28,6826.8,258.79,18.92,0.0004,0.0506,-0.0264,0.0342,0.021,1.4203,7219.9,7348.6,7242.9,4176.4,20.4,40.81,0,HOLD_NEUTRAL
2021-09-24,5174.1,7219.9,40.71,19.36,149.15,267.95,84.52,635.58,3874.8,6.9485,76.67,48.58,11.54,377.8,9.32,7,5,0,1,4,9,3,-0.9929,-0.1191,7225.1,5087.1,19.51,39.6,7103.9,4972.4,19.22,39.66,7242.7,5153.0,19.57,41.46,7508.7,5148.3,19.64,41.61,6987.2,4902.5,19.23,38.93,6736.9,4809.7,18.8,38.43,7250.19,88.63,19.61,7195.96,155.54,19.66,7023.21,204.2,19.3,6843.58,250.86,18.94,-0.0385,0.0333,-0.0143,0.0328,0.0207,1.3954,7070.7,7335.6,7180.9,4126.9,19.82,40.81,0,HOLD_NEUTRAL
2021-09-27,4934.8,7070.7,40.41,19.85,150.32,269.38,86.6,674.42,3824.4,6.9215,76.89,48.99,11.09,377.9,9.41,7,4,0,1,0,9,3,-0.9977,-0.0677,7219.9,5174.1,19.36,40.71,7225.1,5087.1,19.51,39.6,7103.9,4972.4,19.22,39.66,7358.9,5210.0,19.76,40.44,6979.4,4972.6,19.57,39.26,6818.9,4847.7,19.06,38.73,7209.01,96.32,19.63,7202.48,147.46,19.68,7031.61,200.66,19.33,6854.18,246.68,18.97,-0.0392,0.0131,0.0046,0.034,0.0213,1.4328,7145.5,7239.6,7278.3,4293.3,19.67,40.23,0,HOLD_NEUTRAL
2021-09-28,4976.5,7145.5,39.85,19.35,152.41,277.25,85.94,688.67,3829.9,6.9846,76.91,49.26,11.07,377.9,9.11,8,5,0,1,1,9,3,-0.9987,-0.0505,7070.7,4934.8,19.85,40.41,7219.9,5174.1,19.36,40.71,7225.1,5087.1,19.51,39.6,7360.7,5148.6,20.12,40.96,6901.1,5004.6,19.77,39.07,6724.5,4811.5,18.53,37.55,7178.27,70.8,19.52,7219.94,121.16,19.65,7045.64,193.02,19.35,6864.73,245.35,18.99,-0.0292,0.0354,-0.0383,0.0356,0.0213,1.4358,7168.9,7153.7,7225.4,4012.3,19.75,39.78,0,HOLD_NEUTRAL
2021-09-29,5081.5,7168.9,39.9,19.42,151.78,274.79,88.12,662.84,3879.1,7.0098,76.6,48.52,11.11,377.9,9.66,8,6,0,1,2,9,3,-0.9994,-0.0333,7145.5,4976.5,19.35,39.85,7070.7,4934.8,19.85,40.41,7219.9,5174.1,19.36,40.71,7240.1,5033.2,19.76,40.28,7134.6,5027.1,19.38,40.68,6853.2,4854.7,19.32,39.64,7168.1,65.34,19.47,7222.39,119.64,19.65,7056.16,190.76,19.36,6875.8,243.81,19.01,-0.0098,0.0048,-0.0172,0.0341,0.0212,1.4108,7279.9,7142.3,7333.4,4167.7,20.21,40.31,0,HOLD_NEUTRAL
2021-09-30,5196.6,7279.9,40.25,19.22,145.21,290.1,86.46,670.22,3827.1,6.9499,77.19,48.33,11.1,378.0,9.71,7,6,0,1,3,9,3,-0.9999,-0.0161,7168.9,5081.5,19.42,39.9,7145.5,4976.5,19.35,39.85,7070.7,4934.8,19.85,40.41,7242.7,5153.0,19.57,41.46,7118.8,5017.2,19.36,39.27,6769.8,4791.1,18.38,38.46,7173.41,73.43,19.42,7233.89,116.62,19.64,7073.17,187.05,19.38,6889.91,242.26,19.02,0.0051,0.0226,-0.0179,0.0349,0.0199,1.4009,7366.8,7189.9,4266.5,4106.3,19.93,40.76,0,HOLD_NEUTRAL
2021-10-01,5116.0,7366.8,40.51,20.28,151.37,267.34,86.65,661.3,3905.7,6.9459,76.76,49.3,10.97,378.0,9.64,6,6,0,0,4,10,4,-1.0,0.0011,7279.9,5196.6,19.22,40.25,7168.9,5081.5,19.42,39.9,7145.5,4976.5,19.35,39.85,7103.9,4972.4,19.22,39.66,7127.3,5013.4,20.15,40.78,6938.7,5021.2,19.37,39.23,7210.97,95.78,19.57,7251.0,117.34,19.65,7087.44,192.68,19.41,6904.4,244.39,19.05,0.037,0.0336,0.0552,0.0326,0.0205,1.44,7348.6,7243.2,4080.3,4212.8,19.65,40.67,0,HOLD_NEUTRAL
2021-10-04,5203.5,7348.6,40.81,20.4,148.17,279.69,86.1,670.62,3847.2,6.9549,77.15,49.63,10.9,378.1,9.14,6,6,0,0,0,10,4,-0.9986,0.0527,7366.8,5116.0,20.28,40.51,7279.9,5196.6,19.22,40.25,7168.9,5081.5,19.42,39.9,7225.1,5087.1,19.51,39.6,7222.2,5077.8,20.04,40.71,6863.8,4799.2,18.71,38.88,7228.61,109.25,19.7,7260.03,119.79,19.68,7103.6,193.61,19.47,6918.75,244.78,19.08,0.0171,0.0175,0.0456,0.0329,0.0202,1.4122,7335.6,7242.9,4134.9,4089.7,19.17,41.33,0,HOLD_NEUTRAL
2021-10-05,5203.8,7335.6,40.81,19.82,148.48,272.53,86.78,670.35,3877.2,6.988,76.93,48.96,11.23,378.1,9.58,5,5,0,0,1,10,4,-0.9976,0.0698,7348.6,5203.5,20.4,40.81,7366.8,5116.0,20.28,40.51,7279.9,5196.6,19.22,40.25,7219.9,5174.1,19.36,40.71,7508.7,5148.3,19.64,41.61,6941.2,4959.1,18.74,39.82,7245.14,116.24,19.76,7247.66,99.34,19.69,7116.74,195.58,19.51,6932.2,245.15,19.1,0.016,-0.0231,0.0238,0.0338,0.0202,1.4097,7239.6,7180.9,4171.5,4183.7,19.29,40.79,0,HOLD_NEUTRAL
2021-10-06,5010.4,7239.6,40.23,19.67,148.36,270.67,87.56,667.74,3934.3,7.008,77.32,48.73,11.35,378.2,9.13,5,5,0,0,2,10,4,-0.9962,0.087,7335.6,5203.8,19.82,40.81,7348.6,5203.5,20.4,40.81,7366.8,5116.0,20.28,40.51,7070.7,4934.8,19.85,40.41,7358.9,5210.0,19.76,40.44,6861.6,4842.7,18.95,38.96,7269.27,88.12,19.74,7239.14,94.04,19.68,7129.34,190.69,19.53,6943.5,243.38,19.13,0.0239,-0.0162,-0.0091,0.0339,0.0205,1.4449,7153.7,7278.3,4170.3,4153.9,19.98,39.97,0,HOLD_NEUTRAL
2021-10-07,5098.3,7153.7,39.78,19.75,147.52,277.8,84.06,657.45,3837.3,6.9341,76.66,49.06,11.63,378.2,9.47,6,6,0,0,3,10,4,-0.9946,0.1041,7239.6,5010.4,19.67,40.23,7335.6,5203.8,19.82,40.81,7348.6,5203.5,20.4,40.81,7145.5,4976.5,19.35,39.85,7360.7,5148.6,20.12,40.96,7011.2,4950.4,19.52,39.78,7270.44,86.24,19.79,7224.36,89.63,19.66,7134.09,189.42,19.54,6953.65,239.14,19.16,0.0011,-0.0281,0.0207,0.0333,0.0206,1.4032,7142.3,7225.4,4202.1,4020.0,19.67,41.22,0,HOLD_NEUTRAL
2021-10-08,5094.9,7142.3,40.31,20.21,151.69,279.6,84.83,678.53,3865.5,6.9266,76.65,48.99,11.05,378.2,9.49,5,6,0,0,4,10,4,-0.9926,0.1212,7153.7,5098.3,19.75,39.78,7239.6,5010.4,19.67,40.23,7335.6,5203.8,19.82,40.81,7168.9,5081.5,19.42,39.9,7240.1,5033.2,19.76,40.28,6911.6,4887.5,19.16,39.61,7266.64,91.86,19.91,7217.37,92.08,19.69,7141.78,184.7,19.57,6962.48,236.09,19.19,-0.0037,-0.0135,0.0407,0.0336,0.0212,1.4019,7189.9,7333.4,4246.3,3936.0,20.04,41.44,0,HOLD_NEUTRAL
2021-10-11,5066.0,7189.9,40.76,19.93,147.24,302.53,88.98,682.74,3903.5,7.0424,76.72,49.08,11.07,378.3,9.51,7,6,0,0,0,10,4,-0.9851,0.1722,7142.3,5094.9,20.21,40.31,7153.7,5098.3,19.75,39.78,7239.6,5010.4,19.67,40.23,7279.9,5196.6,19.22,40.25,7242.7,5153.0,19.57,41.46,6953.6,4890.1,18.97,40.91,7253.79,95.9,20.01,7213.6,92.05,19.71,7149.66,181.4,19.61,6970.75,235.2,19.21,-0.0124,-0.0073,0.0369,0.0343,0.0205,1.4192,7243.2,4266.5,4131.4,3942.0,15.29,31.23,-1,WAIT
2021-10-12,5178.3,7243.2,40.67,19.65,143.8,279.95,88.07,687.52,3901.0,6.9671,76.98,47.54,10.99,378.4,9.55,5,5,0,0,1,10,4,-0.9819,0.1892,7189.9,5066.0,19.93,40.76,7142.3,5094.9,20.21,40.31,7153.7,5098.3,19.75,39.78,7366.8,5116.0,20.28,40.51,7103.9,4972.4,19.22,39.66,6783.1,4849.8,18.79,39.56,7236.13,82.0,19.92,7223.55,86.65,19.74,7165.0,168.32,19.63,6980.23,234.52,19.23,-0.0168,0.0196,-0.0311,0.035,0.0199,1.3988,7242.9,4080.3,4176.4,3981.0,14.79,29.86,-1,WAIT
2021-10-13,5172.3,7242.9,41.33,19.17,146.0,273.55,87.56,659.87,3857.4,6.9802,77.34,48.33,11.37,378.4,9.44,5,5,0,0,2,10,4,-0.9785,0.206,7243.2,5178.3,19.65,40.67,7189.9,5066.0,19.93,40.76,7142.3,5094.9,20.21,40.31,7348.6,5203.5,20.4,40.81,7225.1,5087.1,19.51,39.6,6913.0,4973.9,18.73,39.28,7221.03,66.01,19.74,7224.82,86.8,19.72,7175.99,161.95,19.65,6989.18,234.12,19.24,-0.0144,0.0025,-0.0603,0.0344,0.0202,1.4003,7180.9,4134.9,4185.8,3894.0,14.84,31.04,-1,WAIT
2021-10-14,5080.9,7180.9,40.79,19.29,147.71,284.77,88.05,667.24,3851.9,6.9521,77.36,48.44,11.31,378.4,9.04,6,5,0,0,3,10,4,-0.9749,0.2228,7242.9,5172.3,19.17,41.33,7243.2,5178.3,19.65,40.67,7189.9,5066.0,19.93,40.76,7335.6,5203.8,19.82,40.81,7219.9,5174.1,19.36,40.71,6744.7,4820.1,18.78,38.78,7198.93,43.22,19.67,7222.04,87.6,19.72,7190.53,139.98,19.67,6997.14,232.35,19.25,-0.0211,-0.0054,-0.0267,0.0346,0.0206,1.4133,7278.3,4171.5,4110.7,3948.5,15.85,31.13,-1,WAIT
2021-10-15,5115.6,7278.3,39.97,19.98,150.95,267.85,88.77,689.27,3863.0,6.9878,76.39,48.97,10.98,378.5,9.54,7,5,0,0,4,10,4,-0.9709,0.2396,7180.9,5080.9,19.29,40.79,7242.9,5172.3,19.17,41.33,7243.2,5178.3,19.65,40.67,7239.6,5010.4,19.67,40.23,7070.7,4934.8,19.85,40.41,6876.9,4886.4,19.53,39.03,7204.46,51.05,19.71,7236.86,76.93,19.72,7203.91,127.61,19.68,7008.27,229.49,19.28,0.0053,0.0294,0.0158,0.0345,0.0207,1.4228,7225.4,4170.3,4176.4,4042.3,15.83,30.8,-1,WAIT
2021-10-18,5055.6,7225.4,41.22,19.67,148.58,284.8,87.54,693.11,3925.3,7.0025,77.05,48.98,10.98,378.6,9.44,6,6,0,0,0,10,4,-0.9572,0.2893,7278.3,5115.6,19.98,39.97,7180.9,5080.9,19.29,40.79,7242.9,5172.3,19.17,41.33,7153.7,5098.3,19.75,39.78,7145.5,4976.5,19.35,39.85,6987.2,4902.5,19.23,38.93,7214.7,46.13,19.7,7242.57,72.46,19.75,7211.85,120.89,19.7,7017.66,226.58,19.29,0.01,0.0112,-0.0041,0.0352,0.0206,1.4292,7333.4,4202.1,4126.9,3945.8,16.04,30.45,-1,WAIT
2021-10-19,5171.5,7333.4,41.44,20.04,143.8,286.3,87.24,677.5,3866.0,6.983,76.2,49.21,11.35,378.6,9.24,6,6,0,0,1,10,4,-0.9521,0.3057,7225.4,5055.6,19.67,41.22,7278.3,5115.6,19.98,39.97,7180.9,5080.9,19.29,40.79,7142.3,5094.9,20.21,40.31,7168.9,5081.5,19.42,39.9,6979.4,4972.6,19.57,39.26,7242.0,52.28,19.68,7254.32,72.93,19.79,7223.65,114.53,19.71,7029.76,223.68,19.32,0.0268,0.0229,-0.0084,0.0338,0.0196,1.418,4266.5,4246.3,4293.3,3857.1,15.68,31.45,-1,WAIT
2021-10-20,3239.0,4266.5,31.23,15.29,154.35,292.83,89.12,682.26,3879.7,7.0264,77.2,48.99,11.24,378.6,9.1,5,5,0,0,2,10,4,-0.9467,0.3221,7333.4,5171.5,20.04,41.44,7225.4,5055.6,19.67,41.22,7278.3,5115.6,19.98,39.97,7189.9,5066.0,19.93,40.76,7279.9,5196.6,19.22,40.25,6901.1,5004.6,19.77,39.07,6824.37,1128.89,19.01,7039.08,801.3,19.51,7135.83,550.54,19.56,6989.56,419.18,19.26,-0.4066,-0.4139,-0.2328,0.0446,0.0362,1.3172,4080.3,4131.4,4012.3,3935.2,15.28,31.2,0,HOLD_NEUTRAL
2021-10-21,3075.2,4080.3,29.86,14.79,147.13,294.86,87.13,672.49,3863.1,6.9646,77.29,48.12,11.32,378.7,9.72,4,5,0,0,3,10,4,-0.941,0.3383,4266.5,3239.0,15.29,31.23,7333.4,5171.5,20.04,41.44,7225.4,5055.6,19.67,41.22,7243.2,5178.3,19.65,40.67,7366.8,5116.0,20.28,40.51,7134.6,5027.1,19.38,40.68,6372.53,1503.98,18.32,6804.33,1117.08,19.12,7034.02,783.78,19.41,6947.18,561.3,19.21,-0.4367,-0.4461,-0.2473,0.0455,0.0361,1.3268,4134.9,4176.4,4167.7,3869.7,15.98,31.24,0,HOLD_NEUTRAL
2021-10-22,3016.5,4134.9,31.04,14.84,150.24,284.48,89.75,675.31,3903.9,6.9667,77.01,49.62,10.99,378.7,9.66,4,4,0,0,4,10,4,-0.9351,0.3545,4080.3,3075.2,14.79,29.86,4266.5,3239.0,15.29,31.23,7333.4,5171.5,20.04,41.44,7242.9,5172.3,19.17,41.33,7348.6,5203.5,20.4,40.81,7118.8,5017.2,19.36,39.27,5928.53,1655.36,17.7,6574.78,1310.15,18.72,6934.56,945.33,19.26,6906.12,667.34,19.16,-0.4291,-0.4373,-0.2259,0.0455,0.0363,1.3708,4171.5,4185.8,4106.3,3909.2,15.5,31.46,0,HOLD_NEUTRAL
2021-10-25,3213.2,4171.5,31.13,15.85,145.3,289.2,86.33,674.3,3888.1,6.9822,77.06,49.51,10.8,378.8,9.54,4,4,0,0,0,10,4,-0.9155,0.4022,4134.9,3016.5,14.84,31.04,4080.3,3075.2,14.79,29.86,4266.5,3239.0,15.29,31.23,7180.9,5080.9,19.29,40.79,7335.6,5203.8,19.82,40.81,7127.3,5013.4,20.15,40.78,5498.61,1666.64,17.21,6348.77,1435.7,18.44,6836.03,1070.32,19.11,6862.32,754.95,19.1,-0.4191,-0.4313,-0.1783,0.0425,0.0348,1.2982,4170.3,4110.7,4212.8,3861.9,15.43,30.48,0,HOLD_NEUTRAL
2021-10-26,3158.5,4170.3,30.8,15.83,147.37,285.27,91.37,711.92,3848.7,6.9894,77.06,48.11,11.0,378.8,9.26,6,4,0,0,1,10,4,-0.9085,0.4179,4171.5,3213.2,15.85,31.13,4134.9,3016.5,14.84,31.04,4080.3,3075.2,14.79,29.86,7278.3,5115.6,19.98,39.97,7239.6,5010.4,19.67,40.23,7222.2,5077.8,20.04,40.71,5054.61,1521.15,16.62,6129.54,1521.02,18.16,6734.3,1172.51,18.97,6819.27,831.08,19.05,-0.427,-0.424,-0.2077,0.045,0.0353,1.3203,4202.1,4176.4,4089.7,4017.0,15.31,30.9,0,HOLD_NEUTRAL
2021-10-27,3150.4,4202.1,30.45,16.04,148.23,283.25,90.5,689.95,3851.1,6.9825,76.86,48.98,11.31,378.9,8.89,5,5,0,0,2,10,4,-0.9012,0.4335,4170.3,3158.5,15.83,30.8,4171.5,3213.2,15.85,31.13,4134.9,3016.5,14.84,31.04,7225.4,5055.6,19.67,41.22,7153.7,5098.3,19.75,39.78,7508.7,5148.3,19.64,41.61,4622.71,1196.67,16.1,5918.71,1571.85,17.9,6624.08,1250.06,18.85,6775.71,897.14,19.01,-0.4184,-0.4126,-0.1845,0.043,0.0353,1.3338,4246.3,4126.9,4183.7,3886.1,14.27,31.46,0,HOLD_NEUTRAL
2021-10-28,3240.5,4246.3,31.45,15.68,149.31,294.73,90.23,687.94,3816.2,6.9374,77.17,48.45,11.6,378.9,9.55,5,4,0,0,3,10,4,-0.8936,0.4489,4202.1,3150.4,16.04,30.45,4170.3,3158.5,15.83,30.8,4171.5,3213.2,15.85,31.13,7333.4,5171.5,20.04,41.44,7142.3,5094.9,20.21,40.31,7358.9,5210.0,19.76,40.44,4181.7,63.88,15.47,5711.85,1588.9,17.58,6520.33,1314.48,18.72,6732.19,954.59,18.96,-0.421,-0.4055,-0.2176,0.0439,0.0352,1.3104,4131.4,4293.3,4153.9,3888.4,16.15,31.48,0,HOLD_NEUTRAL
2021-10-29,3200.3,4131.4,31.2,15.28,148.68,283.54,91.67,706.51,3858.2,6.9855,77.01,48.85,11.09,378.9,9.46,5,5,0,0,4,10,4,-0.8857,0.4642,4246.3,3240.5,15.68,31.45,4202.1,3150.4,16.04,30.45,4170.3,3158.5,15.83,30.8,4266.5,3239.0,15.29,31.23,7189.9,5066.0,19.93,40.76,7360.7,5148.6,20.12,40.96,4162.4,53.57,15.47,5493.39,1580.29,17.24,6412.69,1374.15,18.56,6686.62,1011.67,18.89,-0.0317,-0.4254,-0.0007,0.0462,0.036,1.2909,4176.4,4012.3,4020.0,3779.2,15.48,29.99,0,HOLD_NEUTRAL
2021-11-01,3012.8,4176.4,31.24,15.98,147.71,292.06,93.27,709.0,3918.5,6.9656,77.32,49.34,11.64,379.0,9.31,4,5,0,0,0,11,4,-0.8606,0.5093,4131.4,3200.3,15.28,31.2,4246.3,3240.5,15.68,31.45,4202.1,3150.4,16.04,30.45,4080.3,3075.2,14.79,29.86,7243.2,5178.3,19.65,40.67,7240.1,5033.2,19.76,40.28,4176.13,39.49,15.64,5274.33,1530.86,16.98,6310.56,1423.5,18.43,6642.37,1062.04,18.84,0.0236,-0.4234,0.0805,0.0444,0.0354,1.3862,4185.8,4167.7,3936.0,3844.5,15.51,30.98,0,HOLD_NEUTRAL
2021-11-02,3180.6,4185.8,31.46,15.5,143.79,288.4,92.22,706.33,3938.2,6.9596,77.07,49.92,11.35,379.1,9.6,4,4,0,0,1,11,4,-0.8517,0.524,4176.4,3012.8,15.98,31.24,4131.4,3200.3,15.28,31.2,4246.3,3240.5,15.68,31.45,4134.9,3016.5,14.84,31.04,7242.9,5172.3,19.17,41.33,7242.7,5153.0,19.57,41.46,4183.4,35.07,15.74,5055.96,1444.03,16.72,6208.67,1463.33,18.3,6599.39,1108.19,18.77,0.0123,-0.4221,0.0445,0.0456,0.0344,1.316,4110.7,4106.3,3942.0,3773.4,15.32,30.47,0,HOLD_NEUTRAL
2021-11-03,3039.5,4110.7,30.48,15.43,142.85,300.68,87.21,698.23,3917.0,6.9782,76.89,49.15,10.91,379.1,9.55,6,4,0,0,2,11,4,-0.8426,0.5386,4185.8,3180.6,15.5,31.46,4176.4,3012.8,15.98,31.24,4131.4,3200.3,15.28,31.2,4171.5,3213.2,15.85,31.13,7180.9,5080.9,19.29,40.79,7103.9,4972.4,19.22,39.66,4174.71,44.71,15.68,4836.66,1324.7,16.44,6108.89,1501.72,18.17,6552.46,1152.83,18.71,-0.0146,-0.4276,-0.0265,0.0453,0.0348,1.3524,4176.4,4212.8,3981.0,3840.6,15.63,31.81,0,HOLD_NEUTRAL
2021-11-04,3177.9,4176.4,30.9,15.31,145.62,310.75,88.35,677.79,3913.6,6.9486,76.72,48.89,11.23,379.1,9.41,4,4,0,0,3,11,4,-0.8332,0.553,4110.7,3039.5,15.43,30.48,4185.8,3180.6,15.5,31.46,4176.4,3012.8,15.98,31.24,4170.3,3158.5,15.83,30.8,7278.3,5115.6,19.98,39.97,7225.1,5087.1,19.51,39.6,4175.59,44.67,15.6,4615.1,1130.0,16.11,6007.27,1526.53,18.03,6507.19,1191.91,18.65,0.0015,-0.4262,-0.0328,0.0443,0.0349,1.3142,4126.9,4089.7,3894.0,3899.3,15.21,31.52,0,HOLD_NEUTRAL
2021-11-05,3127.6,4126.9,31.46,14.27,147.42,288.17,89.65,685.32,3890.9,6.9436,76.65,48.54,11.36,379.2,9.38,5,3,0,0,4,11,4,-0.8235,0.5672,4176.4,3177.9,15.31,30.9,4110.7,3039.5,15.43,30.48,4185.8,3180.6,15.5,31.46,4202.1,3150.4,16.04,30.45,7225.4,5055.6,19.67,41.22,7219.9,5174.1,19.36,40.71,4164.84,46.24,15.35,4393.78,847.56,15.72,5904.17,1546.13,17.86,6463.69,1230.39,18.58,-0.0179,-0.4288,-0.1103,0.048,0.0357,1.3195,4293.3,4183.7,3948.5,3889.1,15.58,30.18,0,HOLD_NEUTRAL
2021-11-08,3259.5,4293.3,31.48,16.15,143.35,286.11,91.2,692.38,3925.9,6.8999,77.46,48.82,10.71,379.3,9.37,4,4,0,0,0,11,4,-0.7932,0.609,4126.9,3127.6,14.27,31.46,4176.4,3177.9,15.31,30.9,4110.7,3039.5,15.43,30.48,4246.3,3240.5,15.68,31.45,7333.4,5171.5,20.04,41.44,7070.7,4934.8,19.85,40.41,4171.56,61.08,15.42,4176.63,60.27,15.45,5811.59,1556.99,17.74,6421.6,1260.86,18.53,0.0111,-0.4146,0.03,0.0429,0.0334,1.3172,4012.3,4153.9,4042.3,3826.5,14.81,31.57,0,HOLD_NEUTRAL
2021-11-09,3022.9,4012.3,29.99,15.48,147.35,299.77,92.21,715.95,3909.9,7.031,77.03,49.45,11.33,379.3,9.49,5,4,0,0,1,11,4,-0.7826,0.6225,4293.3,3259.5,16.15,31.48,4126.9,3127.6,14.27,31.46,4176.4,3177.9,15.31,30.9,4131.4,3200.3,15.28,31.2,4266.5,3239.0,15.29,31.23,7145.5,4976.5,19.35,39.85,4154.54,85.74,15.45,4158.47,68.8,15.46,5707.15,1569.46,17.61,6376.4,1297.89,18.48,-0.0288,-0.0596,0.0131,0.0462,0.0367,1.3273,4167.7,4020.0,3945.8,3684.5,15.32,30.25,0,HOLD_NEUTRAL
2021-11-10,3053.6,4167.7,30.98,15.51,148.46,301.51,90.1,690.48,3964.2,6.9954,77.23,48.67,11.44,379.3,9.18,5,5,0,0,2,11,4,-0.7718,0.6359,4012.3,3022.9,15.48,29.99,4293.3,3259.5,16.15,31.48,4126.9,3127.6,14.27,31.46,4176.4,3012.8,15.98,31.24,4080.3,3075.2,14.79,29.86,7168.9,5081.5,19.42,39.9,4153.3,85.43,15.38,4164.71,65.03,15.51,5607.11,1568.72,17.48,6331.64,1327.14,18.42,-0.0021,0.0214,-0.0294,0.0445,0.0356,1.3648,4106.3,3936.0,3857.1,3947.1,15.24,31.57,-1,WAIT
2021-11-11,3085.5,4106.3,30.47,15.32,140.76,303.73,91.86,696.88,3898.8,6.9755,77.6,48.2,11.28,379.3,9.44,4,4,0,0,3,11,4,-0.7607,0.6491,4167.7,3053.6,15.51,30.98,4012.3,3022.9,15.48,29.99,4293.3,3259.5,16.15,31.48,4185.8,3180.6,15.5,31.46,4134.9,3016.5,14.84,31.04,7279.9,5196.6,19.22,40.25,4141.94,85.67,15.35,4162.67,66.47,15.54,5501.32,1559.0,17.35,6287.24,1356.46,18.37,-0.019,-0.0069,-0.0116,0.0455,0.0343,1.3308,4212.8,3942.0,3935.2,3781.8,15.25,31.02,-1,WAIT
2021-11-12,3196.5,4212.8,31.81,15.63,140.89,299.43,90.29,709.85,3950.4,6.9592,77.02,47.79,11.19,379.4,9.16,4,4,0,0,4,11,4,-0.7494,0.6621,4106.3,3085.5,15.32,30.47,4167.7,3053.6,15.51,30.98,4012.3,3022.9,15.48,29.99,4110.7,3039.5,15.43,30.48,4171.5,3213.2,15.85,31.13,7366.8,5116.0,20.28,40.51,4156.53,88.12,15.38,4165.62,67.79,15.53,5396.19,1535.03,17.19,6241.81,1379.72,18.3,0.0248,0.0099,0.013,0.0454,0.0334,1.3179,4089.7,3981.0,3869.7,3678.7,15.17,29.76,-1,WAIT
2021-11-15,3148.2,4089.7,31.52,15.21,142.75,303.35,90.93,715.35,3937.4,6.8936,77.03,48.96,11.18,379.5,9.61,5,4,0,0,0,11,4,-0.7143,0.6998,4212.8,3196.5,15.63,31.81,4106.3,3085.5,15.32,30.47,4167.7,3053.6,15.51,30.98,4176.4,3177.9,15.31,30.9,4170.3,3158.5,15.83,30.8,7348.6,5203.5,20.4,40.81,4144.14,90.91,15.37,4159.86,70.72,15.48,5287.56,1507.16,17.02,6195.58,1404.78,18.24,-0.0208,-0.0193,-0.0065,0.047,0.0349,1.2991,4183.7,3894.0,3909.2,3587.9,15.03,30.39,-1,WAIT
2021-11-16,3099.0,4183.7,30.18,15.58,144.06,308.3,89.62,682.23,3933.7,6.9582,77.16,48.81,11.17,379.5,9.44,4,5,0,0,1,11,4,-0.7021,0.712,4089.7,3148.2,15.21,31.52,4212.8,3196.5,15.63,31.81,4106.3,3085.5,15.32,30.47,4126.9,3127.6,14.27,31.46,4202.1,3150.4,16.04,30.45,7335.6,5203.8,19.82,40.81,4152.26,91.65,15.55,4158.55,70.05,15.45,5182.5,1468.84,16.88,6149.62,1424.93,18.19,0.0138,-0.0044,0.0918,0.0438,0.0344,1.35,4153.9,3948.5,3861.9,3592.5,14.82,31.0,-1,WAIT
2021-11-17,3189.8,4153.9,31.57,14.81,141.27,314.04,90.62,673.81,3838.7,7.0018,77.2,48.31,10.98,379.5,9.2,4,5,0,0,2,11,4,-0.6898,0.724,4183.7,3099.0,15.58,30.18,4089.7,3148.2,15.21,31.52,4212.8,3196.5,15.63,31.81,4293.3,3259.5,16.15,31.48,4246.3,3240.5,15.68,31.45,7239.6,5010.4,19.67,40.23,4132.34,67.99,15.36,4151.95,65.34,15.39,5079.64,1427.27,16.72,6104.49,1444.74,18.12,-0.0325,-0.0218,-0.083,0.0455,0.034,1.3022,4020.0,4042.3,4017.0,3548.6,15.5,31.02,0,HOLD_NEUTRAL
2021-11-18,3020.4,4020.0,30.25,15.32,147.16,292.26,89.97,703.91,3942.8,7.0088,77.68,49.22,11.08,379.6,9.35,4,5,0,0,3,11,4,-0.6772,0.7358,4153.9,3189.8,14.81,31.57,4183.7,3099.0,15.58,30.18,4089.7,3148.2,15.21,31.52,4012.3,3022.9,15.48,29.99,4131.4,3200.3,15.28,31.2,7153.7,5098.3,19.75,39.78,4133.44,65.75,15.34,4143.99,74.21,15.39,4975.18,1384.27,16.57,6054.64,1464.4,18.05,0.0019,-0.027,-0.0103,0.0459,0.0366,1.3309,3936.0,3945.8,3886.1,3681.8,15.4,30.71,0,HOLD_NEUTRAL
2021-11-19,3017.2,3936.0,31.57,15.24,144.06,304.85,90.78,689.05,3907.0,7.0,77.6,48.42,11.14,379.6,9.16,5,4,0,0,4,11,4,-0.6645,0.7473,4020.0,3020.4,15.32,30.25,4153.9,3189.8,14.81,31.57,4183.7,3099.0,15.58,30.18,4167.7,3053.6,15.51,30.98,4176.4,3012.8,15.98,31.24,7142.3,5094.9,20.21,40.31,4100.34,96.67,15.3,4126.82,91.85,15.34,4868.31,1334.04,16.4,6005.04,1485.13,17.99,-0.0556,-0.0576,-0.0174,0.0452,0.0366,1.3045,3942.0,3857.1,3888.4,3634.9,14.43,31.64,0,HOLD_NEUTRAL
2021-11-22,2977.4,3942.0,31.02,15.25,142.46,311.3,94.8,734.16,3899.3,6.9862,77.39,48.57,11.25,379.7,9.62,5,3,0,0,0,11,4,-0.625,0.7806,3936.0,3017.2,15.24,31.57,4020.0,3020.4,15.32,30.25,4153.9,3189.8,14.81,31.57,4106.3,3085.5,15.32,30.47,4185.8,3180.6,15.5,31.46,7189.9,5066.0,19.93,40.76,4076.87,113.47,15.29,4109.41,102.33,15.32,4760.04,1269.36,16.25,5954.85,1503.3,17.93,-0.04,-0.0582,-0.0046,0.0481,0.0361,1.324,3981.0,3935.2,3779.2,3500.7,15.33,30.29,0,HOLD_NEUTRAL
2021-11-23,3037.0,3981.0,29.76,15.17,137.62,303.5,91.32,677.37,3864.1,7.0207,77.6,48.63,11.12,379.7,9.64,6,4,0,0,1,11,4,-0.6115,0.7912,3942.0,2977.4,15.25,31.02,3936.0,3017.2,15.24,31.57,4020.0,3020.4,15.32,30.25,4212.8,3196.5,15.63,31.81,4110.7,3039.5,15.43,30.48,7243.2,5178.3,19.65,40.67,4043.76,100.25,15.23,4100.14,107.92,15.3,4651.3,1186.32,16.1,5908.15,1520.56,17.87,-0.055,-0.0316,-0.0294,0.0447,0.0346,1.3108,3894.0,3869.7,3844.5,3560.7,15.0,30.82,0,HOLD_NEUTRAL
2021-11-24,3016.7,3894.0,30.39,15.03,137.88,324.06,97.9,756.41,3917.0,6.972,77.2,48.44,11.05,379.8,9.45,4,5,0,0,2,11,4,-0.5978,0.8016,3981.0,3037.0,15.17,29.76,3942.0,2977.4,15.25,31.02,3936.0,3017.2,15.24,31.57,4089.7,3148.2,15.21,31.52,4176.4,3177.9,15.31,30.9,7242.9,5172.3,19.17,41.33,4015.8,111.91,15.2,4079.97,118.45,15.28,4539.67,1087.49,15.96,5857.83,1536.61,17.8,-0.0479,-0.0676,-0.0118,0.0503,0.0354,1.2908,3948.5,3909.2,3773.4,3709.6,15.32,32.07,0,HOLD_NEUTRAL
2021-11-25,2945.7,3948.5,31.0,14.82,142.87,307.0,94.17,705.84,3919.5,7.0146,77.33,48.76,11.38,379.8,9.62,6,5,0,0,3,11,4,-0.584,0.8118,3894.0,3016.7,15.03,30.39,3981.0,3037.0,15.17,29.76,3942.0,2977.4,15.25,31.02,4183.7,3099.0,15.58,30.18,4126.9,3127.6,14.27,31.46,7180.9,5080.9,19.29,40.79,3982.2,85.22,15.09,4067.23,122.54,15.32,4431.93,970.63,15.81,5811.23,1551.59,17.74,-0.0562,-0.0432,-0.0488,0.0476,0.0362,1.3404,4042.3,3861.9,3840.6,3684.6,14.7,30.92,0,HOLD_NEUTRAL
2021-11-26,3033.1,4042.3,31.02,15.5,135.02,312.15,93.74,726.22,3873.9,6.9707,77.18,49.26,11.31,379.8,9.34,4,3,0,0,4,11,4,-0.5699,0.8217,3948.5,2945.7,14.82,31.0,3894.0,3016.7,15.03,30.39,3981.0,3037.0,15.17,29.76,4153.9,3189.8,14.81,31.57,4293.3,3259.5,16.15,31.48,7278.3,5115.6,19.98,39.97,3966.26,51.52,15.19,4049.3,103.85,15.28,4324.06,809.91,15.66,5763.99,1561.71,17.67,-0.0269,-0.0585,0.0466,0.0469,0.0334,1.3327,3945.8,4017.0,3899.3,3637.6,15.29,30.53,0,HOLD_NEUTRAL
2021-11-29,3014.6,3945.8,30.71,15.4,144.71,318.71,92.24,707.41,3871.4,6.9565,76.96,47.99,11.13,379.9,9.45,5,4,0,0,0,11,4,-0.5268,0.85,4042.3,3033.1,15.5,31.02,3948.5,2945.7,14.82,31.0,3894.0,3016.7,15.03,30.39,4020.0,3020.4,15.32,30.25,4012.3,3022.9,15.48,29.99,7225.4,5055.6,19.67,41.22,3955.66,45.96,15.2,4044.55,107.14,15.27,4214.74,598.54,15.52,5713.3,1570.67,17.61,-0.0185,-0.0166,0.0052,0.0459,0.0367,1.3089,3857.1,3886.1,3889.1,3624.9,15.36,30.82,0,HOLD_NEUTRAL
2021-11-30,3068.6,3857.1,31.64,14.43,140.84,310.79,95.17,715.73,3941.1,6.953,77.59,48.89,11.34,380.0,9.54,4,4,0,0,1,11,4,-0.5121,0.859,3945.8,3014.6,15.4,30.71,4042.3,3033.1,15.5,31.02,3948.5,2945.7,14.82,31.0,3936.0,3017.2,15.24,31.57,4167.7,3053.6,15.51,30.98,7333.4,5171.5,20.04,41.44,3944.39,59.32,15.09,4022.36,111.74,15.19,4098.86,115.72,15.33,5661.26,1579.71,17.52,-0.02,-0.0745,-0.0531,0.0496,0.0365,1.257,3935.2,3888.4,3826.5,3547.4,15.31,30.24,0,HOLD_NEUTRAL
2021-12-01,2955.3,3935.2,30.29,15.33,151.6,302.07,93.0,707.52,3955.7,6.9514,77.43,48.71,11.15,380.0,9.29,4,4,0,0,2,12,4,-0.4972,0.8676,3857.1,3068.6,14.43,31.64,3945.8,3014.6,15.4,30.71,4042.3,3033.1,15.5,31.02,3942.0,2977.4,15.25,31.02,4106.3,3085.5,15.32,30.47,4266.5,3239.0,15.29,31.23,3943.41,59.42,15.1,4010.14,111.21,15.19,4087.82,114.98,15.33,5611.83,1586.64,17.45,-0.0017,-0.0417,0.0052,0.0462,0.0385,1.3316,3869.7,3779.2,3684.5,3247.9,15.04,31.62,0,HOLD_NEUTRAL
2021-12-02,3058.6,3869.7,30.82,15.0,148.49,313.4,94.38,730.04,3933.0,7.0034,77.3,48.7,11.26,380.0,9.3,4,3,0,0,3,12,4,-0.4822,0.8761,3935.2,2955.3,15.33,30.29,3857.1,3068.6,14.43,31.64,3945.8,3014.6,15.4,30.71,3981.0,3037.0,15.17,29.76,4212.8,3196.5,15.63,31.81,4080.3,3075.2,14.79,29.86,3927.51,62.49,15.07,3985.64,100.39,15.15,4080.8,121.69,15.34,5557.41,1589.52,17.37,-0.028,-0.0814,-0.0112,0.0487,0.0384,1.2652,3909.2,3844.5,3947.1,3409.7,15.0,29.97,0,HOLD_NEUTRAL
2021-12-03,3082.1,3909.2,32.07,15.32,140.4,325.02,98.9,753.77,3967.8,6.9615,77.31,49.09,11.44,380.1,9.47,5,4,0,0,4,12,4,-0.4671,0.8842,3869.7,3058.6,15.0,30.82,3935.2,2955.3,15.33,30.29,3857.1,3068.6,14.43,31.64,3894.0,3016.7,15.03,30.39,4089.7,3148.2,15.21,31.52,4134.9,3016.5,14.84,31.04,3929.69,61.39,15.11,3972.74,97.55,15.16,4073.28,125.16,15.36,5503.92,1590.09,17.31,0.0039,-0.0441,0.0193,0.0492,0.0359,1.2684,3861.9,3773.4,3781.8,3373.8,15.25,32.48,0,HOLD_NEUTRAL
2021-12-06,2946.8,3861.9,30.92,14.7,140.27,316.85,94.49,729.56,3927.9,6.9535,76.95,48.63,11.13,380.2,9.41,5,4,0,0,0,12,4,-0.4208,0.9071,3909.2,3082.1,15.32,32.07,3869.7,3058.6,15.0,30.82,3935.2,2955.3,15.33,30.29,3948.5,2945.7,14.82,31.0,4183.7,3099.0,15.58,30.18,4171.5,3213.2,15.85,31.13,3917.31,65.55,15.1,3949.76,80.43,15.09,4062.96,129.47,15.32,5449.5,1589.46,17.22,-0.0219,-0.0769,-0.0081,0.0496,0.0363,1.3105,4017.0,3840.6,3678.7,3314.4,15.34,31.72,0,HOLD_NEUTRAL
2021-12-07,3036.0,4017.0,30.53,15.29,143.67,313.72,96.86,762.36,3930.2,7.0061,77.09,48.87,11.02,380.2,9.12,5,4,0,0,1,12,4,-0.4052,0.9142,3861.9,2946.8,14.7,30.92,3909.2,3082.1,15.32,32.07,3869.7,3058.6,15.0,30.82,4042.3,3033.1,15.5,31.02,4153.9,3189.8,14.81,31.57,4170.3,3158.5,15.83,30.8,3913.7,57.74,15.07,3939.98,59.23,15.13,4057.85,128.1,15.3,5396.08,1582.72,17.14,-0.0063,-0.033,-0.0135,0.0499,0.0358,1.3231,3886.1,3899.3,3587.9,3285.0,15.24,30.42,0,HOLD_NEUTRAL
2021-12-08,2932.5,3886.1,30.82,15.36,145.81,327.7,93.65,698.05,3901.2,6.9947,77.42,49.0,11.23,380.2,8.83,4,4,0,0,2,12,4,-0.3894,0.9211,4017.0,3036.0,15.29,30.53,3861.9,2946.8,14.7,30.92,3909.2,3082.1,15.32,32.07,3945.8,3014.6,15.4,30.71,4020.0,3020.4,15.32,30.25,4202.1,3150.4,16.04,30.45,3905.17,56.61,15.06,3930.41,56.04,15.13,4047.31,128.82,15.28,5335.7,1569.81,17.07,-0.0151,-0.0333,-0.0026,0.0454,0.0375,1.3252,3888.4,3889.1,3592.5,3191.4,15.65,30.95,0,HOLD_NEUTRAL
2021-12-09,2965.1,3888.4,30.24,15.31,135.0,318.97,94.98,745.26,3879.8,7.014,77.22,48.32,10.98,380.3,9.23,4,4,0,0,3,12,4,-0.3735,0.9276,3886.1,2932.5,15.36,30.82,4017.0,3036.0,15.29,30.53,3861.9,2946.8,14.7,30.92,3857.1,3068.6,14.43,31.64,3936.0,3017.2,15.24,31.57,4246.3,3240.5,15.68,31.45,3909.64,53.32,15.19,3927.01,57.11,15.14,4035.38,126.31,15.26,5277.86,1557.89,16.99,0.0081,-0.0121,0.061,0.0487,0.0347,1.3114,3779.2,3826.5,3548.6,3374.4,15.67,31.51,0,HOLD_NEUTRAL
2021-12-10,2828.3,3779.2,31.62,15.04,134.4,318.32,98.35,750.06,4000.5,7.0007,77.3,48.77,11.2,380.3,8.84,4,4,0,0,4,12,4,-0.3575,0.9339,3888.4,2965.1,15.31,30.24,3886.1,2932.5,15.36,30.82,4017.0,3036.0,15.29,30.53,3935.2,2955.3,15.33,30.29,3942.0,2977.4,15.25,31.02,4131.4,3200.3,15.28,31.2,3887.36,70.65,15.15,3915.39,69.13,15.12,4023.64,133.25,15.26,5218.16,1545.3,16.91,-0.0396,-0.0413,-0.0189,0.0499,0.0356,1.3362,3844.5,3684.5,3681.8,3360.9,15.04,30.67,0,HOLD_NEUTRAL
2021-12-13,2936.6,3844.5,29.97,15.0,137.76,325.34,94.41,711.23,3978.6,6.9634,77.35,48.46,11.21,380.4,9.06,5,4,0,0,0,12,4,-0.3088,0.9511,3779.2,2828.3,15.04,31.62,3888.4,2965.1,15.31,30.24,3886.1,2932.5,15.36,30.82,3869.7,3058.6,15.0,30.82,3981.0,3037.0,15.17,29.76,4176.4,3012.8,15.98,31.24,3883.76,72.32,15.15,3905.64,68.79,15.11,4012.58,133.91,15.22,5161.57,1532.11,16.83,-0.0065,-0.0343,0.0,0.0474,0.0358,1.3092,3773.4,3947.1,3634.9,3396.2,15.25,31.18,0,HOLD_NEUTRAL
2021-12-14,2969.8,3773.4,32.48,15.25,141.49,330.69,98.93,736.77,3891.4,6.9885,77.21,48.53,10.77,380.4,9.08,5,4,0,0,1,12,4,-0.2924,0.9563,3844.5,2936.6,15.0,29.97,3779.2,2828.3,15.04,31.62,3888.4,2965.1,15.31,30.24,3909.2,3082.1,15.32,32.07,3894.0,3016.7,15.03,30.39,4185.8,3180.6,15.5,31.46,3864.36,81.93,15.14,3897.02,77.37,15.12,3998.83,136.65,15.22,5103.75,1517.64,16.76,-0.0347,-0.031,-0.0046,0.0483,0.0375,1.2706,3840.6,3781.8,3500.7,3472.4,15.19,31.15,0,HOLD_NEUTRAL
2021-12-15,2907.4,3840.6,31.72,15.34,141.09,343.47,97.07,737.79,3946.8,6.9902,77.15,48.42,11.37,380.5,9.14,4,3,0,0,2,12,4,-0.2759,0.9612,3773.4,2969.8,15.25,32.48,3844.5,2936.6,15.0,29.97,3779.2,2828.3,15.04,31.62,3861.9,2946.8,14.7,30.92,3948.5,2945.7,14.82,31.0,4110.7,3039.5,15.43,30.48,3861.31,82.43,15.23,3889.31,77.22,15.16,3989.83,137.92,15.21,5049.36,1503.15,16.69,-0.0055,-0.0273,0.0435,0.0481,0.0367,1.321,3899.3,3678.7,3560.7,3509.5,15.08,30.21,-1,WAIT
2021-12-16,2963.5,3899.3,30.42,15.24,142.8,332.5,94.91,736.43,3939.0,6.9591,76.99,48.86,11.23,380.5,9.41,5,4,0,0,3,12,4,-0.2593,0.9658,3840.6,2907.4,15.34,31.72,3773.4,2969.8,15.25,32.48,3844.5,2936.6,15.0,29.97,4017.0,3036.0,15.29,30.53,4042.3,3033.1,15.5,31.02,4176.4,3177.9,15.31,30.9,3844.5,51.63,15.22,3879.1,63.71,15.14,3980.59,134.22,15.21,4993.93,1482.74,16.62,-0.0293,-0.0354,-0.0033,0.0483,0.0366,1.3158,3889.1,3587.9,3709.6,3451.1,15.27,29.88,-1,WAIT
2021-12-17,2884.0,3889.1,30.95,15.65,135.42,335.68,97.18,739.32,3934.0,6.9537,77.37,48.65,11.51,380.5,9.45,6,3,0,0,4,12,4,-0.2427,0.9701,3899.3,2963.5,15.24,30.42,3840.6,2907.4,15.34,31.72,3773.4,2969.8,15.25,32.48,3886.1,2932.5,15.36,30.82,3945.8,3014.6,15.4,30.71,4126.9,3127.6,14.27,31.46,3844.93,52.05,15.26,3875.05,60.88,15.16,3972.67,132.29,15.26,4938.42,1460.17,16.56,0.0008,-0.0144,0.0189,0.0472,0.0348,1.3485,3826.5,3592.5,3684.6,3379.5,15.18,29.84,-1,WAIT
2021-12-20,2947.7,3826.5,31.51,15.67,131.47,325.27,98.17,765.71,3932.7,6.9671,77.58,48.82,11.32,380.6,9.34,4,4,0,0,0,12,4,-0.1923,0.9813,3889.1,2884.0,15.65,30.95,3899.3,2963.5,15.24,30.42,3840.6,2907.4,15.34,31.72,3888.4,2965.1,15.31,30.24,3857.1,3068.6,14.43,31.64,4293.3,3259.5,16.15,31.48,3836.09,48.57,15.31,3872.86,62.11,15.25,3957.11,120.18,15.24,4884.35,1439.79,16.49,-0.0159,-0.0079,0.0235,0.0489,0.0344,1.2981,3684.5,3548.6,3637.6,3394.6,14.26,30.17,-1,WAIT
2021-12-21,2851.3,3684.5,30.67,15.04,141.51,322.06,97.67,726.72,3961.6,7.0489,77.02,48.59,11.43,380.7,9.36,4,5,0,0,1,12,4,-0.1754,0.9845,3826.5,2947.7,15.67,31.51,3889.1,2884.0,15.65,30.95,3899.3,2963.5,15.24,30.42,3779.2,2828.3,15.04,31.62,3935.2,2955.3,15.33,30.29,4012.3,3022.9,15.48,29.99,3822.56,73.73,15.31,3854.96,77.09,15.23,3946.18,129.52,15.23,4826.66,1416.82,16.42,-0.0251,-0.0637,0.0,0.0483,0.0384,1.2922,3947.1,3681.8,3624.9,3437.5,14.53,30.43,0,HOLD_NEUTRAL
2021-12-22,3009.3,3947.1,31.18,15.25,135.99,330.91,93.85,718.01,3978.0,6.9756,77.43,47.72,11.52,380.7,9.36,5,4,0,0,2,12,4,-0.1585,0.9874,3684.5,2851.3,15.04,30.67,3826.5,2947.7,15.67,31.51,3889.1,2884.0,15.65,30.95,3844.5,2936.6,15.0,29.97,3869.7,3058.6,15.0,30.82,4167.7,3053.6,15.51,30.98,3837.21,87.69,15.35,3860.49,80.91,15.25,3938.83,122.59,15.22,4772.97,1387.29,16.35,0.0267,0.02,0.0167,0.0471,0.0345,1.3116,3781.8,3634.9,3547.4,3486.5,14.74,30.5,-1,WAIT
2021-12-23,2889.5,3781.8,31.15,15.19,132.06,331.94,95.49,714.3,3964.6,7.0252,77.51,48.62,11.26,380.7,8.73,4,4,0,0,3,12,4,-0.1414,0.9899,3947.1,3009.3,15.25,31.18,3684.5,2851.3,15.04,30.67,3826.5,2947.7,15.67,31.51,3773.4,2969.8,15.25,32.48,3909.2,3082.1,15.32,32.07,4106.3,3085.5,15.32,30.47,3838.41,86.73,15.34,3851.39,82.16,15.24,3928.01,121.62,15.21,4714.67,1353.23,16.28,0.0022,-0.0326,-0.0039,0.047,0.0349,1.3088,3678.7,3500.7,3247.9,3536.7,15.16,30.46,-1,WAIT
2021-12-24,2819.7,3678.7,30.21,15.08,138.86,323.74,96.48,740.41,3947.4,6.9744,77.2,48.64,11.29,380.8,9.22,5,5,0,0,4,12,4,-0.1244,0.9922,3781.8,2889.5,15.19,31.15,3947.1,3009.3,15.25,31.18,3684.5,2851.3,15.04,30.67,3840.6,2907.4,15.34,31.72,3861.9,2946.8,14.7,30.92,4212.8,3196.5,15.63,31.81,3815.29,105.59,15.3,3838.3,94.08,15.26,3910.21,117.51,15.19,4653.2,1313.91,16.19,-0.0422,-0.0474,-0.0169,0.0491,0.0377,1.3046,3587.9,3560.7,3409.7,3663.3,14.42,28.9,0,HOLD_NEUTRAL
2021-12-27,2801.3,3587.9,29.88,15.27,140.56,332.59,97.17,751.37,3949.6,7.0157,77.83,48.74,10.98,380.9,8.85,4,2,0,0,0,12,4,-0.073,0.9973,3678.7,2819.7,15.08,30.21,3781.8,2889.5,15.19,31.15,3947.1,3009.3,15.25,31.18,3899.3,2963.5,15.24,30.42,4017.0,3036.0,15.29,30.53,4089.7,3148.2,15.21,31.52,3770.8,127.59,15.31,3807.65,101.03,15.26,3893.48,126.46,15.2,4590.52,1272.19,16.11,-0.0799,-0.1068,0.002,0.0492,0.0392,1.2808,3592.5,3709.6,3373.8,3681.1,15.2,30.69,0,HOLD_NEUTRAL
2021-12-28,2777.8,3592.5,29.84,15.18,137.51,337.59,98.54,745.04,3989.1,7.0164,77.38,48.29,11.54,380.9,9.31,6,4,0,0,1,12,4,-0.0559,0.9984,3587.9,2801.3,15.27,29.88,3678.7,2819.7,15.08,30.21,3781.8,2889.5,15.19,31.15,3889.1,2884.0,15.65,30.95,3886.1,2932.5,15.36,30.82,4183.7,3099.0,15.58,30.18,3728.43,130.97,15.24,3786.68,113.23,15.25,3873.77,125.73,15.18,4528.13,1226.24,16.03,-0.0763,-0.0756,-0.03,0.0491,0.0383,1.2933,3548.6,3684.6,3314.4,3586.4,15.27,30.75,0,HOLD_NEUTRAL
2021-12-29,2766.9,3548.6,30.17,14.26,136.31,337.99,97.87,714.27,3973.6,7.0181,77.46,47.96,11.27,380.9,8.79,5,3,0,0,2,12,4,-0.0387,0.9993,3592.5,2777.8,15.18,29.84,3587.9,2801.3,15.27,29.88,3678.7,2819.7,15.08,30.21,3826.5,2947.7,15.67,31.51,3888.4,2965.1,15.31,30.24,4153.9,3189.8,14.81,31.57,3688.73,138.2,15.04,3762.41,125.5,15.18,3853.6,127.78,15.16,4466.62,1179.61,15.94,-0.0726,-0.0874,-0.09,0.0501,0.0384,1.2825,3681.8,3637.6,3285.0,3341.6,15.49,31.57,0,HOLD_NEUTRAL
2021-12-30,2847.1,3681.8,30.43,14.53,137.14,339.76,95.27,730.24,3961.1,7.0014,77.45,48.96,11.1,381.0,9.17,4,4,0,0,3,12,4,-0.0215,0.9998,3548.6,2766.9,14.26,30.17,3592.5,2777.8,15.18,29.84,3587.9,2801.3,15.27,29.88,3684.5,2851.3,15.04,30.67,3779.2,2828.3,15.04,31.62,4020.0,3020.4,15.32,30.25,3688.34,138.22,14.97,3755.45,127.19,15.14,3842.32,127.51,15.14,4408.75,1129.66,15.85,-0.0007,-0.0258,-0.0339,0.0503,0.0372,1.2932,3634.9,3624.9,3191.4,3554.0,14.9,29.04,0,HOLD_NEUTRAL
2021-12-31,2862.5,3634.9,30.5,14.74,136.34,338.85,98.49,754.95,3958.5,7.0313,77.06,48.47,11.45,381.0,9.31,4,4,0,0,4,12,4,-0.0043,1.0,3681.8,2847.1,14.53,30.43,3548.6,2766.9,14.26,30.17,3592.5,2777.8,15.18,29.84,3947.1,3009.3,15.25,31.18,3844.5,2936.6,15.0,29.97,3936.0,3017.2,15.24,31.57,3643.74,78.11,14.89,3740.48,128.23,15.12,3832.29,131.67,15.12,4350.3,1075.25,15.76,-0.0791,-0.0545,-0.0334,0.0512,0.0375,1.2698,3500.7,3547.4,3374.4,3410.7,14.29,30.87,0,HOLD_NEUTRAL
2022-01-03,2754.3,3500.7,30.46,15.16,132.82,335.11,99.31,760.15,3975.5,7.002,77.77,48.72,10.87,381.1,8.97,4,3,0,0,0,1,1,0.0516,0.9987,3634.9,2862.5,14.74,30.5,3681.8,2847.1,14.53,30.43,3548.6,2766.9,14.26,30.17,3781.8,2889.5,15.19,31.15,3773.4,2969.8,15.25,32.48,3942.0,2977.4,15.25,31.02,3603.59,66.73,14.89,3721.0,142.74,15.11,3817.58,143.14,15.12,4288.81,1013.84,15.68,-0.0743,-0.0723,-0.002,0.0501,0.0379,1.271,3560.7,3247.9,3360.9,3431.4,14.08,29.14,-1,WAIT
2022-01-04,2768.5,3560.7,28.9,14.42,134.72,335.75,99.34,770.36,3948.2,7.0423,77.29,48.48,11.22,381.1,9.38,5,5,0,0,1,1,1,0.0688,0.9976,3500.7,2754.3,15.16,30.46,3634.9,2862.5,14.74,30.5,3681.8,2847.1,14.53,30.43,3678.7,2819.7,15.08,30.21,3840.6,2907.4,15.34,31.72,3981.0,3037.0,15.17,29.76,3586.73,59.06,14.79,3701.01,144.29,15.05,3803.57,147.11,15.09,4227.44,940.8,15.6,-0.0321,-0.0729,-0.0438,0.0534,0.0378,1.2861,3709.6,3409.7,3396.2,3416.0,14.26,29.95,-1,WAIT
2022-01-05,2930.1,3709.6,30.69,15.2,138.55,331.31,100.41,749.91,3994.5,6.9425,77.48,48.63,11.49,381.2,9.29,4,4,0,0,2,1,1,0.0859,0.9963,3560.7,2768.5,14.42,28.9,3500.7,2754.3,15.16,30.46,3634.9,2862.5,14.74,30.5,3587.9,2801.3,15.27,29.88,3899.3,2963.5,15.24,30.42,3894.0,3016.7,15.03,30.39,3604.11,75.17,14.78,3687.46,132.67,15.05,3797.42,147.05,15.1,4168.55,855.57,15.53,0.0339,-0.0486,-0.0046,0.0493,0.0373,1.266,3684.6,3373.8,3472.4,3397.5,14.47,30.68,-1,WAIT
2022-01-06,2859.2,3684.6,30.75,15.27,137.79,354.38,100.09,768.76,3929.2,7.0018,77.69,48.4,11.22,381.2,9.26,4,4,0,0,3,1,1,0.103,0.9947,3709.6,2930.1,15.2,30.69,3560.7,2768.5,14.42,28.9,3500.7,2754.3,15.16,30.46,3592.5,2777.8,15.18,29.84,3889.1,2884.0,15.65,30.95,3948.5,2945.7,14.82,31.0,3617.27,80.66,14.8,3672.85,119.36,15.02,3788.62,145.59,15.11,4110.27,760.73,15.46,0.0256,-0.0526,0.0059,0.0503,0.0374,1.2887,3637.6,3314.4,3509.5,3414.1,14.35,29.49,-1,WAIT
2022-01-07,2873.3,3637.6,31.57,15.49,137.18,341.78,99.54,771.17,3953.6,7.0,77.91,48.12,11.17,381.2,9.32,4,5,0,0,4,1,1,0.1201,0.9928,3684.6,2859.2,15.27,30.75,3709.6,2930.1,15.2,30.69,3560.7,2768.5,14.42,28.9,3548.6,2766.9,14.26,30.17,3826.5,2947.7,15.67,31.51,4042.3,3033.1,15.5,31.02,3629.99,74.84,14.97,3659.36,111.04,15.01,3775.13,139.91,15.11,4049.6,639.25,15.39,0.0251,-0.0494,0.0863,0.0498,0.0377,1.266,3624.9,3285.0,3451.1,3347.9,13.97,29.31,-1,WAIT
2022-01-10,2830.3,3624.9,29.04,14.9,133.08,342.07,98.96,731.6,3992.9,6.9641,77.3,48.91,11.24,381.3,9.1,5,3,0,0,0,1,1,0.1712,0.9852,3637.6,2873.3,15.49,31.57,3684.6,2859.2,15.27,30.75,3709.6,2930.1,15.2,30.69,3681.8,2847.1,14.53,30.43,3684.5,2851.3,15.04,30.67,3945.8,3014.6,15.4,30.71,3621.86,71.28,15.03,3655.1,111.14,15.0,3764.44,138.67,15.1,3989.59,486.92,15.31,-0.0155,-0.0162,0.0255,0.0491,0.0367,1.2807,3547.4,3191.4,3379.5,3438.7,14.97,29.29,-1,WAIT
2022-01-11,2658.2,3547.4,30.87,14.29,135.56,337.48,96.22,738.16,3933.0,7.0098,77.46,48.33,10.92,381.4,9.2,4,3,0,0,1,1,1,0.1881,0.9821,3624.9,2830.3,14.9,29.04,3637.6,2873.3,15.49,31.57,3684.6,2859.2,15.27,30.75,3634.9,2862.5,14.74,30.5,3947.1,3009.3,15.25,31.18,3857.1,3068.6,14.43,31.64,3609.36,76.12,14.96,3626.55,76.21,14.93,3754.11,143.0,15.09,3926.49,216.45,15.21,-0.0241,-0.1013,-0.0305,0.0517,0.0382,1.3345,3247.9,3374.4,3394.6,3486.0,14.1,29.11,-1,WAIT
2022-01-12,2623.9,3247.9,29.14,14.08,129.05,367.16,100.11,754.71,3918.7,6.9479,77.93,48.76,11.47,381.4,9.17,4,3,0,0,2,1,1,0.205,0.9788,3547.4,2658.2,14.29,30.87,3624.9,2830.3,14.9,29.04,3637.6,2873.3,15.49,31.57,3500.7,2754.3,15.16,30.46,3781.8,2889.5,15.19,31.15,3935.2,2955.3,15.33,30.29,3573.24,155.18,14.81,3588.41,115.83,14.85,3731.2,166.16,15.05,3909.51,228.92,15.19,-0.0722,-0.1412,-0.0712,0.0536,0.0397,1.2378,3409.7,3360.9,3437.5,3505.5,15.08,29.47,0,HOLD_NEUTRAL
2022-01-13,2669.0,3409.7,29.95,14.26,136.47,337.78,99.84,757.92,3977.2,6.9732,77.7,48.9,11.3,381.4,9.16,4,5,0,0,3,1,1,0.2218,0.9751,3247.9,2623.9,14.08,29.14,3547.4,2658.2,14.29,30.87,3624.9,2830.3,14.9,29.04,3560.7,2768.5,14.42,28.9,3678.7,2819.7,15.08,30.21,3869.7,3058.6,15.0,30.82,3551.67,167.24,14.78,3569.2,121.86,14.79,3715.87,173.98,15.03,3898.33,236.67,15.18,-0.0424,-0.0731,-0.0111,0.0532,0.04,1.2775,3373.8,3396.2,3486.5,3470.9,15.16,29.3,0,HOLD_NEUTRAL
2022-01-14,2636.6,3373.8,30.68,14.47,140.35,343.31,100.08,764.71,3916.7,6.9331,77.76,48.36,11.27,381.5,9.02,5,4,0,0,4,1,1,0.2385,0.9711,3409.7,2669.0,14.26,29.95,3247.9,2623.9,14.08,29.14,3547.4,2658.2,14.29,30.87,3709.6,2930.1,15.2,30.69,3587.9,2801.3,15.27,29.88,3909.2,3082.1,15.32,32.07,3503.7,162.48,14.68,3553.91,132.31,14.73,3698.02,180.79,15.0,3885.65,244.06,15.18,-0.0905,-0.0597,-0.048,0.0528,0.0416,1.2796,3314.4,3472.4,3536.7,3400.4,15.05,29.75,0,HOLD_NEUTRAL
2022-01-17,2615.3,3314.4,29.49,14.35,130.69,351.72,97.67,738.3,3934.1,7.0405,77.35,48.03,11.28,381.6,8.9,4,4,0,0,0,1,1,0.2883,0.9575,3373.8,2636.6,14.47,30.68,3409.7,2669.0,14.26,29.95,3247.9,2623.9,14.08,29.14,3684.6,2859.2,15.27,30.75,3592.5,2777.8,15.18,29.84,3861.9,2946.8,14.7,30.92,3450.81,153.8,14.55,3534.04,146.22,14.67,3679.77,191.03,14.99,3871.36,252.0,15.15,-0.1005,-0.0774,-0.0602,0.0514,0.0394,1.2673,3285.0,3509.5,3663.3,3394.7,14.75,28.73,1,CHARTER_NOW
2022-01-18,2565.1,3285.0,29.31,13.97,133.41,353.79,98.15,739.29,4007.2,6.987,77.53,50.03,11.34,381.6,9.08,5,4,0,0,1,1,1,0.3047,0.9524,3314.4,2615.3,14.35,29.49,3373.8,2636.6,14.47,30.68,3409.7,2669.0,14.26,29.95,3637.6,2873.3,15.49,31.57,3548.6,2766.9,14.26,30.17,4017.0,3036.0,15.29,30.53,3400.44,139.51,14.33,3515.21,160.48,14.65,3655.37,193.2,14.94,3856.61,259.99,15.12,-0.0969,-0.0743,-0.0981,0.0529,0.0406,1.2807,3191.4,3451.1,3681.1,3456.6,14.91,30.14,1,CHARTER_NOW
2022-01-19,2533.9,3191.4,29.29,14.97,136.21,357.17,102.11,774.78,3974.7,7.0592,77.59,48.41,11.47,381.6,9.06,5,4,0,0,2,1,1,0.3211,0.9471,3285.0,2565.1,13.97,29.31,3314.4,2615.3,14.35,29.49,3373.8,2636.6,14.47,30.68,3624.9,2830.3,14.9,29.04,3681.8,2847.1,14.53,30.43,3886.1,2932.5,15.36,30.82,3338.51,117.79,14.34,3480.19,174.25,14.68,3632.22,205.82,14.93,3839.76,269.79,15.1,-0.1196,-0.1332,0.0047,0.0518,0.0427,1.2595,3374.4,3379.5,3586.4,3514.8,14.13,29.37,1,CHARTER_NOW
2022-01-20,2610.0,3374.4,29.11,14.1,139.05,364.23,100.27,748.8,4028.0,7.0185,77.42,49.05,11.33,381.7,8.99,5,4,1,0,3,1,1,0.3373,0.9414,3191.4,2533.9,14.97,29.29,3285.0,2565.1,13.97,29.31,3314.4,2615.3,14.35,29.49,3547.4,2658.2,14.29,30.87,3634.9,2862.5,14.74,30.5,3888.4,2965.1,15.31,30.24,3313.8,78.13,14.31,3461.58,170.32,14.64,3615.08,205.15,14.89,3825.23,271.0,15.08,-0.0488,-0.0717,-0.0133,0.0531,0.0412,1.2929,3360.9,3394.6,3341.6,3722.6,14.97,29.37,0,HOLD_NEUTRAL
2022-01-21,2694.7,3360.9,29.47,15.08,133.48,355.16,101.7,758.5,3942.0,7.008,77.23,49.79,11.07,381.7,9.31,5,4,1,0,4,1,1,0.3534,0.9355,3374.4,2610.0,14.1,29.11,3191.4,2533.9,14.97,29.29,3285.0,2565.1,13.97,29.31,3247.9,2623.9,14.08,29.14,3500.7,2754.3,15.16,30.46,3779.2,2828.3,15.04,31.62,3329.94,73.8,14.46,3451.59,171.94,14.63,3601.14,207.81,14.89,3812.39,274.48,15.07,0.0348,-0.0399,0.071,0.0503,0.0397,1.2472,3396.2,3437.5,3554.0,3441.4,14.83,30.11,0,HOLD_NEUTRAL
2022-01-24,2647.9,3396.2,29.3,15.16,132.33,345.52,100.9,774.24,3984.3,6.9777,77.54,49.16,11.46,381.8,8.89,3,4,1,0,0,1,1,0.4012,0.916,3360.9,2694.7,15.08,29.47,3374.4,2610.0,14.1,29.11,3191.4,2533.9,14.97,29.29,3409.7,2669.0,14.26,29.95,3560.7,2768.5,14.42,28.9,3844.5,2936.6,15.0,29.97,3328.01,71.5,14.59,3439.84,169.52,14.68,3586.2,205.81,14.9,3799.39,275.42,15.06,-0.004,-0.0462,0.0631,0.0511,0.039,1.2826,3472.4,3486.5,3410.7,3467.0,14.64,28.94,0,HOLD_NEUTRAL
2022-01-25,2683.2,3472.4,29.75,15.05,128.12,352.21,101.02,753.18,4002.7,6.9641,78.01,48.57,11.45,381.8,9.09,4,4,1,0,1,1,1,0.4169,0.9089,3396.2,2647.9,15.16,29.3,3360.9,2694.7,15.08,29.47,3374.4,2610.0,14.1,29.11,3373.8,2636.6,14.47,30.68,3709.6,2930.1,15.2,30.69,3773.4,2969.8,15.25,32.48,3342.1,89.48,14.67,3422.9,151.36,14.67,3576.16,203.7,14.89,3787.5,273.85,15.05,0.0292,-0.0639,0.0401,0.05,0.0369,1.2941,3509.5,3536.7,3431.4,3371.7,14.51,31.43,0,HOLD_NEUTRAL
2022-01-26,2679.8,3509.5,28.73,14.75,134.63,357.13,102.78,786.93,3948.9,7.0114,77.69,48.71,11.39,381.9,9.35,5,4,1,0,2,1,1,0.4325,0.9016,3472.4,2683.2,15.05,29.75,3396.2,2647.9,15.16,29.3,3360.9,2694.7,15.08,29.47,3314.4,2615.3,14.35,29.49,3684.6,2859.2,15.27,30.75,3840.6,2907.4,15.34,31.72,3369.97,107.9,14.73,3410.39,134.35,14.64,3565.13,197.76,14.87,3777.48,272.82,15.04,0.0589,-0.0475,0.0279,0.0534,0.0384,1.3096,3451.1,3663.3,3416.0,3275.1,14.28,30.54,1,CHARTER_NOW
2022-01-27,2702.1,3451.1,30.14,14.91,140.71,371.03,100.29,767.54,4027.2,6.9938,78.03,48.3,11.57,381.9,9.3,4,4,1,0,3,1,1,0.4479,0.8941,3509.5,2679.8,14.75,28.73,3472.4,2683.2,15.05,29.75,3396.2,2647.9,15.16,29.3,3285.0,2565.1,13.97,29.31,3637.6,2873.3,15.49,31.57,3899.3,2963.5,15.24,30.42,3393.7,104.31,14.86,3397.07,118.39,14.6,3550.19,188.35,14.86,3765.39,270.91,15.03,0.0506,-0.0513,0.0673,0.0515,0.0408,1.2772,3379.5,3681.1,3397.5,3373.0,14.97,30.86,1,CHARTER_NOW
2022-01-28,2652.2,3379.5,29.37,14.13,134.94,345.73,101.52,749.63,4010.1,6.956,77.74,49.25,11.36,381.9,9.36,4,4,1,0,4,1,1,0.4633,0.8862,3451.1,2702.1,14.91,30.14,3509.5,2679.8,14.75,28.73,3472.4,2683.2,15.05,29.75,3191.4,2533.9,14.97,29.29,3624.9,2830.3,14.9,29.04,3889.1,2884.0,15.65,30.95,3420.57,57.01,14.74,3379.54,98.57,14.54,3533.2,179.5,14.81,3752.93,271.18,15.03,0.0589,-0.0677,-0.0561,0.0531,0.0399,1.2742,3394.6,3586.4,3414.1,3295.2,15.36,29.63,1,CHARTER_NOW
2022-01-31,2671.9,3394.6,29.37,14.97,133.61,367.3,100.89,757.93,3939.3,6.9513,77.52,49.09,11.58,382.0,8.99,6,3,1,0,0,1,1,0.5084,0.8611,3379.5,2652.2,14.13,29.37,3451.1,2702.1,14.91,30.14,3509.5,2679.8,14.75,28.73,3374.4,2610.0,14.1,29.11,3547.4,2658.2,14.29,30.87,3826.5,2947.7,15.67,31.51,3423.46,54.75,14.86,3368.63,86.24,14.59,3518.8,172.34,14.78,3737.96,265.59,15.01,0.006,-0.0431,0.0617,0.0506,0.0394,1.2705,3437.5,3341.6,3347.9,3231.3,14.5,29.56,0,HOLD_NEUTRAL
2022-02-01,2628.7,3437.5,30.11,14.83,134.59,360.32,101.07,781.58,3995.5,6.9682,78.04,48.51,11.64,382.1,9.26,6,3,1,0,1,2,1,0.5231,0.8523,3394.6,2671.9,14.97,29.37,3379.5,2652.2,14.13,29.37,3451.1,2702.1,14.91,30.14,3360.9,2694.7,15.08,29.47,3247.9,2623.9,14.08,29.14,3684.5,2851.3,15.04,30.67,3434.4,47.31,14.83,3382.17,80.52,14.64,3510.57,170.04,14.78,3728.38,265.9,15.0,0.0228,0.0584,-0.0166,0.0527,0.0392,1.3077,3486.5,3554.0,3438.7,3213.7,15.03,31.34,0,HOLD_NEUTRAL
2022-02-02,2631.3,3486.5,28.94,14.64,133.4,365.95,101.42,757.87,4011.5,7.0519,77.78,48.23,11.48,382.1,8.89,5,5,1,0,2,2,1,0.5377,0.8432,3437.5,2628.7,14.83,30.11,3394.6,2671.9,14.97,29.37,3379.5,2652.2,14.13,29.37,3396.2,2647.9,15.16,29.3,3409.7,2669.0,14.26,29.95,3947.1,3009.3,15.25,31.18,3447.3,47.47,14.75,3387.66,85.03,14.67,3495.22,148.72,14.76,3717.02,261.32,14.99,0.0266,0.0225,-0.0343,0.0518,0.0383,1.325,3536.7,3410.7,3486.0,3140.7,15.27,30.96,0,HOLD_NEUTRAL
2022-02-03,2774.8,3536.7,31.43,14.51,130.71,359.59,102.5,771.42,3978.4,7.0638,77.97,48.08,11.22,382.1,9.04,5,4,1,0,3,2,1,0.5521,0.8338,3486.5,2631.3,14.64,28.94,3437.5,2628.7,14.83,30.11,3394.6,2671.9,14.97,29.37,3472.4,2683.2,15.05,29.75,3373.8,2636.6,14.47,30.68,3781.8,2889.5,15.19,31.15,3456.49,58.15,14.68,3399.29,93.7,14.67,3487.05,138.84,14.73,3707.53,257.26,14.97,0.0185,0.0483,-0.0359,0.0532,0.037,1.2746,3663.3,3431.4,3505.5,3115.7,15.57,30.68,0,HOLD_NEUTRAL
2022-02-04,2898.8,3663.3,30.54,14.28,135.82,354.73,101.36,774.82,3948.5,7.0038,77.47,49.36,11.34,382.1,9.06,3,4,1,0,4,2,1,0.5664,0.8242,3536.7,2774.8,14.51,31.43,3486.5,2631.3,14.64,28.94,3437.5,2628.7,14.83,30.11,3509.5,2679.8,14.75,28.73,3314.4,2615.3,14.35,29.49,3678.7,2819.7,15.08,30.21,3478.46,97.36,14.61,3424.21,113.65,14.67,3486.53,138.13,14.71,3698.37,248.6,14.95,0.0438,0.1053,-0.0319,0.0543,0.0371,1.2637,3681.1,3416.0,3470.9,3272.6,15.38,30.43,-1,WAIT
2022-02-07,2784.6,3681.1,30.86,14.97,133.54,368.76,104.86,802.46,4013.4,7.0028,78.02,48.9,11.62,382.2,8.97,4,4,1,0,0,2,1,0.6081,0.7938,3663.3,2898.8,14.28,30.54,3536.7,2774.8,14.51,31.43,3486.5,2631.3,14.64,28.94,3451.1,2702.1,14.91,30.14,3285.0,2565.1,13.97,29.31,3587.9,2801.3,15.27,29.88,3511.31,122.22,14.62,3452.51,125.06,14.74,3489.64,141.5,14.7,3691.56,243.24,14.95,0.0666,0.1206,0.004,0.0536,0.0363,1.3219,3586.4,3397.5,3400.4,3138.5,14.31,29.36,-1,WAIT
2022-02-08,2854.8,3586.4,29.63,15.36,132.75,368.73,101.12,764.58,4082.2,6.9885,78.03,48.96,11.08,382.3,9.01,4,3,1,0,1,2,1,0.6217,0.7833,3681.1,2784.6,14.97,30.86,3663.3,2898.8,14.28,30.54,3536.7,2774.8,14.51,31.43,3379.5,2652.2,14.13,29.37,3191.4,2533.9,14.97,29.29,3592.5,2777.8,15.18,29.84,3540.87,109.38,14.79,3480.72,104.49,14.77,3489.44,141.35,14.7,3681.6,234.83,14.94,0.0612,0.1238,0.087,0.0498,0.037,1.2563,3341.6,3414.1,3394.7,3162.5,14.13,28.93,-1,WAIT
2022-02-09,2632.8,3341.6,29.56,14.5,129.45,371.8,102.52,769.94,3992.5,6.9707,77.85,48.41,11.3,382.3,8.98,4,4,1,0,2,2,1,0.6351,0.7725,3586.4,2854.8,15.36,29.63,3681.1,2784.6,14.97,30.86,3663.3,2898.8,14.28,30.54,3394.6,2671.9,14.97,29.37,3374.4,2610.0,14.1,29.11,3548.6,2766.9,14.26,30.17,3533.3,122.27,14.73,3478.38,107.38,14.8,3482.54,143.4,14.71,3668.07,230.52,14.94,-0.0156,-0.0097,-0.0314,0.0531,0.0387,1.2692,3554.0,3347.9,3456.6,3098.0,15.68,29.8,0,HOLD_NEUTRAL
2022-02-10,2754.2,3554.0,31.34,15.03,136.62,365.1,102.19,791.94,4062.1,7.0402,77.58,48.07,11.31,382.3,8.88,4,4,1,0,3,2,1,0.6483,0.7614,3341.6,2632.8,14.5,29.56,3586.4,2854.8,15.36,29.63,3681.1,2784.6,14.97,30.86,3437.5,2628.7,14.83,30.11,3360.9,2694.7,15.08,29.47,3681.8,2847.1,14.53,30.43,3549.94,114.75,14.76,3492.17,103.46,14.79,3478.28,139.11,14.73,3660.3,226.27,14.93,0.0339,0.0575,0.0135,0.0527,0.0384,1.2904,3410.7,3438.7,3514.8,2988.6,15.73,29.97,0,HOLD_NEUTRAL
2022-02-11,2643.0,3410.7,30.96,15.27,134.45,361.39,105.71,819.68,3982.0,7.0554,77.78,49.41,11.21,382.4,9.24,3,4,1,0,4,2,1,0.6613,0.7502,3554.0,2754.2,15.03,31.34,3341.6,2632.8,14.5,29.56,3586.4,2854.8,15.36,29.63,3486.5,2631.3,14.64,28.94,3396.2,2647.9,15.16,29.3,3634.9,2862.5,14.74,30.5,3539.11,124.86,14.85,3493.21,102.5,14.8,3470.8,136.4,14.75,3651.54,225.58,14.93,-0.0217,0.0043,0.043,0.0537,0.0394,1.2905,3431.4,3486.0,3722.6,2883.2,15.22,31.21,0,HOLD_NEUTRAL
2022-02-14,2606.9,3431.4,30.68,15.57,130.19,356.28,103.83,797.82,4019.3,6.9731,77.96,48.92,11.56,382.5,9.03,5,5,1,0,0,2,1,0.6991,0.715,3410.7,2643.0,15.27,30.96,3554.0,2754.2,15.03,31.34,3341.6,2632.8,14.5,29.56,3536.7,2774.8,14.51,31.43,3472.4,2683.2,15.05,29.75,3500.7,2754.3,15.16,30.46,3524.07,131.38,15.0,3490.28,103.72,14.84,3468.49,136.47,14.76,3643.04,224.07,14.94,-0.0298,-0.0118,0.0731,0.0512,0.0379,1.3163,3416.0,3505.5,3441.4,2855.0,14.57,30.5,0,HOLD_NEUTRAL
2022-02-15,2715.6,3416.0,30.43,15.38,135.04,374.8,105.46,798.17,4039.9,6.9976,77.87,49.41,11.46,382.5,9.1,5,4,1,0,1,2,1,0.7113,0.7029,3431.4,2606.9,15.57,30.68,3410.7,2643.0,15.27,30.96,3554.0,2754.2,15.03,31.34,3663.3,2898.8,14.28,30.54,3509.5,2679.8,14.75,28.73,3560.7,2768.5,14.42,28.9,3488.74,120.5,15.15,3483.6,105.38,14.88,3463.67,135.65,14.79,3633.62,221.48,14.94,-0.0675,-0.0266,0.077,0.0519,0.0395,1.2579,3397.5,3470.9,3467.0,2971.6,15.3,31.23,0,HOLD_NEUTRAL
2022-02-16,2615.6,3397.5,29.36,14.31,130.12,372.53,101.06,757.49,4013.8,6.9868,77.97,48.71,11.25,382.5,9.09,6,5,0,0,2,2,1,0.7233,0.6906,3416.0,2715.6,15.38,30.43,3431.4,2606.9,15.57,30.68,3410.7,2643.0,15.27,30.96,3681.1,2784.6,14.97,30.86,3451.1,2702.1,14.91,30.14,3709.6,2930.1,15.2,30.69,3448.23,88.46,15.06,3479.77,107.6,14.84,3453.27,127.88,14.76,3625.34,220.86,14.93,-0.077,-0.0155,-0.0441,0.0529,0.0383,1.2989,3414.1,3400.4,3371.7,2971.0,15.07,31.18,0,HOLD_NEUTRAL
2022-02-17,2626.0,3414.1,28.93,14.13,129.08,362.8,104.34,779.53,4004.8,6.9879,78.08,48.81,11.51,382.6,9.07,4,4,0,0,3,2,1,0.735,0.678,3397.5,2615.6,14.31,29.36,3416.0,2715.6,15.38,30.43,3431.4,2606.9,15.57,30.68,3586.4,2854.8,15.36,29.63,3379.5,2652.2,14.13,29.37,3684.6,2859.2,15.27,30.75,3423.61,64.27,14.88,3482.24,105.5,14.84,3444.25,120.32,14.72,3616.44,218.37,14.92,-0.048,0.0102,-0.0801,0.0552,0.0378,1.3001,3347.9,3394.7,3275.1,3066.8,14.74,29.51,0,HOLD_NEUTRAL
2022-02-18,2672.3,3347.9,29.8,15.68,129.03,366.69,105.58,804.24,4041.8,7.0363,77.67,49.34,11.36,382.6,9.07,4,3,0,0,4,2,1,0.7466,0.6653,3414.1,2626.0,14.13,28.93,3397.5,2615.6,14.31,29.36,3416.0,2715.6,15.38,30.43,3341.6,2632.8,14.5,29.56,3394.6,2671.9,14.97,29.37,3637.6,2873.3,15.49,31.57,3424.51,62.96,15.05,3478.91,109.16,14.89,3434.59,115.81,14.73,3604.86,213.77,14.92,0.0019,-0.0138,0.0814,0.0513,0.0385,1.2528,3438.7,3456.6,3373.0,2945.1,15.22,28.91,0,HOLD_NEUTRAL
2022-02-21,2586.6,3438.7,29.97,15.73,125.43,369.31,104.51,795.67,4086.0,6.962,77.57,49.37,11.22,382.7,8.98,3,4,0,0,0,2,1,0.7799,0.6259,3347.9,2672.3,15.68,29.8,3414.1,2626.0,14.13,28.93,3397.5,2615.6,14.31,29.36,3554.0,2754.2,15.03,31.34,3437.5,2628.7,14.83,30.11,3624.9,2830.3,14.9,29.04,3408.04,29.78,15.15,3478.99,109.12,14.95,3428.39,110.11,14.76,3596.41,210.05,14.93,-0.0324,0.0003,0.0466,0.0506,0.0365,1.3294,3486.0,3514.8,3295.2,3135.0,15.3,31.5,0,HOLD_NEUTRAL
2022-02-22,2634.9,3486.0,31.21,15.22,132.48,362.38,106.4,820.35,4031.5,7.0156,77.85,49.42,11.26,382.7,9.32,4,3,0,0,1,2,1,0.7906,0.6124,3438.7,2586.6,15.73,29.97,3347.9,2672.3,15.68,29.8,3414.1,2626.0,14.13,28.93,3410.7,2643.0,15.27,30.96,3486.5,2631.3,14.64,28.94,3547.4,2658.2,14.29,30.87,3418.8,41.99,15.15,3478.96,109.12,15.0,3426.34,108.38,14.79,3590.23,207.7,14.94,0.0221,-0.0001,-0.0033,0.0539,0.038,1.323,3505.5,3722.6,3231.3,2953.1,15.21,32.37,1,CHARTER_NOW
2022-02-23,2722.6,3505.5,30.5,14.57,124.99,368.06,103.68,792.82,4004.0,7.0237,77.79,48.83,11.49,382.8,9.19,5,4,0,0,2,2,1,0.801,0.5987,3486.0,2634.9,15.22,31.21,3438.7,2586.6,15.73,29.97,3347.9,2672.3,15.68,29.8,3431.4,2606.9,15.57,30.68,3536.7,2774.8,14.51,31.43,3247.9,2623.9,14.08,29.14,3429.39,53.47,15.0,3476.73,108.16,15.0,3434.93,103.86,14.8,3583.06,202.95,14.93,0.0216,-0.0088,-0.0642,0.0544,0.0357,1.2876,3470.9,3441.4,3213.7,3037.8,15.03,29.6,0,HOLD_NEUTRAL
2022-02-24,2716.0,3470.9,31.23,15.3,126.79,366.38,107.27,791.41,4016.6,6.9978,78.07,49.35,11.59,382.8,9.04,4,4,0,0,3,2,1,0.8112,0.5848,3505.5,2722.6,14.57,30.5,3486.0,2634.9,15.22,31.21,3438.7,2586.6,15.73,29.97,3416.0,2715.6,15.38,30.43,3663.3,2898.8,14.28,30.54,3409.7,2669.0,14.26,29.95,3437.23,55.18,14.99,3462.99,93.92,15.07,3436.97,103.95,14.84,3576.42,199.92,14.93,0.0161,-0.0525,-0.0052,0.0517,0.0365,1.2779,3400.4,3467.0,3140.7,3093.1,15.26,31.28,0,HOLD_NEUTRAL
2022-02-25,2680.5,3400.4,31.18,15.07,123.96,372.48,109.0,833.81,4112.6,7.0291,77.61,49.64,11.31,382.8,8.94,6,5,0,0,4,2,1,0.8211,0.5708,3470.9,2716.0,15.3,31.23,3505.5,2722.6,14.57,30.5,3486.0,2634.9,15.22,31.21,3397.5,2615.6,14.31,29.36,3681.1,2784.6,14.97,30.86,3373.8,2636.6,14.47,30.68,3437.64,54.84,15.1,3442.94,70.92,15.08,3437.85,103.51,14.86,3567.94,196.32,14.93,0.0009,-0.0763,0.0531,0.0553,0.0365,1.2686,3394.7,3371.7,3115.7,2981.6,15.02,30.17,0,HOLD_NEUTRAL
2022-02-28,2637.5,3394.7,29.51,14.74,129.96,372.11,104.58,779.19,4032.6,7.0074,78.16,48.98,11.52,382.9,9.0,4,5,0,0,0,2,1,0.8495,0.5277,3400.4,2680.5,15.07,31.18,3470.9,2716.0,15.3,31.23,3505.5,2722.6,14.57,30.5,3414.1,2626.0,14.13,28.93,3586.4,2854.8,15.36,29.63,3314.4,2615.3,14.35,29.49,3434.87,56.69,15.19,3429.24,58.51,15.04,3440.53,101.22,14.87,3560.15,193.71,14.93,-0.0057,-0.0535,0.0432,0.0529,0.0383,1.2871,3456.6,3275.1,3272.6,3082.3,14.77,29.69,0,HOLD_NEUTRAL
2022-03-01,2818.7,3456.6,28.91,15.22,129.63,366.14,104.56,786.4,4008.2,7.0397,78.25,48.78,11.73,383.0,9.1,5,4,0,0,1,3,1,0.8584,0.513,3394.7,2637.5,14.74,29.51,3400.4,2680.5,15.07,31.18,3470.9,2716.0,15.3,31.23,3347.9,2672.3,15.68,29.8,3341.6,2632.8,14.5,29.56,3285.0,2565.1,13.97,29.31,3450.4,41.84,15.12,3437.46,53.08,15.09,3446.25,96.88,14.91,3550.81,184.61,14.93,0.0325,0.0344,-0.0293,0.0517,0.0375,1.2263,3514.8,3373.0,3138.5,3040.3,15.21,31.05,0,HOLD_NEUTRAL
2022-03-02,2718.1,3514.8,31.5,15.3,128.94,394.2,108.1,818.11,3990.1,6.9577,77.92,49.81,11.17,383.0,9.32,4,4,0,0,2,3,1,0.8671,0.4981,3456.6,2818.7,15.22,28.91,3394.7,2637.5,14.74,29.51,3400.4,2680.5,15.07,31.18,3438.7,2586.6,15.73,29.97,3554.0,2754.2,15.03,31.34,3191.4,2533.9,14.97,29.29,3461.27,47.76,15.06,3434.66,47.17,15.11,3457.03,84.78,14.93,3544.62,179.32,14.93,0.0221,-0.011,-0.0273,0.0535,0.0367,1.2931,3722.6,3295.2,3162.5,3005.8,14.56,30.48,-1,WAIT
2022-03-03,2850.9,3722.6,32.37,15.21,126.53,389.12,108.46,841.45,3967.4,6.9931,77.94,48.73,11.49,383.0,8.74,5,4,0,0,3,3,1,0.8755,0.4831,3514.8,2718.1,15.3,31.5,3456.6,2818.7,15.22,28.91,3394.7,2637.5,14.74,29.51,3486.0,2634.9,15.22,31.21,3410.7,2643.0,15.27,30.96,3374.4,2610.0,14.1,29.11,3495.07,110.58,15.06,3456.94,89.58,15.1,3468.64,96.15,14.96,3541.86,175.16,14.93,0.0679,0.0914,-0.0007,0.0553,0.034,1.3058,3441.4,3231.3,3098.0,3163.8,14.84,30.15,-1,WAIT
2022-03-04,2642.7,3441.4,29.6,15.03,125.99,374.57,104.8,829.94,4045.2,7.0016,77.74,49.45,11.59,383.1,9.14,3,4,0,0,4,3,1,0.8837,0.468,3722.6,2850.9,15.21,32.37,3514.8,2718.1,15.3,31.5,3456.6,2818.7,15.22,28.91,3505.5,2722.6,14.57,30.5,3431.4,2606.9,15.57,30.68,3360.9,2694.7,15.08,29.47,3485.91,112.22,15.12,3457.65,89.4,15.06,3471.32,94.14,14.96,3536.23,172.82,14.93,-0.0183,0.0029,0.0316,0.0552,0.0366,1.3022,3467.0,3213.7,2988.6,3103.0,13.62,30.08,-1,WAIT
2022-03-07,2705.1,3467.0,31.28,15.26,130.85,384.54,105.36,803.72,4058.8,6.9243,77.82,49.09,11.41,383.2,9.23,5,4,0,0,0,3,1,0.9067,0.4218,3441.4,2642.7,15.03,29.6,3722.6,2850.9,15.21,32.37,3514.8,2718.1,15.3,31.5,3470.9,2716.0,15.3,31.23,3416.0,2715.6,15.38,30.43,3396.2,2647.9,15.16,29.3,3485.36,112.31,15.12,3461.29,88.6,15.06,3473.68,93.08,14.96,3529.94,168.22,14.93,-0.0011,0.0149,-0.0026,0.0527,0.0377,1.2817,3371.7,3140.7,2883.2,3330.8,14.57,30.0,-1,WAIT
2022-03-08,2668.7,3371.7,30.17,15.02,127.48,386.31,105.73,796.79,4023.2,6.9721,77.86,48.13,11.68,383.2,8.7,5,3,0,0,1,3,1,0.9138,0.4061,3467.0,2705.1,15.26,31.28,3441.4,2642.7,15.03,29.6,3722.6,2850.9,15.21,32.37,3400.4,2680.5,15.07,31.18,3397.5,2615.6,14.31,29.36,3472.4,2683.2,15.05,29.75,3481.26,116.38,15.11,3459.45,90.29,15.11,3470.32,94.92,14.96,3523.24,166.35,14.93,-0.0084,-0.0076,-0.0033,0.053,0.0378,1.2634,3275.1,3115.7,2855.0,3151.5,15.06,29.44,-1,WAIT
2022-03-09,2636.3,3275.1,29.69,14.77,130.13,392.81,103.95,793.25,4037.7,6.9805,78.33,49.78,11.87,383.2,8.96,5,4,0,0,2,3,1,0.9207,0.3904,3371.7,2668.7,15.02,30.17,3467.0,2705.1,15.26,31.28,3441.4,2642.7,15.03,29.6,3394.7,2637.5,14.74,29.51,3414.1,2626.0,14.13,28.93,3509.5,2679.8,14.75,28.73,3464.17,137.98,15.12,3449.52,102.48,15.15,3462.51,101.04,14.96,3513.82,164.07,14.92,-0.0352,-0.0407,0.002,0.0537,0.0397,1.2423,3373.0,3272.6,2971.6,2975.9,14.68,29.78,0,HOLD_NEUTRAL
2022-03-10,2564.2,3373.0,31.05,15.21,126.17,378.43,104.84,803.55,3998.4,7.0336,77.95,47.66,11.5,383.3,8.78,4,4,0,0,3,3,1,0.9272,0.3745,3275.1,2636.3,14.77,29.69,3371.7,2668.7,15.02,30.17,3467.0,2705.1,15.26,31.28,3456.6,2818.7,15.22,28.91,3347.9,2672.3,15.68,29.8,3451.1,2702.1,14.91,30.14,3452.23,142.3,15.11,3451.31,100.77,15.12,3459.91,102.34,14.97,3505.05,157.02,14.92,-0.0242,0.0075,-0.0007,0.0528,0.0374,1.3154,3295.2,3138.5,2971.0,2876.0,14.61,29.08,-1,WAIT
2022-03-11,2576.6,3295.2,30.48,14.56,129.46,393.45,104.81,788.86,4045.1,6.9841,77.65,48.1,11.39,383.3,9.08,5,5,0,0,4,3,1,0.9335,0.3585,3373.0,2564.2,15.21,31.05,3275.1,2636.3,14.77,29.69,3371.7,2668.7,15.02,30.17,3514.8,2718.1,15.3,31.5,3438.7,2586.6,15.73,29.97,3379.5,2652.2,14.13,29.37,3420.86,150.19,15.01,3441.06,109.1,15.03,3457.1,105.72,14.99,3495.15,151.01,14.9,-0.0625,-0.0417,-0.0484,0.0542,0.0393,1.2789,3231.3,3162.5,3066.8,2767.8,14.24,29.18,-1,WAIT
2022-03-14,2570.3,3231.3,30.15,14.84,132.68,383.22,105.61,819.7,4060.8,6.9814,78.06,49.5,11.64,383.4,8.91,5,4,0,0,0,3,1,0.9508,0.3098,3295.2,2576.6,14.56,30.48,3373.0,2564.2,15.21,31.05,3275.1,2636.3,14.77,29.69,3722.6,2850.9,15.21,32.37,3486.0,2634.9,15.22,31.21,3394.6,2671.9,14.97,29.37,3350.67,87.31,14.96,3422.87,121.56,15.01,3451.65,113.0,14.98,3485.23,148.4,14.88,-0.132,-0.0731,-0.0243,0.0552,0.0411,1.2572,3213.7,3098.0,2945.1,2844.1,14.87,28.97,-1,WAIT
2022-03-15,2566.1,3213.7,30.08,13.62,130.26,378.01,109.78,829.23,4026.4,7.0307,78.21,49.52,11.61,383.4,8.95,5,4,0,0,1,3,1,0.956,0.2934,3231.3,2570.3,14.84,30.15,3295.2,2576.6,14.56,30.48,3373.0,2564.2,15.21,31.05,3441.4,2642.7,15.03,29.6,3505.5,2722.6,14.57,30.5,3437.5,2628.7,14.83,30.11,3318.14,90.25,14.75,3402.03,130.95,14.94,3444.19,121.07,14.94,3477.38,150.12,14.86,-0.0662,-0.0832,-0.0938,0.0609,0.0405,1.2524,3140.7,2988.6,3135.0,2952.2,14.56,28.47,-1,WAIT
2022-03-16,2490.4,3140.7,30.0,14.57,126.94,394.15,110.09,834.57,4105.4,6.9579,78.01,48.9,10.94,383.5,8.89,4,4,0,0,2,3,1,0.9609,0.2769,3213.7,2566.1,13.62,30.08,3231.3,2570.3,14.84,30.15,3295.2,2576.6,14.56,30.48,3467.0,2705.1,15.26,31.28,3470.9,2716.0,15.3,31.23,3486.5,2631.3,14.64,28.94,3271.53,84.64,14.66,3378.44,146.42,14.89,3432.67,132.8,14.94,3463.94,143.3,14.85,-0.0941,-0.0951,-0.0452,0.0573,0.0404,1.2611,3115.7,2883.2,2953.1,3046.9,14.47,28.59,-1,WAIT
2022-03-17,2501.2,3115.7,29.44,15.06,128.96,399.09,112.29,851.54,4018.1,6.9445,78.39,49.35,11.45,383.5,9.12,3,4,0,0,3,3,1,0.9655,0.2604,3140.7,2490.4,14.57,30.0,3213.7,2566.1,13.62,30.08,3231.3,2570.3,14.84,30.15,3371.7,2668.7,15.02,30.17,3400.4,2680.5,15.07,31.18,3536.7,2774.8,14.51,31.43,3234.96,89.32,14.66,3358.11,162.07,14.89,3418.63,143.26,14.96,3452.84,144.06,14.85,-0.0759,-0.0837,0.0027,0.0565,0.0414,1.2457,3272.6,2855.0,3037.8,3058.8,13.65,28.4,-1,WAIT
2022-03-18,2534.0,3272.6,29.78,14.68,127.24,409.51,107.53,816.24,4058.5,6.996,78.22,47.89,11.37,383.5,9.01,5,4,0,0,4,3,1,0.9698,0.2437,3115.7,2501.2,15.06,29.44,3140.7,2490.4,14.57,30.0,3213.7,2566.1,13.62,30.08,3275.1,2636.3,14.77,29.69,3394.7,2637.5,14.74,29.51,3663.3,2898.8,14.28,30.54,3234.6,89.14,14.65,3349.39,163.23,14.88,3405.61,137.91,14.97,3446.07,142.8,14.84,-0.0008,-0.036,-0.0061,0.0556,0.0389,1.2915,3138.5,2971.6,3093.1,2988.1,14.33,29.22,-1,WAIT
2022-03-21,2566.5,3138.5,29.08,14.61,127.67,383.18,110.58,842.03,4081.7,6.9641,77.79,49.69,11.53,383.6,9.01,4,5,0,0,0,3,1,0.9811,0.1934,3272.6,2534.0,14.68,29.78,3115.7,2501.2,15.06,29.44,3140.7,2490.4,14.57,30.0,3373.0,2564.2,15.21,31.05,3456.6,2818.7,15.22,28.91,3681.1,2784.6,14.97,30.86,3201.1,70.59,14.56,3326.66,169.19,14.84,3387.52,136.1,14.96,3438.58,146.96,14.83,-0.0695,-0.092,-0.0394,0.0576,0.0407,1.2229,3162.5,2971.0,2981.6,2990.1,14.39,28.03,-1,WAIT
2022-03-22,2553.7,3162.5,29.18,14.24,126.48,398.11,108.25,808.72,4050.4,6.9655,77.92,49.46,11.42,383.7,8.99,4,4,0,0,1,3,1,0.9843,0.1765,3138.5,2566.5,14.61,29.08,3272.6,2534.0,14.68,29.78,3115.7,2501.2,15.06,29.44,3295.2,2576.6,14.56,30.48,3514.8,2718.1,15.3,31.5,3586.4,2854.8,15.36,29.63,3182.14,57.76,14.52,3301.5,165.2,14.76,3373.39,136.74,14.92,3431.42,149.78,14.81,-0.0403,-0.1002,-0.022,0.0568,0.04,1.2384,3098.0,3066.8,3082.3,3023.7,14.39,29.05,0,HOLD_NEUTRAL
2022-03-23,2395.5,3098.0,28.97,14.87,126.87,390.49,108.38,810.28,4047.7,7.0252,78.12,49.32,11.44,383.7,9.07,5,4,0,0,2,3,1,0.9872,0.1595,3162.5,2553.7,14.24,29.18,3138.5,2566.5,14.61,29.08,3272.6,2534.0,14.68,29.78,3231.3,2570.3,14.84,30.15,3722.6,2850.9,15.21,32.37,3341.6,2632.8,14.5,29.56,3163.1,60.75,14.52,3256.89,121.22,14.74,3365.27,145.64,14.94,3423.9,155.01,14.82,-0.0413,-0.1678,0.002,0.0545,0.041,1.2933,2988.6,2945.1,3040.3,2969.9,14.29,29.19,-1,WAIT
2022-03-24,2339.0,2988.6,28.47,14.56,127.95,400.13,109.51,811.48,4005.4,7.0345,77.65,49.37,11.29,383.7,8.9,4,3,0,0,3,3,1,0.9898,0.1425,3098.0,2395.5,14.87,28.97,3162.5,2553.7,14.24,29.18,3138.5,2566.5,14.61,29.08,3213.7,2566.1,13.62,30.08,3441.4,2642.7,15.03,29.6,3554.0,2754.2,15.03,31.34,3130.94,84.45,14.66,3224.54,128.4,14.7,3346.43,156.55,14.92,3412.35,161.18,14.82,-0.07,-0.1316,0.069,0.0557,0.0428,1.2777,2883.2,3135.0,3005.8,3098.1,14.29,28.83,1,CHARTER_NOW
2022-03-25,2272.9,2883.2,28.59,14.47,123.97,383.91,106.11,806.79,4104.1,7.0321,78.16,49.65,11.61,383.8,9.29,4,4,0,0,4,3,1,0.9921,0.1255,2988.6,2339.0,14.56,28.47,3098.0,2395.5,14.87,28.97,3162.5,2553.7,14.24,29.18,3140.7,2490.4,14.57,30.0,3467.0,2705.1,15.26,31.28,3410.7,2643.0,15.27,30.96,3094.16,125.57,14.64,3182.84,138.04,14.65,3328.84,177.33,14.89,3399.82,172.41,14.82,-0.082,-0.1684,-0.0069,0.0558,0.043,1.2685,2855.0,2953.1,3163.8,2999.6,14.5,28.45,0,HOLD_NEUTRAL
2022-03-28,2341.1,2855.0,28.4,13.65,123.53,387.55,108.3,825.8,4054.1,7.0423,77.66,49.38,11.8,383.9,8.69,3,4,0,0,0,3,1,0.9972,0.0741,2883.2,2272.9,14.47,28.59,2988.6,2339.0,14.56,28.47,3098.0,2395.5,14.87,28.97,3115.7,2501.2,15.06,29.44,3371.7,2668.7,15.02,30.17,3431.4,2606.9,15.57,30.68,3056.91,153.64,14.44,3145.94,152.02,14.55,3309.63,196.07,14.83,3389.06,185.65,14.79,-0.0837,-0.1532,-0.0936,0.0605,0.0433,1.2195,2971.6,3037.8,3103.0,2971.1,13.72,27.9,1,CHARTER_NOW
2022-03-29,2317.6,2971.6,29.22,14.33,122.21,391.89,107.74,818.14,4080.0,7.0465,78.36,48.39,11.3,383.9,8.59,4,4,0,0,1,3,1,0.9984,0.057,2855.0,2341.1,13.65,28.4,2883.2,2272.9,14.47,28.59,2988.6,2339.0,14.56,28.47,3272.6,2534.0,14.68,29.78,3275.1,2636.3,14.77,29.69,3416.0,2715.6,15.38,30.43,3013.91,122.09,14.39,3124.26,153.82,14.52,3294.82,204.37,14.79,3379.24,191.89,14.79,-0.092,-0.0927,-0.0238,0.0571,0.0411,1.2822,2971.0,3093.1,3330.8,2871.4,15.1,29.36,1,CHARTER_NOW
2022-03-30,2364.9,2971.0,28.03,14.39,121.41,398.99,108.16,835.56,4085.9,6.9456,78.34,50.65,11.19,383.9,8.57,6,5,0,0,2,3,1,0.9992,0.0398,2971.6,2317.6,14.33,29.22,2855.0,2341.1,13.65,28.4,2883.2,2272.9,14.47,28.59,3138.5,2566.5,14.61,29.08,3373.0,2564.2,15.21,31.05,3397.5,2615.6,14.31,29.36,2989.99,109.36,14.36,3095.54,140.78,14.46,3280.6,211.68,14.8,3366.93,194.02,14.78,-0.0534,-0.1192,-0.0151,0.0581,0.0409,1.2563,3066.8,2981.6,3151.5,2946.5,14.39,29.03,0,HOLD_NEUTRAL
2022-03-31,2465.5,3066.8,29.05,14.39,122.52,394.28,107.62,811.75,4041.5,7.0232,78.24,50.12,11.48,384.0,8.51,5,4,0,0,3,3,1,0.9997,0.0226,2971.0,2364.9,14.39,28.03,2971.6,2317.6,14.33,29.22,2855.0,2341.1,13.65,28.4,3162.5,2553.7,14.24,29.18,3295.2,2576.6,14.56,30.48,3414.1,2626.0,14.13,28.93,2976.31,88.11,14.38,3079.23,128.57,14.45,3269.02,213.62,14.81,3356.64,193.26,14.76,-0.0303,-0.0693,0.0105,0.0564,0.04,1.2439,2945.1,3082.3,2975.9,2958.8,14.48,29.47,0,HOLD_NEUTRAL
2022-04-01,2361.6,2945.1,29.19,14.29,126.8,404.73,111.35,845.19,4057.7,6.994,77.95,48.77,11.47,384.0,9.06,5,4,0,0,4,4,2,1.0,0.0054,3066.8,2465.5,14.39,29.05,2971.0,2364.9,14.39,28.03,2971.6,2317.6,14.33,29.22,3098.0,2395.5,14.87,28.97,3231.3,2570.3,14.84,30.15,3347.9,2672.3,15.68,29.8,2954.47,70.01,14.3,3058.79,125.24,14.41,3255.6,221.02,14.76,3345.1,196.85,14.74,-0.0494,-0.0886,-0.039,0.0591,0.0431,1.2471,3135.0,3040.3,2876.0,2860.7,14.66,29.53,0,HOLD_NEUTRAL
2022-04-04,2499.3,3135.0,28.83,14.29,123.06,483.92,105.27,782.72,4114.8,6.9882,78.19,49.31,11.71,384.1,9.03,4,3,0,0,0,4,2,0.9989,-0.0462,2945.1,2361.6,14.29,29.19,3066.8,2465.5,14.39,29.05,2971.0,2364.9,14.39,28.03,2988.6,2339.0,14.56,28.47,3213.7,2566.1,13.62,30.08,3438.7,2586.6,15.73,29.97,2975.39,98.13,14.26,3053.16,119.38,14.46,3245.47,219.29,14.71,3336.93,195.2,14.73,0.049,-0.0245,-0.0185,0.0548,0.0393,1.2544,2953.1,3005.8,2767.8,2861.1,13.71,28.75,-1,WAIT
2022-04-05,2316.7,2953.1,28.45,14.5,127.44,479.3,105.29,791.31,4030.1,7.0276,78.02,49.39,11.24,384.1,9.16,4,4,0,0,1,4,2,0.998,-0.0634,3135.0,2499.3,14.29,28.83,2945.1,2361.6,14.29,29.19,3066.8,2465.5,14.39,29.05,2883.2,2272.9,14.47,28.59,3140.7,2490.4,14.57,30.0,3486.0,2634.9,15.22,31.21,2985.37,90.44,14.26,3039.76,119.32,14.45,3227.71,220.71,14.69,3327.02,199.37,14.74,0.0242,-0.0597,0.0021,0.0546,0.0432,1.2747,3037.8,3163.8,2844.1,2935.8,14.28,29.54,1,CHARTER_NOW
2022-04-06,2453.9,3037.8,27.9,13.72,125.78,485.54,104.95,802.01,4144.9,6.9591,77.9,50.14,11.38,384.2,8.7,5,4,0,0,2,4,2,0.9968,-0.0805,2953.1,2316.7,14.5,28.45,3135.0,2499.3,14.29,28.83,2945.1,2361.6,14.29,29.19,2855.0,2341.1,13.65,28.4,3115.7,2501.2,15.06,29.44,3505.5,2722.6,14.57,30.5,3011.49,70.77,14.27,3034.2,117.31,14.36,3212.12,216.9,14.66,3323.52,202.6,14.73,0.064,-0.025,0.0051,0.0585,0.0414,1.2379,3093.1,3103.0,2952.2,2823.0,14.45,29.26,0,HOLD_NEUTRAL
2022-04-07,2428.9,3093.1,29.36,15.1,119.25,475.11,104.9,803.52,4045.5,6.9587,78.08,48.38,11.06,384.2,9.06,4,4,0,0,3,4,2,0.9952,-0.0977,3037.8,2453.9,13.72,27.9,2953.1,2316.7,14.5,28.45,3135.0,2499.3,14.29,28.83,2971.6,2317.6,14.33,29.22,3272.6,2534.0,14.68,29.78,3470.9,2716.0,15.3,31.23,3028.84,74.18,14.38,3021.38,97.36,14.39,3199.53,212.28,14.65,3318.25,204.43,14.75,0.0409,-0.0548,0.0537,0.0532,0.0386,1.2735,2981.6,3330.8,3046.9,2955.2,15.2,30.14,1,CHARTER_NOW
2022-04-08,2372.0,2981.6,29.03,14.39,127.52,461.46,104.58,787.64,4031.4,7.0305,78.35,49.31,11.76,384.2,8.92,5,3,0,0,4,4,2,0.9934,-0.1148,3093.1,2428.9,15.1,29.36,3037.8,2453.9,13.72,27.9,2953.1,2316.7,14.5,28.45,2971.0,2364.9,14.39,28.03,3138.5,2566.5,14.61,29.08,3400.4,2680.5,15.07,31.18,3030.36,72.9,14.38,3010.17,91.71,14.37,3185.57,212.38,14.63,3311.71,208.85,14.74,0.0036,-0.05,0.0,0.0547,0.0428,1.257,3082.3,3151.5,3058.8,2837.6,14.49,28.19,1,CHARTER_NOW
2022-04-11,2464.5,3082.3,29.47,14.48,127.65,476.58,107.36,809.17,4080.8,7.0268,78.2,48.64,11.54,384.3,8.93,4,4,0,0,0,4,2,0.9861,-0.1659,2981.6,2372.0,14.39,29.03,3093.1,2428.9,15.1,29.36,3037.8,2453.9,13.72,27.9,3066.8,2465.5,14.39,29.05,3162.5,2553.7,14.24,29.18,3394.7,2637.5,14.74,29.51,3032.57,74.41,14.4,3004.44,83.61,14.39,3175.15,209.41,14.62,3307.84,210.94,14.75,0.0051,-0.0254,0.0063,0.0559,0.0414,1.2507,3040.3,2975.9,2988.1,2893.6,14.37,28.01,0,HOLD_NEUTRAL
2022-04-12,2430.9,3040.3,29.53,14.66,121.75,460.41,107.6,793.49,4154.6,7.0164,78.56,49.47,11.4,384.4,9.02,6,4,0,0,1,4,2,0.9831,-0.1828,3082.3,2464.5,14.48,29.47,2981.6,2372.0,14.39,29.03,3093.1,2428.9,15.1,29.36,2945.1,2361.6,14.29,29.19,3098.0,2395.5,14.87,28.97,3456.6,2818.7,15.22,28.91,3046.17,63.68,14.45,3000.32,79.99,14.37,3161.28,203.84,14.6,3303.76,213.73,14.76,0.0323,-0.0186,0.0259,0.0541,0.04,1.2507,3005.8,2876.0,2990.1,2909.8,13.68,28.99,-1,WAIT
2022-04-13,2404.9,3005.8,28.75,13.71,126.15,470.37,103.85,781.88,4011.6,6.9862,78.4,49.39,11.23,384.4,8.74,5,4,0,0,2,4,2,0.9799,-0.1997,3040.3,2430.9,14.66,29.53,3082.3,2464.5,14.48,29.47,2981.6,2372.0,14.39,29.03,3135.0,2499.3,14.29,28.83,2988.6,2339.0,14.56,28.47,3514.8,2718.1,15.3,31.5,3027.71,51.14,14.37,3001.55,79.93,14.31,3144.31,194.36,14.55,3300.67,216.71,14.74,-0.0412,0.0058,-0.0406,0.057,0.042,1.2499,3163.8,2767.8,3023.7,3072.9,14.21,26.58,-1,WAIT
2022-04-14,2467.3,3163.8,29.54,14.28,121.95,473.94,103.21,792.48,4074.7,7.0351,78.38,49.71,11.25,384.4,9.4,5,5,0,0,3,4,2,0.9763,-0.2165,3005.8,2404.9,13.71,28.75,3040.3,2430.9,14.66,29.53,3082.3,2464.5,14.48,29.47,2953.1,2316.7,14.5,28.45,2883.2,2272.9,14.47,28.59,3722.6,2850.9,15.21,32.37,3057.81,60.96,14.33,3021.59,83.09,14.3,3125.68,160.93,14.52,3297.16,217.2,14.74,0.0713,0.0973,-0.0152,0.0555,0.0385,1.2823,3103.0,2844.1,2969.9,3190.3,14.71,28.28,-1,WAIT
2022-04-15,2450.9,3103.0,29.26,14.45,124.88,464.15,105.38,803.5,4097.4,7.0334,77.82,49.36,11.58,384.4,9.15,4,4,0,0,4,4,2,0.9724,-0.2333,3163.8,2467.3,14.28,29.54,3005.8,2404.9,13.71,28.75,3040.3,2430.9,14.66,29.53,3037.8,2453.9,13.72,27.9,2855.0,2341.1,13.65,28.4,3441.4,2642.7,15.03,29.6,3067.13,62.36,14.44,3039.31,70.29,14.36,3114.4,149.49,14.5,3292.86,218.47,14.73,0.0215,0.0869,0.0532,0.0556,0.0402,1.2661,3330.8,2952.2,3098.1,3131.3,14.46,29.16,-1,WAIT
2022-04-18,2611.8,3330.8,30.14,15.2,120.15,445.28,103.03,786.58,4085.4,7.0162,78.17,49.3,11.29,384.5,8.77,5,4,0,0,0,4,2,0.9591,-0.2831,3103.0,2450.9,14.45,29.26,3163.8,2467.3,14.28,29.54,3005.8,2404.9,13.71,28.75,3093.1,2428.9,15.1,29.36,2971.6,2317.6,14.33,29.22,3467.0,2705.1,15.26,31.28,3101.09,118.4,14.45,3064.96,102.05,14.42,3109.86,140.19,14.5,3291.77,218.11,14.73,0.0768,0.1209,0.0066,0.0517,0.0361,1.2753,3151.5,3046.9,2999.6,2965.4,14.16,28.52,-1,WAIT
2022-04-19,2428.2,3151.5,28.19,14.49,118.33,448.21,104.99,794.51,4098.7,6.9786,77.98,50.08,11.53,384.6,8.65,4,3,0,0,1,4,2,0.9541,-0.2996,3330.8,2611.8,15.2,30.14,3103.0,2450.9,14.45,29.26,3163.8,2467.3,14.28,29.54,2981.6,2372.0,14.39,29.03,2971.0,2364.9,14.39,28.03,3371.7,2668.7,15.02,30.17,3125.36,106.65,14.47,3077.86,100.66,14.42,3102.52,131.5,14.48,3286.42,217.53,14.72,0.057,0.0608,0.0069,0.0548,0.0375,1.2979,2975.9,3058.8,2971.1,3049.3,14.37,28.23,0,HOLD_NEUTRAL
2022-04-20,2361.4,2975.9,28.01,14.37,122.72,463.61,104.04,787.57,4061.4,7.0013,78.21,50.01,11.92,384.6,8.85,5,4,0,0,2,4,2,0.9488,-0.316,3151.5,2428.2,14.49,28.19,3330.8,2611.8,15.2,30.14,3103.0,2450.9,14.45,29.26,3082.3,2464.5,14.48,29.47,3066.8,2465.5,14.39,29.05,3275.1,2636.3,14.77,29.69,3110.16,120.5,14.45,3071.36,104.29,14.42,3092.55,129.29,14.47,3277.53,219.16,14.71,-0.0345,-0.0296,-0.0076,0.0548,0.0412,1.2602,2876.0,2988.1,2871.4,2843.9,14.45,28.76,0,HOLD_NEUTRAL
2022-04-21,2340.0,2876.0,28.99,13.68,123.43,451.01,100.78,757.37,4066.6,7.0394,78.09,50.08,11.44,384.6,8.9,5,4,0,0,3,4,2,0.9432,-0.3322,2975.9,2361.4,14.37,28.01,3151.5,2428.2,14.49,28.19,3330.8,2611.8,15.2,30.14,3040.3,2430.9,14.66,29.53,2945.1,2361.6,14.29,29.19,3373.0,2564.2,15.21,31.05,3086.69,149.0,14.31,3066.43,112.07,14.38,3075.98,123.84,14.42,3267.94,223.96,14.69,-0.054,-0.0235,-0.0668,0.0554,0.0429,1.2291,2767.8,2990.1,2946.5,3023.8,14.32,28.26,0,HOLD_NEUTRAL
2022-04-22,2187.5,2767.8,26.58,14.21,122.43,451.47,106.12,810.01,4083.6,7.0543,78.17,49.7,11.32,384.7,9.08,4,3,0,0,4,4,2,0.9373,-0.3484,2876.0,2340.0,13.68,28.99,2975.9,2361.4,14.37,28.01,3151.5,2428.2,14.49,28.19,3005.8,2404.9,13.71,28.75,3135.0,2499.3,14.29,28.83,3295.2,2576.6,14.56,30.48,3052.69,191.6,14.38,3040.2,135.34,14.37,3058.4,128.98,14.4,3257.75,232.56,14.7,-0.0792,-0.1171,0.0365,0.057,0.0442,1.2653,2844.1,3023.7,2958.8,2942.8,14.65,28.72,1,CHARTER_NOW
2022-04-25,2358.1,2844.1,28.28,14.71,119.54,452.34,106.05,806.22,4052.7,7.0054,78.55,49.51,11.6,384.8,8.62,5,4,0,0,0,4,2,0.9181,-0.3963,2767.8,2187.5,14.21,26.58,2876.0,2340.0,13.68,28.99,2975.9,2361.4,14.37,28.01,3163.8,2467.3,14.28,29.54,2953.1,2316.7,14.5,28.45,3231.3,2570.3,14.84,30.15,3007.01,198.67,14.44,3032.41,143.62,14.39,3045.5,130.45,14.4,3248.58,237.87,14.69,-0.101,-0.0369,0.0301,0.0548,0.042,1.2061,2952.2,2969.9,2860.7,2677.1,14.51,27.99,1,CHARTER_NOW
2022-04-26,2432.9,2952.2,29.16,14.46,121.93,450.46,101.55,776.43,4091.8,7.0079,78.41,49.78,11.28,384.8,8.91,5,4,0,0,1,4,2,0.9112,-0.412,2844.1,2358.1,14.71,28.28,2767.8,2187.5,14.21,26.58,2876.0,2340.0,13.68,28.99,3103.0,2450.9,14.45,29.26,3037.8,2453.9,13.72,27.9,3213.7,2566.1,13.62,30.08,2985.47,194.66,14.45,3026.3,145.19,14.44,3036.78,127.52,14.43,3240.49,239.58,14.69,-0.0486,-0.0282,0.0007,0.0537,0.0413,1.2134,3046.9,3098.1,2861.1,2756.9,14.14,29.33,1,CHARTER_NOW
2022-04-27,2367.7,3046.9,28.52,14.16,123.95,445.92,101.78,765.8,4080.9,7.0108,78.55,50.14,11.87,384.8,8.54,5,4,0,0,2,4,2,0.9039,-0.4276,2952.2,2432.9,14.46,29.16,2844.1,2358.1,14.71,28.28,2767.8,2187.5,14.21,26.58,3330.8,2611.8,15.2,30.14,3093.1,2428.9,15.1,29.36,3140.7,2490.4,14.57,30.0,2944.91,129.34,14.3,3023.0,144.07,14.38,3033.65,126.03,14.41,3233.16,238.65,14.68,-0.0852,-0.0149,-0.0684,0.0541,0.0407,1.2869,3058.8,2999.6,2935.8,2909.6,14.32,29.32,0,HOLD_NEUTRAL
2022-04-28,2505.5,3058.8,28.23,14.37,122.82,440.86,102.82,753.36,4079.2,7.0241,77.91,48.69,11.81,384.9,8.93,4,3,0,0,3,4,2,0.8965,-0.4431,3046.9,2367.7,14.16,28.52,2952.2,2432.9,14.46,29.16,2844.1,2358.1,14.71,28.28,3151.5,2428.2,14.49,28.19,2981.6,2372.0,14.39,29.03,3115.7,2501.2,15.06,29.44,2931.67,107.58,14.28,3028.51,143.85,14.37,3031.76,125.18,14.39,3225.2,236.31,14.67,-0.0294,0.0259,-0.0083,0.0524,0.0402,1.2208,2988.1,2971.1,2823.0,2835.9,13.91,28.21,0,HOLD_NEUTRAL
2022-04-29,2385.2,2988.1,28.76,14.45,123.42,438.67,102.74,791.79,4108.1,6.9986,78.33,50.13,11.5,384.9,8.82,6,4,0,0,4,4,2,0.8887,-0.4585,3058.8,2505.5,14.37,28.23,3046.9,2367.7,14.16,28.52,2952.2,2432.9,14.46,29.16,2975.9,2361.4,14.37,28.01,3082.3,2464.5,14.48,29.47,3272.6,2534.0,14.68,29.78,2933.41,108.51,14.29,3021.79,143.34,14.37,3022.27,116.8,14.38,3213.94,231.11,14.68,0.0041,-0.0306,0.0056,0.0548,0.0413,1.2528,2990.1,2871.4,2955.2,2695.5,13.63,27.17,0,HOLD_NEUTRAL
2022-05-02,2414.6,2990.1,28.26,14.32,120.32,443.23,102.81,773.36,4036.6,6.9299,78.58,50.11,11.35,385.0,9.22,4,3,0,0,0,5,2,0.8639,-0.5037,2988.1,2385.2,14.45,28.76,3058.8,2505.5,14.37,28.23,3046.9,2367.7,14.16,28.52,2876.0,2340.0,13.68,28.99,3040.3,2430.9,14.66,29.53,3138.5,2566.5,14.61,29.08,2949.71,107.01,14.38,3018.2,143.47,14.35,3017.33,114.83,14.37,3202.42,224.56,14.67,0.0397,-0.0165,0.0468,0.054,0.0402,1.2383,3023.7,2946.5,2837.6,2724.5,13.95,27.93,0,HOLD_NEUTRAL
2022-05-03,2390.3,3023.7,28.72,14.65,126.1,439.53,105.07,784.13,4093.4,7.0527,78.72,49.99,11.45,385.0,8.52,5,4,0,0,1,5,2,0.8551,-0.5185,2990.1,2414.6,14.32,28.26,2988.1,2385.2,14.45,28.76,3058.8,2505.5,14.37,28.23,2767.8,2187.5,14.21,26.58,3005.8,2404.9,13.71,28.75,3162.5,2553.7,14.24,29.18,2986.27,72.72,14.45,3019.48,143.43,14.41,3012.7,111.53,14.39,3193.05,219.96,14.66,0.0925,0.006,0.031,0.0535,0.0417,1.265,2969.9,2958.8,2893.6,2572.0,14.04,28.21,0,HOLD_NEUTRAL
2022-05-04,2426.9,2969.9,27.99,14.51,118.46,432.05,100.96,774.87,4183.7,7.071,77.96,49.9,11.48,385.1,9.1,5,4,0,0,2,5,2,0.846,-0.5331,3023.7,2390.3,14.65,28.72,2990.1,2414.6,14.32,28.26,2988.1,2385.2,14.45,28.76,2844.1,2358.1,14.71,28.28,3163.8,2467.3,14.28,29.54,3098.0,2395.5,14.87,28.97,3004.24,39.84,14.42,3005.63,137.67,14.43,3008.43,110.6,14.37,3186.85,220.93,14.66,0.0442,-0.0613,-0.0136,0.0534,0.0399,1.2237,3098.1,2860.7,2909.8,2647.2,13.32,28.31,0,HOLD_NEUTRAL
2022-05-05,2483.1,3098.1,29.33,14.14,123.66,440.68,99.67,753.08,4065.7,6.999,78.27,48.59,11.62,385.1,8.48,6,4,0,0,3,5,2,0.8367,-0.5476,2969.9,2426.9,14.51,27.99,3023.7,2390.3,14.65,28.72,2990.1,2414.6,14.32,28.26,2952.2,2432.9,14.46,29.16,3103.0,2450.9,14.45,29.26,2988.6,2339.0,14.56,28.47,3025.09,45.79,14.37,3005.28,137.41,14.41,3012.08,111.72,14.36,3179.25,215.87,14.64,0.0494,-0.0016,-0.0221,0.0533,0.0399,1.2477,2999.6,2861.1,3072.9,2696.6,14.12,27.18,-1,WAIT
2022-05-06,2359.0,2999.6,29.32,14.32,125.76,430.19,98.46,762.22,4149.9,6.9856,78.62,49.78,11.75,385.1,8.56,4,4,0,0,4,5,2,0.8272,-0.5619,3098.1,2483.1,14.14,29.33,2969.9,2426.9,14.51,27.99,3023.7,2390.3,14.65,28.72,3046.9,2367.7,14.16,28.52,3330.8,2611.8,15.2,30.14,2883.2,2272.9,14.47,28.59,3018.33,45.53,14.39,2981.62,100.64,14.35,3015.96,109.08,14.36,3172.4,214.93,14.62,-0.0155,-0.0994,0.0113,0.0532,0.0419,1.2716,2971.1,2935.8,3190.3,2535.9,13.08,27.78,0,HOLD_NEUTRAL
2022-05-09,2323.2,2971.1,28.21,13.91,123.15,420.55,99.11,761.35,4110.2,7.0141,78.33,51.03,11.34,385.2,8.48,4,4,0,0,0,5,2,0.7971,-0.6038,2999.6,2359.0,14.32,29.32,3098.1,2483.1,14.14,29.33,2969.9,2426.9,14.51,27.99,3058.8,2505.5,14.37,28.23,3151.5,2428.2,14.49,28.19,2855.0,2341.1,13.65,28.4,3005.8,44.59,14.33,2968.74,87.97,14.3,3019.83,105.16,14.36,3164.73,213.74,14.6,-0.0287,-0.0572,-0.032,0.0547,0.0414,1.2789,2871.4,2823.0,3131.3,2617.8,14.78,28.18,-1,WAIT
2022-05-10,2244.7,2871.4,27.17,13.63,120.84,419.83,100.2,769.53,4088.4,7.0128,78.16,50.08,11.75,385.3,8.86,5,4,0,0,1,5,2,0.7866,-0.6175,2971.1,2323.2,13.91,28.21,2999.6,2359.0,14.32,29.32,3098.1,2483.1,14.14,29.33,2988.1,2385.2,14.45,28.76,2975.9,2361.4,14.37,28.01,2971.6,2317.6,14.33,29.22,2989.13,67.99,14.21,2961.27,91.67,14.25,3016.49,108.29,14.34,3155.65,214.45,14.57,-0.0391,-0.0351,-0.0567,0.0565,0.0421,1.2792,2946.5,2955.2,2965.4,2439.1,14.48,28.74,0,HOLD_NEUTRAL
2022-05-11,2375.1,2946.5,27.93,13.95,119.67,416.78,103.31,766.14,4064.4,7.0486,78.01,49.92,11.67,385.3,8.57,3,4,0,0,2,5,2,0.7759,-0.6309,2871.4,2244.7,13.63,27.17,2971.1,2323.2,13.91,28.21,2999.6,2359.0,14.32,29.32,2990.1,2414.6,14.32,28.26,2876.0,2340.0,13.68,28.99,2971.0,2364.9,14.39,28.03,2982.9,69.86,14.16,2966.31,88.51,14.27,3015.67,108.74,14.33,3148.14,213.73,14.56,-0.0146,0.0245,-0.0258,0.0549,0.0406,1.2406,2958.8,2837.6,3049.3,2376.6,13.59,27.17,0,HOLD_NEUTRAL
2022-05-12,2402.3,2958.8,28.21,14.04,124.55,420.67,98.98,767.61,4116.7,7.0206,78.17,50.13,11.45,385.3,8.53,3,3,0,0,3,5,2,0.7649,-0.6442,2946.5,2375.1,13.95,27.93,2871.4,2244.7,13.63,27.17,2971.1,2323.2,13.91,28.21,3023.7,2390.3,14.65,28.72,2767.8,2187.5,14.21,26.58,3066.8,2465.5,14.39,29.05,2973.63,67.82,14.07,2979.95,67.87,14.26,3012.07,108.78,14.31,3140.55,212.2,14.56,-0.0215,0.069,-0.0416,0.0547,0.0421,1.2317,2860.7,2893.6,2843.9,2432.7,13.83,27.0,0,HOLD_NEUTRAL
2022-05-13,2343.4,2860.7,28.31,13.32,116.56,430.56,100.14,764.12,4163.8,6.9954,77.99,50.33,11.34,385.4,8.84,4,4,0,0,4,5,2,0.7537,-0.6572,2958.8,2402.3,14.04,28.21,2946.5,2375.1,13.95,27.93,2871.4,2244.7,13.63,27.17,2969.9,2426.9,14.51,27.99,2844.1,2358.1,14.71,28.28,2945.1,2361.6,14.29,29.19,2958.03,80.24,13.9,2981.14,65.41,14.16,3009.26,111.62,14.28,3132.43,213.45,14.52,-0.0368,0.0058,-0.082,0.0574,0.0407,1.2207,2861.1,2909.8,3023.8,2299.2,13.91,29.97,0,HOLD_NEUTRAL
2022-05-16,2305.2,2861.1,27.18,14.12,117.64,411.04,99.2,750.12,4102.8,6.9802,78.45,50.52,11.58,385.5,8.88,5,4,0,0,0,5,2,0.7188,-0.6952,2860.7,2343.4,13.32,28.31,2958.8,2402.3,14.04,28.21,2946.5,2375.1,13.95,27.93,3098.1,2483.1,14.14,29.33,2952.2,2432.9,14.46,29.16,3135.0,2499.3,14.29,28.83,2924.17,58.28,13.9,2974.63,72.65,14.14,3000.13,112.18,14.28,3122.8,212.43,14.49,-0.0765,-0.0309,-0.0014,0.0531,0.0411,1.2412,2935.8,3072.9,2942.8,2335.9,14.1,29.33,1,CHARTER_NOW
2022-05-17,2301.0,2935.8,27.78,13.08,119.35,417.08,101.2,769.86,4114.7,7.046,78.66,50.06,11.35,385.5,8.8,5,3,0,0,1,5,2,0.7067,-0.7075,2861.1,2305.2,14.12,27.18,2860.7,2343.4,13.32,28.31,2958.8,2402.3,14.04,28.21,2999.6,2359.0,14.32,29.32,3046.9,2367.7,14.16,28.52,2953.1,2316.7,14.5,28.45,2915.06,48.73,13.72,2966.69,70.17,14.06,2999.55,112.48,14.23,3113.63,208.32,14.46,-0.0213,-0.0365,-0.0866,0.0589,0.0407,1.2759,2823.0,3190.3,2677.1,2492.5,14.33,28.61,1,CHARTER_NOW
2022-05-18,2252.6,2823.0,28.18,14.78,124.46,409.34,103.43,762.04,4154.0,7.0382,78.13,50.44,11.77,385.5,8.75,4,4,0,0,2,5,2,0.6945,-0.7195,2935.8,2301.0,13.08,27.78,2861.1,2305.2,14.12,27.18,2860.7,2343.4,13.32,28.31,2971.1,2323.2,13.91,28.21,3058.8,2505.5,14.37,28.23,3037.8,2453.9,13.72,27.9,2893.9,52.35,13.85,2949.85,74.53,14.09,2992.39,116.72,14.26,3102.26,205.17,14.46,-0.0498,-0.0771,0.0625,0.0516,0.0441,1.2532,2955.2,3131.3,2756.9,2475.5,14.2,29.31,1,CHARTER_NOW
2022-05-19,2428.9,2955.2,28.74,14.48,121.59,410.9,97.76,749.67,4131.8,7.0523,78.52,51.15,11.34,385.6,9.15,4,4,0,0,3,5,2,0.682,-0.7314,2823.0,2252.6,14.78,28.18,2935.8,2301.0,13.08,27.78,2861.1,2305.2,14.12,27.18,2871.4,2244.7,13.63,27.17,2988.1,2385.2,14.45,28.76,3093.1,2428.9,15.1,29.36,2905.87,55.82,13.97,2947.5,73.74,14.09,2987.8,115.32,14.24,3093.66,200.21,14.45,0.0292,-0.011,0.0624,0.0518,0.0411,1.2167,2837.6,2965.4,2909.6,2369.6,13.88,27.97,0,HOLD_NEUTRAL
2022-05-20,2271.8,2837.6,27.17,13.59,117.15,400.12,97.66,731.75,4066.0,6.9916,78.67,50.81,11.68,385.6,8.81,5,4,0,0,4,5,2,0.6693,-0.743,2955.2,2428.9,14.48,28.74,2823.0,2252.6,14.78,28.18,2935.8,2301.0,13.08,27.78,2946.5,2375.1,13.95,27.93,2990.1,2414.6,14.32,28.26,2981.6,2372.0,14.39,29.03,2890.31,57.75,13.92,2936.61,78.1,14.04,2983.0,118.54,14.22,3084.28,198.77,14.42,-0.037,-0.051,-0.0258,0.0538,0.0413,1.2491,2893.6,3049.3,2835.9,2382.4,14.04,28.78,1,CHARTER_NOW
2022-05-23,2339.1,2893.6,27.0,13.83,118.89,405.57,99.91,743.16,4127.9,7.0765,78.48,51.56,11.56,385.7,8.93,5,4,0,0,0,5,2,0.6301,-0.7765,2837.6,2271.8,13.59,27.17,2955.2,2428.9,14.48,28.74,2823.0,2252.6,14.78,28.18,2958.8,2402.3,14.04,28.21,3023.7,2390.3,14.65,28.72,3082.3,2464.5,14.48,29.47,2881.0,49.54,13.89,2927.31,74.6,13.98,2976.71,118.09,14.2,3075.93,196.01,14.41,-0.022,-0.043,-0.015,0.0537,0.0411,1.2371,2909.8,2843.9,2695.5,2395.2,13.23,27.7,0,HOLD_NEUTRAL
2022-05-24,2288.5,2909.8,29.97,13.91,117.79,404.36,99.09,735.52,4178.5,6.9692,78.08,49.94,11.46,385.7,8.79,5,4,0,0,1,5,2,0.6166,-0.7873,2893.6,2339.1,13.83,27.0,2837.6,2271.8,13.59,27.17,2955.2,2428.9,14.48,28.74,2860.7,2343.4,13.32,28.31,2969.9,2426.9,14.51,27.99,3040.3,2430.9,14.66,29.53,2888.01,49.66,13.97,2923.02,73.68,13.94,2972.36,118.07,14.17,3066.82,190.65,14.39,0.0172,-0.0202,0.0443,0.0529,0.0405,1.2715,3072.9,3023.8,2724.5,2367.7,14.11,28.47,0,HOLD_NEUTRAL
2022-05-25,2463.5,3072.9,29.33,14.1,117.36,408.46,101.01,780.24,4125.4,7.043,78.59,51.24,11.56,385.8,8.54,4,4,0,0,2,5,2,0.603,-0.7978,2909.8,2288.5,13.91,29.97,2893.6,2339.1,13.83,27.0,2837.6,2271.8,13.59,27.17,2861.1,2305.2,14.12,27.18,3098.1,2483.1,14.14,29.33,3005.8,2404.9,13.71,28.75,2918.27,83.51,13.97,2921.22,69.25,13.93,2974.59,119.36,14.18,3059.45,181.36,14.37,0.074,-0.0081,-0.0014,0.0553,0.0382,1.2474,3190.3,2942.8,2572.0,2359.7,13.97,27.96,-1,WAIT
2022-05-26,2498.9,3190.3,28.61,14.33,122.64,404.67,98.57,742.71,4031.9,6.9647,78.49,49.91,11.8,385.8,8.87,3,4,0,0,3,5,2,0.5892,-0.808,3072.9,2463.5,14.1,29.33,2909.8,2288.5,13.91,29.97,2893.6,2339.1,13.83,27.0,2935.8,2301.0,13.08,27.78,2999.6,2359.0,14.32,29.32,3163.8,2467.3,14.28,29.54,2954.63,133.09,14.15,2934.84,98.45,13.93,2975.48,120.89,14.19,3050.58,160.15,14.35,0.0867,0.0636,0.0956,0.0518,0.0384,1.2767,3131.3,2677.1,2647.2,2202.2,13.52,26.19,-1,WAIT
2022-05-27,2536.4,3131.3,29.31,14.2,115.0,392.6,96.7,755.96,4142.6,6.9985,78.47,50.56,11.34,385.8,8.63,4,3,0,0,4,5,2,0.5752,-0.818,3190.3,2498.9,14.33,28.61,3072.9,2463.5,14.1,29.33,2909.8,2288.5,13.91,29.97,2823.0,2252.6,14.78,28.18,2971.1,2323.2,13.91,28.21,3103.0,2450.9,14.45,29.26,2998.67,133.29,14.06,2946.29,111.44,13.95,2976.42,122.03,14.18,3045.41,152.13,14.34,0.1092,0.0539,-0.0392,0.0532,0.0367,1.2345,2965.4,2756.9,2696.6,2394.1,13.58,28.75,-1,WAIT
2022-05-30,2416.5,2965.4,27.97,13.88,124.17,405.5,97.9,739.26,4125.5,7.0697,78.39,50.79,11.51,385.9,8.73,5,4,0,0,0,5,2,0.5322,-0.8466,3131.3,2536.4,14.2,29.31,3190.3,2498.9,14.33,28.61,3072.9,2463.5,14.1,29.33,2955.2,2428.9,14.48,28.74,2871.4,2244.7,13.63,27.17,3330.8,2611.8,15.2,30.14,3000.13,132.79,13.98,2953.0,109.4,13.97,2964.24,102.04,14.13,3037.05,142.02,14.32,0.0035,0.0327,-0.0414,0.0533,0.0419,1.2271,3049.3,2909.6,2535.9,2231.9,14.24,27.29,0,HOLD_NEUTRAL
2022-05-31,2406.8,3049.3,28.78,14.04,121.55,397.54,98.66,730.38,4069.6,7.048,78.56,50.13,11.44,386.0,8.81,5,5,0,0,1,5,2,0.5176,-0.8556,2965.4,2416.5,13.88,27.97,3131.3,2536.4,14.2,29.31,3190.3,2498.9,14.33,28.61,2837.6,2271.8,13.59,27.17,2946.5,2375.1,13.95,27.93,3151.5,2428.2,14.49,28.19,3030.37,112.1,14.04,2960.34,112.34,13.98,2960.83,97.16,14.12,3031.68,135.07,14.3,0.0746,0.0349,0.0331,0.052,0.0399,1.267,2843.9,2835.9,2617.8,2217.3,13.59,26.75,-1,WAIT
2022-06-01,2293.8,2843.9,27.7,13.23,122.26,396.04,97.97,732.78,4076.0,7.0069,78.67,50.48,11.58,386.0,8.35,6,4,0,1,2,6,2,0.5028,-0.8644,3049.3,2406.8,14.04,28.78,2965.4,2416.5,13.88,27.97,3131.3,2536.4,14.2,29.31,2893.6,2339.1,13.83,27.0,2958.8,2402.3,14.04,28.21,2975.9,2361.4,14.37,28.01,3023.27,123.23,13.96,2952.14,116.58,13.92,2956.43,99.41,14.08,3024.49,133.36,14.27,-0.0172,-0.0388,-0.0434,0.0554,0.043,1.2398,3023.8,2695.5,2439.1,2118.7,13.62,27.13,-1,WAIT
2022-06-02,2387.7,3023.8,28.47,14.11,117.17,393.07,97.23,756.01,4170.1,7.0079,79.14,50.96,11.46,386.0,8.42,7,4,0,1,3,6,2,0.4878,-0.8729,2843.9,2293.8,13.23,27.7,3049.3,2406.8,14.04,28.78,2965.4,2416.5,13.88,27.97,2909.8,2288.5,13.91,29.97,2860.7,2343.4,13.32,28.31,2876.0,2340.0,13.68,28.99,3039.56,112.82,13.98,2963.79,114.87,13.98,2961.36,98.95,14.09,3018.67,125.27,14.25,0.0392,0.057,0.0144,0.0536,0.0387,1.2664,2942.8,2724.5,2376.6,2352.4,13.97,26.6,-1,WAIT
2022-06-03,2292.4,2942.8,27.96,13.97,118.05,387.85,98.07,744.99,4111.5,7.0267,78.58,50.09,11.24,386.1,8.92,6,3,0,1,4,6,2,0.4728,-0.8812,3023.8,2387.7,14.11,28.47,2843.9,2293.8,13.23,27.7,3049.3,2406.8,14.04,28.78,3072.9,2463.5,14.1,29.33,2861.1,2305.2,14.12,27.18,2767.8,2187.5,14.21,26.58,3020.97,117.05,13.97,2969.62,111.28,13.97,2967.19,92.07,14.09,3012.8,120.24,14.24,-0.0423,0.0286,-0.0092,0.0533,0.0401,1.2837,2677.1,2572.0,2432.7,2204.9,13.04,26.32,-1,WAIT
2022-06-06,2150.5,2677.1,26.19,13.52,113.57,389.14,97.74,738.05,4108.8,7.0398,78.95,51.42,11.39,386.2,8.59,6,3,0,1,0,6,2,0.4267,-0.9044,2942.8,2292.4,13.97,27.96,3023.8,2387.7,14.11,28.47,2843.9,2293.8,13.23,27.7,3190.3,2498.9,14.33,28.61,2935.8,2301.0,13.08,27.78,2844.1,2358.1,14.71,28.28,2947.66,149.53,13.85,2951.14,136.05,14.0,2961.63,104.04,14.05,3003.56,124.39,14.22,-0.1609,-0.0881,-0.0565,0.0546,0.0424,1.2449,2756.9,2647.2,2299.2,2064.7,13.4,27.29,0,HOLD_NEUTRAL
2022-06-07,2254.4,2756.9,28.75,13.58,116.35,389.67,97.95,747.99,4140.4,7.0622,78.67,49.76,11.93,386.2,8.6,6,3,0,1,1,6,2,0.4111,-0.9116,2677.1,2150.5,13.52,26.19,2942.8,2292.4,13.97,27.96,3023.8,2387.7,14.11,28.47,3131.3,2536.4,14.2,29.31,2823.0,2252.6,14.78,28.18,2952.2,2432.9,14.46,29.16,2894.17,139.52,13.76,2946.42,141.86,13.91,2955.12,110.55,14.02,2995.95,125.28,14.22,-0.1196,-0.0234,-0.0437,0.0551,0.0422,1.2229,2909.6,2696.6,2335.9,2212.6,13.35,27.62,0,HOLD_NEUTRAL
2022-06-08,2358.4,2909.6,27.29,14.24,119.49,371.59,96.46,741.95,4120.3,7.0111,78.56,51.61,11.65,386.2,8.75,6,4,0,1,2,6,2,0.3953,-0.9185,2756.9,2254.4,13.58,28.75,2677.1,2150.5,13.52,26.19,2942.8,2292.4,13.97,27.96,2965.4,2416.5,13.88,27.97,2955.2,2428.9,14.48,28.74,3046.9,2367.7,14.16,28.52,2886.2,136.33,13.81,2943.16,142.17,13.9,2950.54,109.46,14.02,2992.1,124.31,14.22,-0.0188,-0.0154,0.0259,0.0521,0.0411,1.2337,2835.9,2535.9,2492.5,2121.5,13.52,26.89,-1,WAIT
2022-06-09,2302.4,2835.9,26.75,13.59,121.93,379.24,94.82,738.19,4147.5,6.9767,78.63,51.12,11.65,386.3,8.64,6,4,0,1,3,6,2,0.3795,-0.9252,2909.6,2358.4,14.24,27.29,2756.9,2254.4,13.58,28.75,2677.1,2150.5,13.52,26.19,3049.3,2406.8,14.04,28.78,2837.6,2271.8,13.59,27.17,3058.8,2505.5,14.37,28.23,2855.71,116.15,13.75,2943.04,142.26,13.89,2943.11,109.42,13.99,2987.43,124.84,14.19,-0.07,-0.0006,-0.0321,0.0543,0.043,1.2317,2695.5,2617.8,2475.5,2028.1,13.18,26.54,-1,WAIT
2022-06-10,2190.0,2695.5,27.13,13.62,114.12,379.97,95.21,744.84,4138.0,7.03,78.3,50.54,11.55,386.3,8.8,6,3,0,1,4,6,2,0.3635,-0.9316,2835.9,2302.4,13.59,26.75,2909.6,2358.4,14.24,27.29,2756.9,2254.4,13.58,28.75,2843.9,2293.8,13.23,27.7,2893.6,2339.1,13.83,27.0,2988.1,2385.2,14.45,28.76,2834.51,131.23,13.8,2928.89,156.68,13.88,2933.36,117.98,13.97,2977.82,124.73,14.17,-0.0522,-0.0685,0.0295,0.0547,0.0423,1.2308,2724.5,2439.1,2369.6,2078.0,13.47,26.23,-1,WAIT
2022-06-13,2270.4,2724.5,26.6,13.97,116.13,379.57,96.61,732.62,4106.6,7.0122,78.7,50.39,11.6,386.4,8.7,5,3,0,1,0,6,2,0.3149,-0.9491,2695.5,2190.0,13.62,27.13,2835.9,2302.4,13.59,26.75,2909.6,2358.4,14.24,27.29,3023.8,2387.7,14.11,28.47,2909.8,2288.5,13.91,29.97,2990.1,2414.6,14.32,28.26,2791.76,105.51,13.78,2915.66,165.97,13.88,2924.5,123.41,13.95,2970.92,127.12,14.16,-0.099,-0.0637,-0.0099,0.0524,0.0426,1.2,2572.0,2376.6,2382.4,1924.9,12.85,26.18,-1,WAIT
2022-06-14,2129.3,2572.0,26.32,13.04,116.69,385.2,92.8,695.1,4131.8,6.9871,78.13,50.36,11.53,386.4,8.74,6,4,0,1,1,6,2,0.2986,-0.9544,2724.5,2270.4,13.97,26.6,2695.5,2190.0,13.62,27.13,2835.9,2302.4,13.59,26.75,2942.8,2292.4,13.97,27.96,3072.9,2463.5,14.1,29.33,3023.7,2390.3,14.65,28.72,2738.79,110.03,13.65,2879.88,182.62,13.81,2909.45,137.63,13.9,2961.07,134.67,14.14,-0.126,-0.163,-0.0666,0.0533,0.0454,1.2079,2647.2,2432.7,2395.2,1915.8,12.56,24.77,-1,WAIT
2022-06-15,2209.4,2647.2,27.29,13.4,112.58,369.05,94.76,719.4,4166.4,7.0353,78.42,50.58,11.72,386.5,8.56,5,3,0,1,2,6,2,0.2821,-0.9594,2572.0,2129.3,13.04,26.32,2724.5,2270.4,13.97,26.6,2695.5,2190.0,13.62,27.13,2677.1,2150.5,13.52,26.19,3190.3,2498.9,14.33,28.61,2969.9,2426.9,14.51,27.99,2734.51,113.35,13.63,2841.09,168.76,13.74,2898.69,145.15,13.86,2953.56,139.39,14.12,-0.0112,-0.1702,-0.0089,0.0537,0.0425,1.1982,2696.6,2299.2,2367.7,1896.1,12.99,26.02,-1,WAIT
2022-06-16,2117.1,2696.6,27.62,13.35,118.82,369.69,93.22,716.99,4153.5,7.0202,78.67,50.65,11.64,386.5,8.74,6,4,0,1,3,6,2,0.2656,-0.9641,2647.2,2209.4,13.4,27.29,2572.0,2129.3,13.04,26.32,2724.5,2270.4,13.97,26.6,2756.9,2254.4,13.58,28.75,3131.3,2536.4,14.2,29.31,3098.1,2483.1,14.14,29.33,2725.9,113.66,13.6,2810.04,150.23,13.68,2885.31,144.64,13.84,2948.69,143.19,14.1,-0.0219,-0.1388,-0.0169,0.0537,0.0441,1.2737,2535.9,2335.9,2359.7,1897.2,12.71,24.84,-1,WAIT
2022-06-17,1906.8,2535.9,26.89,13.52,114.49,368.18,93.8,706.3,4150.3,7.036,78.95,51.39,11.39,386.5,8.92,7,4,0,1,4,6,2,0.2489,-0.9685,2696.6,2117.1,13.35,27.62,2647.2,2209.4,13.4,27.29,2572.0,2129.3,13.04,26.32,2909.6,2358.4,14.24,27.29,2965.4,2416.5,13.88,27.97,2999.6,2359.0,14.32,29.32,2672.51,99.93,13.5,2779.36,159.63,13.66,2869.85,156.31,13.81,2942.9,152.59,14.08,-0.1284,-0.1448,-0.0506,0.0522,0.0451,1.3299,2617.8,2492.5,2202.2,2205.3,13.32,27.7,0,HOLD_NEUTRAL
2022-06-20,2169.6,2617.8,26.54,13.18,115.81,361.79,95.54,718.19,4224.4,7.0006,79.03,51.81,11.68,386.6,8.57,6,5,0,1,0,6,2,0.1986,-0.9801,2535.9,1906.8,13.52,26.89,2696.6,2117.1,13.35,27.62,2647.2,2209.4,13.4,27.29,2835.9,2302.4,13.59,26.75,3049.3,2406.8,14.04,28.78,2971.1,2323.2,13.91,28.21,2641.36,70.02,13.44,2748.54,144.43,13.59,2858.07,161.63,13.79,2938.95,157.89,14.08,-0.0769,-0.1415,-0.0302,0.0545,0.0442,1.2066,2439.1,2475.5,2394.1,2197.9,12.06,25.95,-1,WAIT
2022-06-21,1969.8,2439.1,26.23,13.47,114.86,363.79,93.41,719.33,4183.4,7.0423,78.62,50.86,11.14,386.7,8.87,5,4,0,1,1,6,2,0.1818,-0.9833,2617.8,2169.6,13.18,26.54,2535.9,1906.8,13.52,26.89,2696.6,2117.1,13.35,27.62,2695.5,2190.0,13.62,27.13,2843.9,2293.8,13.23,27.7,2871.4,2244.7,13.63,27.17,2604.73,98.32,13.42,2719.62,163.17,13.61,2843.66,178.77,13.78,2930.08,170.49,14.06,-0.0951,-0.1423,-0.011,0.0534,0.0471,1.2382,2376.6,2369.6,2231.9,2094.4,12.91,25.84,0,HOLD_NEUTRAL
2022-06-22,1990.4,2376.6,26.18,12.85,113.66,370.76,92.98,711.68,4188.8,6.9884,78.72,50.3,11.71,386.7,8.67,6,4,0,1,2,6,2,0.1648,-0.9863,2439.1,1969.8,13.47,26.23,2617.8,2169.6,13.18,26.54,2535.9,1906.8,13.52,26.89,2724.5,2270.4,13.97,26.6,3023.8,2387.7,14.11,28.47,2946.5,2375.1,13.95,27.93,2555.03,114.32,13.26,2673.39,162.04,13.52,2824.67,196.83,13.74,2920.17,184.74,14.04,-0.1277,-0.214,-0.0802,0.0554,0.0478,1.194,2432.7,2382.4,2217.3,2214.4,12.56,25.12,0,HOLD_NEUTRAL
2022-06-23,2021.8,2432.7,24.77,12.56,116.04,355.67,90.28,694.28,4154.3,7.0033,78.94,50.49,11.35,386.7,8.82,6,3,0,1,3,6,2,0.1478,-0.989,2376.6,1990.4,12.85,26.18,2439.1,1969.8,13.47,26.23,2617.8,2169.6,13.18,26.54,2572.0,2129.3,13.04,26.32,2942.8,2292.4,13.97,27.96,2958.8,2402.3,14.04,28.21,2535.13,122.69,13.19,2636.96,153.95,13.42,2807.13,207.61,13.7,2909.6,194.11,14.0,-0.0542,-0.1733,-0.0368,0.0553,0.0477,1.2032,2299.2,2395.2,2118.7,2204.5,12.5,25.51,0,HOLD_NEUTRAL
2022-06-24,2030.9,2299.2,26.02,12.99,115.25,365.37,93.9,709.4,4168.9,7.021,78.37,50.71,11.62,386.7,8.7,6,4,0,1,4,6,2,0.1308,-0.9914,2432.7,2021.8,12.56,24.77,2376.6,1990.4,12.85,26.18,2439.1,1969.8,13.47,26.23,2647.2,2209.4,13.4,27.29,2677.1,2150.5,13.52,26.19,2860.7,2343.4,13.32,28.31,2485.41,139.11,13.13,2609.96,177.67,13.38,2788.41,227.02,13.68,2898.84,209.42,13.98,-0.1315,-0.1412,-0.0306,0.0546,0.0501,1.1321,2335.9,2367.7,2352.4,2149.1,12.47,27.01,0,HOLD_NEUTRAL
2022-06-27,1995.0,2335.9,24.84,12.71,114.38,345.18,93.2,711.02,4149.6,7.0812,78.82,50.26,11.4,386.8,8.66,6,4,0,1,0,6,2,0.0795,-0.9968,2299.2,2030.9,12.99,26.02,2432.7,2021.8,12.56,24.77,2376.6,1990.4,12.85,26.18,2696.6,2117.1,13.35,27.62,2756.9,2254.4,13.58,28.75,2861.1,2305.2,14.12,27.18,2433.89,112.01,13.04,2579.89,186.31,13.32,2770.91,241.04,13.64,2885.52,219.32,13.96,-0.1338,-0.1527,-0.0479,0.0559,0.049,1.1709,2492.5,2359.7,2204.9,2101.9,12.53,26.26,0,HOLD_NEUTRAL
2022-06-28,2083.5,2492.5,27.7,13.32,113.12,352.32,95.76,720.11,4193.0,7.0528,78.52,50.2,11.64,386.9,8.73,7,3,0,1,1,6,2,0.0623,-0.9981,2335.9,1995.0,12.71,24.84,2299.2,2030.9,12.99,26.02,2432.7,2021.8,12.56,24.77,2535.9,1906.8,13.52,26.89,2909.6,2358.4,14.24,27.29,2935.8,2301.0,13.08,27.78,2427.69,106.49,13.01,2550.1,161.19,13.26,2756.13,244.15,13.65,2877.84,224.9,13.94,-0.0171,-0.1434,-0.0148,0.0541,0.0454,1.1963,2475.5,2202.2,2064.7,2050.9,12.54,24.25,-1,WAIT
2022-06-29,2106.2,2475.5,25.95,12.06,116.35,352.65,91.15,710.47,4163.1,7.0617,78.69,52.03,11.76,386.9,8.9,7,4,0,1,2,6,2,0.0451,-0.999,2492.5,2083.5,13.32,27.7,2335.9,1995.0,12.71,24.84,2299.2,2030.9,12.99,26.02,2617.8,2169.6,13.18,26.54,2835.9,2302.4,13.59,26.75,2823.0,2252.6,14.78,28.18,2407.36,72.22,12.85,2524.36,139.33,13.15,2744.55,249.06,13.55,2868.47,229.79,13.91,-0.0544,-0.1271,-0.085,0.0589,0.047,1.1753,2369.6,2394.1,2212.6,2041.2,12.23,26.6,0,HOLD_NEUTRAL
2022-06-30,2015.0,2369.6,25.84,12.91,120.49,366.28,91.92,717.5,4175.9,7.0722,78.62,51.06,11.95,386.9,8.7,6,3,0,1,3,6,2,0.028,-0.9996,2475.5,2106.2,12.06,25.95,2492.5,2083.5,13.32,27.7,2335.9,1995.0,12.71,24.84,2439.1,1969.8,13.47,26.23,2695.5,2190.0,13.62,27.13,2955.2,2428.9,14.48,28.74,2397.43,71.9,12.77,2501.08,135.71,13.1,2725.03,254.86,13.5,2856.41,236.68,13.87,-0.0285,-0.1209,-0.0416,0.0556,0.0508,1.176,2382.4,2231.9,2121.5,2046.6,12.55,25.84,-1,WAIT
2022-07-01,1981.8,2382.4,25.12,12.56,115.52,350.25,91.81,682.13,4174.9,7.1379,78.85,50.46,11.34,387.0,8.75,7,3,0,1,4,7,3,0.0108,-0.9999,2369.6,2015.0,12.91,25.84,2475.5,2106.2,12.06,25.95,2492.5,2083.5,13.32,27.7,2376.6,1990.4,12.85,26.18,2724.5,2270.4,13.97,26.6,2837.6,2271.8,13.59,27.17,2398.26,71.66,12.73,2476.64,122.55,12.99,2709.85,261.39,13.47,2846.42,243.84,13.84,0.0024,-0.1256,-0.0226,0.0543,0.0485,1.2021,2395.2,2217.3,2028.1,1977.8,12.93,24.89,-1,WAIT
2022-07-04,2066.5,2395.2,25.51,12.5,109.85,331.58,93.68,705.89,4172.1,7.0318,78.9,51.38,11.85,387.1,8.57,6,4,0,1,0,7,3,-0.0408,-0.9992,2382.4,1981.8,12.56,25.12,2369.6,2015.0,12.91,25.84,2475.5,2106.2,12.06,25.95,2432.7,2021.8,12.56,24.77,2572.0,2129.3,13.04,26.32,2893.6,2339.1,13.83,27.0,2392.9,70.04,12.72,2464.01,121.07,12.96,2693.24,265.12,13.42,2834.97,248.66,13.81,-0.0154,-0.0687,-0.0048,0.0565,0.0459,1.1591,2367.7,2118.7,2078.0,2074.3,12.55,25.22,-1,WAIT
2022-07-05,1939.8,2367.7,27.01,12.47,102.46,331.68,90.5,677.45,4276.7,7.0734,79.0,50.31,11.68,387.1,8.95,6,3,0,1,1,7,3,-0.058,-0.9983,2395.2,2066.5,12.5,25.51,2382.4,1981.8,12.56,25.12,2369.6,2015.0,12.91,25.84,2299.2,2030.9,12.99,26.02,2647.2,2209.4,13.4,27.29,2909.8,2288.5,13.91,29.97,2402.69,58.62,12.65,2444.05,111.18,12.89,2675.17,268.31,13.38,2823.76,254.35,13.77,0.0298,-0.1056,-0.04,0.0543,0.0433,1.2206,2359.7,2352.4,1924.9,2096.6,12.91,25.44,0,HOLD_NEUTRAL
2022-07-06,2006.4,2359.7,26.26,12.53,107.67,345.52,91.0,691.02,4151.7,7.0613,78.87,50.37,11.57,387.1,8.76,6,4,0,1,2,7,3,-0.0752,-0.9972,2367.7,1939.8,12.47,27.01,2395.2,2066.5,12.5,25.51,2382.4,1981.8,12.56,25.12,2335.9,1995.0,12.71,24.84,2696.6,2117.1,13.35,27.62,3072.9,2463.5,14.1,29.33,2406.09,54.65,12.62,2419.99,85.89,12.83,2651.4,263.41,13.32,2813.0,260.12,13.75,0.0102,-0.1249,-0.0142,0.0551,0.0456,1.1761,2202.2,2204.9,1915.8,2036.3,12.81,26.31,-1,WAIT
2022-07-07,1812.0,2202.2,24.25,12.54,103.91,348.46,91.42,700.69,4152.5,7.0611,78.83,50.55,11.81,387.2,8.65,6,3,0,1,3,7,3,-0.0923,-0.9957,2359.7,2006.4,12.53,26.26,2367.7,1939.8,12.47,27.01,2395.2,2066.5,12.5,25.51,2492.5,2083.5,13.32,27.7,2535.9,1906.8,13.52,26.89,3190.3,2498.9,14.33,28.61,2364.61,81.63,12.51,2396.15,96.85,12.76,2618.46,255.35,13.26,2796.97,267.65,13.72,-0.1165,-0.1316,-0.0586,0.0559,0.0472,1.2153,2394.1,2064.7,1896.1,1914.9,12.64,24.04,-1,WAIT
2022-07-08,2022.4,2394.1,26.6,12.23,102.96,345.27,90.5,677.97,4201.6,7.0846,79.26,51.92,11.62,387.2,8.61,7,3,0,1,4,7,3,-0.1094,-0.994,2202.2,1812.0,12.54,24.25,2359.7,2006.4,12.53,26.26,2367.7,1939.8,12.47,27.01,2475.5,2106.2,12.06,25.95,2617.8,2169.6,13.18,26.54,3131.3,2536.4,14.2,29.31,2352.99,67.84,12.53,2380.17,72.99,12.69,2593.89,239.26,13.2,2785.15,269.56,13.69,-0.0329,-0.0855,0.0141,0.0554,0.043,1.1838,2231.9,2212.6,1897.2,1925.2,13.16,25.26,-1,WAIT
2022-07-11,1918.1,2231.9,25.84,12.55,105.58,339.48,88.84,673.06,4159.9,7.0195,78.43,50.89,11.81,387.3,8.82,7,4,0,1,0,7,3,-0.1606,-0.987,2394.1,2022.4,12.23,26.6,2202.2,1812.0,12.54,24.25,2359.7,2006.4,12.53,26.26,2369.6,2015.0,12.91,25.84,2439.1,1969.8,13.47,26.23,2965.4,2416.5,13.88,27.97,2333.31,80.92,12.48,2365.37,80.72,12.63,2569.44,237.46,13.15,2766.84,269.18,13.64,-0.0581,-0.0849,-0.0279,0.0536,0.0473,1.1636,2217.3,2121.5,2205.3,1969.5,12.01,24.27,-1,WAIT
2022-07-12,1982.9,2217.3,24.89,12.93,112.03,345.54,89.82,678.76,4171.7,7.0173,79.24,49.71,11.47,387.3,8.5,7,3,0,1,1,7,3,-0.1775,-0.9841,2231.9,1918.1,12.55,25.84,2394.1,2022.4,12.23,26.6,2202.2,1812.0,12.54,24.25,2382.4,1981.8,12.56,25.12,2376.6,1990.4,12.85,26.18,3049.3,2406.8,14.04,28.78,2309.73,87.98,12.54,2353.99,89.74,12.63,2541.7,227.87,13.12,2751.27,273.54,13.62,-0.0693,-0.067,0.0295,0.0525,0.0505,1.1182,2118.7,2028.1,2197.9,2026.5,12.0,23.68,-1,WAIT
2022-07-13,1757.7,2118.7,25.22,12.55,111.52,331.37,91.24,702.89,4145.1,7.0421,78.76,51.74,11.55,387.4,8.26,7,4,0,1,2,7,3,-0.1944,-0.9809,2217.3,1982.9,12.93,24.89,2231.9,1918.1,12.55,25.84,2394.1,2022.4,12.23,26.6,2395.2,2066.5,12.5,25.51,2432.7,2021.8,12.56,24.77,2843.9,2293.8,13.23,27.7,2270.23,103.85,12.54,2331.56,106.27,12.63,2517.53,233.11,13.09,2736.98,283.8,13.59,-0.1154,-0.1291,0.004,0.056,0.0526,1.2054,2352.4,2078.0,2094.4,2125.0,12.63,26.26,0,HOLD_NEUTRAL
2022-07-14,1955.5,2352.4,25.44,12.91,109.53,340.72,87.28,674.37,4201.4,7.0272,78.98,50.92,11.86,387.4,8.63,6,4,0,1,3,7,3,-0.2113,-0.9774,2118.7,1757.7,12.55,25.22,2217.3,1982.9,12.93,24.89,2231.9,1918.1,12.55,25.84,2367.7,1939.8,12.47,27.01,2299.2,2030.9,12.99,26.02,3023.8,2387.7,14.11,28.47,2268.04,101.59,12.61,2335.36,105.97,12.63,2495.15,214.3,13.05,2728.25,287.48,13.57,-0.0065,0.0231,0.0353,0.0522,0.0466,1.203,2204.9,1924.9,2214.4,2124.6,12.26,23.37,-1,WAIT
2022-07-15,1932.3,2204.9,26.31,12.81,104.12,320.36,89.2,677.9,4203.0,7.0425,78.76,50.09,11.97,387.4,8.85,5,3,0,1,4,7,3,-0.2281,-0.9736,2352.4,1955.5,12.91,25.44,2118.7,1757.7,12.55,25.22,2217.3,1982.9,12.93,24.89,2359.7,2006.4,12.53,26.26,2335.9,1995.0,12.71,24.84,2942.8,2292.4,13.97,27.96,2245.93,94.95,12.65,2326.01,111.56,12.63,2470.55,203.21,13.02,2718.87,295.25,13.55,-0.0656,-0.0561,0.0223,0.0529,0.0472,1.1411,2064.7,1915.8,2204.5,2287.8,12.3,24.3,-1,WAIT
2022-07-18,1818.2,2064.7,24.04,12.64,108.68,321.58,87.19,675.0,4177.8,7.0805,78.69,50.95,11.67,387.5,8.92,7,4,0,1,0,7,3,-0.278,-0.9606,2204.9,1932.3,12.81,26.31,2352.4,1955.5,12.91,25.44,2118.7,1757.7,12.55,25.22,2202.2,1812.0,12.54,24.25,2492.5,2083.5,13.32,27.7,2677.1,2150.5,13.52,26.19,2226.29,117.13,12.66,2295.45,120.66,12.58,2450.14,212.3,12.99,2705.88,306.57,13.52,-0.0624,-0.1716,0.008,0.0534,0.0526,1.1356,2212.6,1896.1,2149.1,2063.5,12.61,22.89,-1,WAIT
2022-07-19,1905.1,2212.6,25.26,13.16,110.55,313.41,90.43,688.35,4215.0,7.0195,78.99,51.43,11.13,387.6,8.58,7,3,0,1,1,7,3,-0.2945,-0.9557,2064.7,1818.2,12.64,24.04,2204.9,1932.3,12.81,26.31,2352.4,1955.5,12.91,25.44,2394.1,2022.4,12.23,26.6,2475.5,2106.2,12.06,25.95,2756.9,2254.4,13.58,28.75,2200.36,90.96,12.79,2276.67,110.52,12.66,2432.0,208.41,12.97,2693.56,311.33,13.49,-0.0758,-0.1062,0.076,0.0523,0.05,1.1614,2121.5,1897.2,2101.9,2064.7,11.99,23.82,-1,WAIT
2022-07-20,1790.0,2121.5,24.27,12.01,110.42,323.49,85.36,657.22,4126.1,7.0249,79.14,51.39,11.65,387.6,8.6,6,4,0,1,2,7,3,-0.3109,-0.9505,2212.6,1905.1,13.16,25.26,2064.7,1818.2,12.64,24.04,2204.9,1932.3,12.81,26.31,2231.9,1918.1,12.55,25.84,2369.6,2015.0,12.91,25.84,2909.6,2358.4,14.24,27.29,2184.59,94.09,12.72,2258.95,114.3,12.6,2405.73,195.39,12.9,2678.13,316.41,13.46,-0.0495,-0.1047,-0.043,0.0547,0.052,1.1852,2028.1,2205.3,2050.9,2174.1,12.48,25.12,0,HOLD_NEUTRAL
2022-07-21,1748.4,2028.1,23.68,12.0,104.25,323.8,86.93,691.2,4167.5,7.0395,79.0,52.17,11.69,387.6,8.7,6,3,0,1,3,7,3,-0.3272,-0.945,2121.5,1790.0,12.01,24.27,2212.6,1905.1,13.16,25.26,2064.7,1818.2,12.64,24.04,2217.3,1982.9,12.93,24.89,2382.4,1981.8,12.56,25.12,2835.9,2302.4,13.59,26.75,2157.56,109.11,12.58,2233.64,123.7,12.56,2378.8,189.64,12.84,2660.96,323.3,13.42,-0.0853,-0.1487,-0.0719,0.0576,0.0514,1.16,2078.0,2197.9,2041.2,2099.0,11.95,24.25,1,CHARTER_NOW
2022-07-22,1872.2,2078.0,26.26,12.63,107.58,323.6,88.44,697.49,4187.5,7.0276,78.75,50.73,11.64,387.7,8.54,6,3,0,1,4,7,3,-0.3434,-0.9392,2028.1,1748.4,12.0,23.68,2121.5,1790.0,12.01,24.27,2212.6,1905.1,13.16,25.26,2118.7,1757.7,12.55,25.22,2395.2,2066.5,12.5,25.51,2695.5,2190.0,13.62,27.13,2151.74,112.55,12.59,2210.99,120.85,12.57,2358.22,187.58,12.81,2645.79,328.99,13.39,-0.0192,-0.1324,0.0064,0.0552,0.0518,1.1099,1924.9,2094.4,2046.6,2079.3,12.89,24.83,0,HOLD_NEUTRAL
2022-07-25,1709.4,1924.9,23.37,12.26,110.51,318.98,90.07,676.87,4155.8,6.9777,79.81,51.25,11.76,387.8,8.68,6,3,0,1,0,7,3,-0.3914,-0.9202,2078.0,1872.2,12.63,26.26,2028.1,1748.4,12.0,23.68,2121.5,1790.0,12.01,24.27,2352.4,1955.5,12.91,25.44,2367.7,1939.8,12.47,27.01,2724.5,2270.4,13.97,26.6,2090.67,100.91,12.5,2179.36,133.92,12.55,2331.56,190.53,12.75,2628.03,338.69,13.35,-0.1817,-0.187,-0.0503,0.0552,0.0574,1.1261,1915.8,2214.4,1977.8,2098.9,12.14,24.54,1,CHARTER_NOW
2022-07-26,1724.9,1915.8,24.3,12.3,112.72,310.15,86.96,681.29,4136.8,7.0179,79.22,50.85,11.6,387.8,8.56,6,3,0,1,1,7,3,-0.4071,-0.9134,1924.9,1709.4,12.26,23.37,2078.0,1872.2,12.63,26.26,2028.1,1748.4,12.0,23.68,2204.9,1932.3,12.81,26.31,2359.7,2006.4,12.53,26.26,2572.0,2129.3,13.04,26.32,2049.37,105.43,12.43,2147.65,140.33,12.54,2309.69,199.43,12.73,2609.57,346.86,13.32,-0.1311,-0.1881,-0.0398,0.0554,0.0588,1.1107,1896.1,2204.5,2074.3,2169.1,12.22,25.6,1,CHARTER_NOW
2022-07-27,1687.7,1896.1,22.89,12.61,104.27,314.27,85.91,673.92,4188.4,7.0562,79.16,50.41,11.87,387.8,8.78,5,4,0,1,2,7,3,-0.4228,-0.9062,1915.8,1724.9,12.3,24.3,1924.9,1709.4,12.26,23.37,2078.0,1872.2,12.63,26.26,2064.7,1818.2,12.64,24.04,2202.2,1812.0,12.54,24.25,2647.2,2209.4,13.4,27.29,2025.29,119.64,12.42,2125.79,154.32,12.54,2284.65,202.72,12.7,2591.67,355.55,13.28,-0.0817,-0.139,-0.0024,0.0534,0.055,1.1235,1897.2,2149.1,2096.6,1921.7,12.19,25.68,1,CHARTER_NOW
2022-07-28,1635.0,1897.2,23.82,11.99,111.07,303.06,90.12,679.06,4224.6,7.0789,78.84,51.76,11.47,387.9,8.72,6,4,0,1,3,7,3,-0.4383,-0.8988,1896.1,1687.7,12.61,22.89,1915.8,1724.9,12.3,24.3,1924.9,1709.4,12.26,23.37,2212.6,1905.1,13.16,25.26,2394.1,2022.4,12.23,26.6,2696.6,2117.1,13.35,27.62,1980.23,93.98,12.26,2090.29,144.71,12.53,2258.01,199.21,12.66,2571.66,360.32,13.25,-0.1425,-0.2076,-0.0889,0.0566,0.0585,1.1604,2205.3,2101.9,2036.3,1957.7,12.05,24.31,1,CHARTER_NOW
2022-07-29,1938.1,2205.3,25.12,12.48,112.34,323.11,83.96,660.75,4246.4,7.0014,78.78,51.54,11.95,387.9,8.73,6,4,0,1,4,7,3,-0.4537,-0.8912,1897.2,1635.0,11.99,23.82,1896.1,1687.7,12.61,22.89,1915.8,1724.9,12.3,24.3,2121.5,1790.0,12.01,24.27,2231.9,1918.1,12.55,25.84,2535.9,1906.8,13.52,26.89,1992.2,117.39,12.32,2088.39,142.87,12.52,2246.99,192.34,12.62,2558.42,358.92,13.22,0.0395,-0.0119,0.0391,0.0529,0.0509,1.1379,2197.9,2050.9,1914.9,1955.9,11.87,24.45,-1,WAIT
2022-08-01,1911.8,2197.9,24.25,11.95,114.89,306.38,82.09,656.7,4185.8,7.0019,78.89,51.46,12.02,388.0,8.52,6,3,0,1,0,8,3,-0.4991,-0.8666,2205.3,1938.1,12.48,25.12,1897.2,1635.0,11.99,23.82,1896.1,1687.7,12.61,22.89,2028.1,1748.4,12.0,23.68,2217.3,1982.9,12.93,24.89,2617.8,2169.6,13.18,26.54,2016.46,141.18,12.32,2087.01,141.61,12.45,2232.99,179.25,12.58,2545.53,357.73,13.18,0.0837,-0.0087,-0.0042,0.055,0.0523,1.1496,2094.4,2041.2,1925.2,1921.4,11.87,24.4,-1,WAIT
2022-08-02,1935.7,2094.4,24.83,12.89,114.69,303.58,86.67,655.91,4231.7,7.0378,79.24,51.56,11.53,388.0,8.94,6,4,0,1,1,8,3,-0.5139,-0.8578,2197.9,1911.8,11.95,24.25,2205.3,1938.1,12.48,25.12,1897.2,1635.0,11.99,23.82,2078.0,1872.2,12.63,26.26,2118.7,1757.7,12.55,25.22,2439.1,1969.8,13.47,26.23,2018.8,142.5,12.35,2085.27,141.34,12.47,2221.5,176.62,12.56,2532.58,359.79,13.17,0.0079,-0.0115,0.0206,0.0509,0.0548,1.082,2214.4,2046.6,1969.5,2033.4,11.62,24.75,0,HOLD_NEUTRAL
2022-08-03,1846.4,2214.4,24.54,12.14,114.63,317.76,84.81,645.67,4229.5,6.9748,78.72,50.96,11.53,388.1,8.65,6,3,0,1,2,8,3,-0.5286,-0.8489,2094.4,1935.7,12.89,24.83,2197.9,1911.8,11.95,24.25,2205.3,1938.1,12.48,25.12,1924.9,1709.4,12.26,23.37,2352.4,1955.5,12.91,25.44,2376.6,1990.4,12.85,26.18,2060.16,152.38,12.34,2075.41,125.17,12.42,2216.09,174.17,12.54,2520.38,357.93,13.14,0.1504,-0.0587,-0.0098,0.0532,0.0518,1.1993,2204.5,1977.8,2026.5,1914.7,11.87,24.41,-1,WAIT
2022-08-04,1932.0,2204.5,25.6,12.22,110.5,295.12,83.7,661.38,4251.0,7.024,78.71,50.8,11.8,388.1,8.6,7,4,0,1,3,8,3,-0.5431,-0.8397,2214.4,1846.4,12.14,24.54,2094.4,1935.7,12.89,24.83,2197.9,1911.8,11.95,24.25,1915.8,1724.9,12.3,24.3,2204.9,1932.3,12.81,26.31,2432.7,2021.8,12.56,24.77,2101.4,145.72,12.33,2075.39,125.13,12.38,2208.49,169.3,12.53,2507.81,355.51,13.11,0.1507,-0.0002,-0.0065,0.0541,0.0501,1.141,2149.1,2074.3,2125.0,1830.1,12.92,24.74,-1,WAIT
2022-08-05,1789.8,2149.1,25.68,12.19,107.25,294.59,86.64,672.43,4197.3,6.9854,79.12,51.39,11.48,388.1,8.39,6,3,0,1,4,8,3,-0.5575,-0.8302,2204.5,1932.0,12.22,25.6,2214.4,1846.4,12.14,24.54,2094.4,1935.7,12.89,24.83,1896.1,1687.7,12.61,22.89,2064.7,1818.2,12.64,24.04,2299.2,2030.9,12.99,26.02,2137.54,114.3,12.27,2081.41,126.6,12.34,2203.48,168.74,12.5,2495.95,355.4,13.09,0.1334,0.0409,-0.0333,0.0552,0.0499,1.2007,2101.9,2096.6,2124.6,1697.4,12.57,24.6,0,HOLD_NEUTRAL
2022-08-08,1833.1,2101.9,24.31,12.05,112.4,295.28,86.82,676.99,4150.0,7.0793,79.09,52.02,11.62,388.2,8.52,6,3,0,1,0,8,3,-0.5996,-0.8003,2149.1,1789.8,12.19,25.68,2204.5,1932.0,12.22,25.6,2214.4,1846.4,12.14,24.54,1897.2,1635.0,11.99,23.82,2212.6,1905.1,13.16,25.26,2335.9,1995.0,12.71,24.84,2166.79,51.48,12.27,2073.51,121.12,12.27,2195.68,167.82,12.48,2483.3,355.7,13.06,0.1079,-0.05,0.005,0.0562,0.0535,1.1466,2050.9,2036.3,2287.8,1710.8,12.34,24.28,0,HOLD_NEUTRAL
2022-08-09,1841.4,2050.9,24.45,11.87,117.16,302.83,85.3,664.12,4216.6,7.0153,78.82,52.28,11.94,388.3,8.56,6,4,0,1,1,8,3,-0.6132,-0.7899,2101.9,1833.1,12.05,24.31,2149.1,1789.8,12.19,25.68,2204.5,1932.0,12.22,25.6,2205.3,1938.1,12.48,25.12,2121.5,1790.0,12.01,24.27,2492.5,2083.5,13.32,27.7,2144.73,63.83,12.19,2068.46,120.44,12.26,2180.96,160.07,12.43,2468.55,354.96,13.04,-0.07,-0.0333,-0.0489,0.0559,0.0571,1.1138,2041.2,1914.9,2063.5,1701.7,12.11,24.42,-1,WAIT
2022-08-10,1682.8,2041.2,24.4,11.87,118.72,306.41,83.94,655.49,4179.8,7.0882,78.75,51.85,11.87,388.3,8.37,5,4,0,1,2,8,3,-0.6267,-0.7792,2050.9,1841.4,11.87,24.45,2101.9,1833.1,12.05,24.31,2149.1,1789.8,12.19,25.68,2197.9,1911.8,11.95,24.25,2028.1,1748.4,12.0,23.68,2475.5,2106.2,12.06,25.95,2122.34,69.31,12.18,2069.4,120.15,12.25,2166.49,151.95,12.42,2455.52,356.08,12.99,-0.0713,0.0065,-0.0067,0.0552,0.0582,1.213,2046.6,1925.2,2064.7,1744.7,12.56,24.39,-1,WAIT
2022-08-11,1779.6,2046.6,24.75,11.62,116.83,308.55,87.74,660.74,4191.1,7.0722,79.39,51.45,12.12,388.3,8.47,6,4,0,1,3,8,3,-0.64,-0.7683,2041.2,1682.8,11.87,24.4,2050.9,1841.4,11.87,24.45,2101.9,1833.1,12.05,24.31,2094.4,1935.7,12.89,24.83,2078.0,1872.2,12.63,26.26,2369.6,2015.0,12.91,25.84,2115.51,74.67,11.99,2067.16,120.27,12.17,2155.72,148.46,12.38,2440.37,353.78,12.94,-0.0228,-0.0151,-0.0985,0.0569,0.0571,1.15,1977.8,1969.5,2174.1,1705.1,11.41,24.65,0,HOLD_NEUTRAL
2022-08-12,1717.6,1977.8,24.41,11.87,116.23,322.11,87.27,686.0,4207.0,7.0197,79.12,51.59,11.76,388.4,8.49,6,3,0,1,4,8,3,-0.6532,-0.7572,2046.6,1779.6,11.62,24.75,2041.2,1682.8,11.87,24.4,2050.9,1841.4,11.87,24.45,2214.4,1846.4,12.14,24.54,1924.9,1709.4,12.26,23.37,2382.4,1981.8,12.56,25.12,2081.71,75.99,11.96,2070.94,116.22,12.15,2142.23,145.51,12.36,2426.04,354.83,12.91,-0.1068,0.0275,-0.0222,0.0578,0.0588,1.1515,2074.3,2026.5,2099.0,1605.2,11.65,24.79,0,HOLD_NEUTRAL
2022-08-15,1772.5,2074.3,24.74,12.92,116.37,285.75,85.84,677.77,4209.2,7.0076,78.71,51.46,11.61,388.5,8.53,6,3,0,1,0,8,3,-0.6914,-0.7225,1977.8,1717.6,11.87,24.41,2046.6,1779.6,11.62,24.75,2041.2,1682.8,11.87,24.4,2204.5,1932.0,12.22,25.6,1915.8,1724.9,12.3,24.3,2395.2,2066.5,12.5,25.51,2063.11,53.55,12.06,2082.26,107.32,12.19,2131.54,137.87,12.37,2412.39,352.29,12.9,-0.0591,0.0827,0.0573,0.0525,0.0561,1.1703,2096.6,2125.0,2079.3,1610.0,11.99,24.61,0,HOLD_NEUTRAL
2022-08-16,1841.1,2096.6,24.6,12.57,113.68,306.99,89.26,684.24,4227.1,7.0341,78.74,50.91,11.75,388.5,8.16,7,4,0,1,1,8,3,-0.7037,-0.7105,2074.3,1772.5,12.92,24.74,1977.8,1717.6,11.87,24.41,2046.6,1779.6,11.62,24.75,2149.1,1789.8,12.19,25.68,1896.1,1687.7,12.61,22.89,2367.7,1939.8,12.47,27.01,2055.61,41.91,12.11,2096.58,92.99,12.19,2122.5,130.54,12.38,2398.84,348.45,12.88,-0.0244,0.1057,0.0312,0.0544,0.0542,1.1388,2036.3,2124.6,2098.9,1623.7,12.04,24.8,0,HOLD_NEUTRAL
2022-08-17,1839.3,2036.3,24.28,12.34,115.34,298.04,83.93,650.21,4247.9,7.037,78.98,51.5,11.71,388.5,8.48,6,3,0,1,2,8,3,-0.7158,-0.6983,2096.6,1841.1,12.57,24.6,2074.3,1772.5,12.92,24.74,1977.8,1717.6,11.87,24.41,2101.9,1833.1,12.05,24.31,1897.2,1635.0,11.99,23.82,2359.7,2006.4,12.53,26.26,2046.24,36.86,12.15,2106.51,75.91,12.21,2111.72,123.44,12.37,2381.56,340.06,12.85,-0.0312,0.0733,0.0241,0.0527,0.0566,1.1071,1914.9,2287.8,2169.1,1665.5,12.29,24.29,1,CHARTER_NOW
2022-08-18,1698.9,1914.9,24.42,12.11,121.4,297.61,83.02,626.19,4211.6,7.0508,79.26,50.77,11.71,388.6,8.43,6,4,0,1,3,8,3,-0.7277,-0.6859,2036.3,1839.3,12.34,24.28,2096.6,1841.1,12.57,24.6,2074.3,1772.5,12.92,24.74,2050.9,1841.4,11.87,24.45,2205.3,1938.1,12.48,25.12,2202.2,1812.0,12.54,24.25,2026.81,61.56,12.19,2085.77,85.87,12.19,2102.14,127.26,12.36,2360.3,328.31,12.81,-0.0663,-0.1317,0.0202,0.0517,0.0634,1.1271,1925.2,2063.5,1921.7,1645.8,11.98,25.26,1,CHARTER_NOW
2022-08-19,1722.4,1925.2,24.39,12.56,113.34,297.14,84.44,660.33,4239.5,7.0173,79.23,51.44,11.74,388.6,8.5,6,2,0,1,4,8,3,-0.7394,-0.6733,1914.9,1698.9,12.11,24.42,2036.3,1839.3,12.34,24.28,2096.6,1841.1,12.57,24.6,2041.2,1682.8,11.87,24.4,2197.9,1911.8,11.95,24.25,2394.1,2022.4,12.23,26.6,2010.24,71.81,12.28,2066.29,89.33,12.23,2086.51,118.67,12.37,2340.2,317.03,12.78,-0.0568,-0.1241,0.0581,0.0526,0.0589,1.1177,1969.5,2064.7,1957.7,1624.1,12.18,22.55,1,CHARTER_NOW
2022-08-22,1746.2,1969.5,24.65,11.41,121.82,294.74,85.51,668.31,4229.6,7.0636,79.38,52.43,11.56,388.7,8.7,7,3,0,1,0,8,3,-0.7731,-0.6342,1925.2,1722.4,12.56,24.39,1914.9,1698.9,12.11,24.42,2036.3,1839.3,12.34,24.28,2046.6,1779.6,11.62,24.75,2094.4,1935.7,12.89,24.83,2231.9,1918.1,12.55,25.84,1999.23,71.21,12.25,2057.37,92.49,12.12,2077.77,117.25,12.33,2323.6,309.73,12.74,-0.0377,-0.0596,-0.0181,0.0586,0.0619,1.1279,2026.5,2174.1,1955.9,1734.2,12.34,24.78,1,CHARTER_NOW
2022-08-23,1777.0,2026.5,24.79,11.65,115.92,313.95,85.93,663.59,4263.0,7.0494,78.74,51.99,11.81,388.7,8.9,6,3,0,1,1,8,3,-0.7839,-0.6208,1969.5,1746.2,11.41,24.65,1925.2,1722.4,12.56,24.39,1914.9,1698.9,12.11,24.42,1977.8,1717.6,11.87,24.41,2214.4,1846.4,12.14,24.54,2217.3,1982.9,12.93,24.89,2006.19,71.15,12.22,2043.95,80.85,12.09,2071.41,114.56,12.29,2306.55,297.0,12.7,0.0246,-0.0849,-0.0185,0.057,0.0572,1.1404,2125.0,2099.0,1921.4,1797.4,11.94,25.28,0,HOLD_NEUTRAL
2022-08-24,1785.6,2125.0,24.61,11.99,121.49,307.39,84.96,671.23,4224.8,7.0315,79.17,51.04,11.47,388.8,8.62,5,2,0,1,2,8,3,-0.7945,-0.6073,2026.5,1777.0,11.65,24.79,1969.5,1746.2,11.41,24.65,1925.2,1722.4,12.56,24.39,2074.3,1772.5,12.92,24.74,2204.5,1932.0,12.22,25.6,2118.7,1757.7,12.55,25.22,2013.43,81.12,12.09,2038.27,70.89,12.07,2071.62,114.66,12.27,2294.57,289.35,12.68,0.0244,-0.0361,-0.072,0.056,0.0572,1.1901,2124.6,2079.3,2033.4,1695.7,11.36,23.52,0,HOLD_NEUTRAL
2022-08-25,1895.2,2124.6,24.8,12.04,113.04,301.0,85.93,660.31,4229.8,7.0205,79.48,51.52,11.61,388.8,8.24,7,3,0,1,3,8,3,-0.8048,-0.5935,2125.0,1785.6,11.99,24.61,2026.5,1777.0,11.65,24.79,1969.5,1746.2,11.41,24.65,2096.6,1841.1,12.57,24.6,2149.1,1789.8,12.19,25.68,2352.4,1955.5,12.91,25.44,2017.43,86.42,12.01,2036.52,68.19,12.06,2064.02,102.3,12.24,2279.59,273.81,12.65,0.0134,-0.0114,-0.0422,0.0548,0.0532,1.121,2287.8,2098.9,1914.7,1676.2,11.82,24.77,0,HOLD_NEUTRAL
2022-08-26,1958.9,2287.8,24.29,12.29,119.71,310.7,82.94,650.76,4220.6,7.0366,79.46,51.12,11.73,388.8,8.41,7,4,0,1,4,8,3,-0.8149,-0.5796,2124.6,1895.2,12.04,24.8,2125.0,1785.6,11.99,24.61,2026.5,1777.0,11.65,24.79,2036.3,1839.3,12.34,24.28,2101.9,1833.1,12.05,24.31,2204.9,1932.3,12.81,26.31,2053.36,134.49,12.01,2049.8,94.81,12.08,2066.79,107.24,12.22,2268.67,259.61,12.62,0.1235,0.0884,-0.0041,0.053,0.0523,1.1679,2063.5,2169.1,1830.1,1714.9,12.13,24.38,-1,WAIT
2022-08-29,1820.4,2063.5,25.26,11.98,115.78,288.95,87.69,664.02,4231.4,7.0183,79.24,51.55,11.31,388.9,8.59,6,4,0,1,0,8,3,-0.8437,-0.5368,2287.8,1958.9,12.29,24.29,2124.6,1895.2,12.04,24.8,2125.0,1785.6,11.99,24.61,1914.9,1698.9,12.11,24.42,2050.9,1841.4,11.87,24.45,2064.7,1818.2,12.64,24.04,2074.59,119.93,11.99,2050.7,94.88,12.09,2066.75,107.24,12.2,2258.44,255.3,12.59,0.0776,0.0061,-0.0107,0.0554,0.0561,1.1335,2064.7,1921.7,1697.4,1499.5,11.8,23.67,-1,WAIT
2022-08-30,1761.1,2064.7,22.55,12.18,113.9,290.04,84.83,656.56,4210.9,7.0448,79.74,52.17,11.92,389.0,8.57,6,4,0,1,1,8,3,-0.8528,-0.5222,2063.5,1820.4,11.98,25.26,2287.8,1958.9,12.29,24.29,2124.6,1895.2,12.04,24.8,1925.2,1722.4,12.56,24.39,2041.2,1682.8,11.87,24.4,2212.6,1905.1,13.16,25.26,2094.51,101.08,11.93,2052.38,94.91,12.11,2061.82,103.64,12.17,2246.91,247.93,12.57,0.0725,0.0115,-0.0303,0.0539,0.0552,1.1724,2174.1,1957.7,1710.8,1608.5,11.5,24.57,-1,WAIT
2022-08-31,1848.5,2174.1,24.78,12.34,119.42,283.41,86.88,668.68,4208.5,7.0458,79.32,51.97,11.36,389.0,8.67,7,4,0,1,2,8,3,-0.8617,-0.5074,2064.7,1761.1,12.18,22.55,2063.5,1820.4,11.98,25.26,2287.8,1958.9,12.29,24.29,1969.5,1746.2,11.41,24.65,2046.6,1779.6,11.62,24.75,2121.5,1790.0,12.01,24.27,2123.74,87.58,12.07,2061.49,100.27,12.16,2063.57,105.12,12.18,2234.65,232.3,12.54,0.1039,0.0623,0.0815,0.0542,0.0549,1.1761,2099.0,1955.9,1701.7,1551.2,11.87,24.34,-1,WAIT
2022-09-01,1814.6,2099.0,25.28,11.94,122.24,294.21,85.37,663.23,4267.7,7.0513,79.43,52.99,11.9,389.0,8.45,7,4,0,1,3,9,3,-0.8703,-0.4925,2174.1,1848.5,12.34,24.78,2064.7,1761.1,12.18,22.55,2063.5,1820.4,11.98,25.26,2026.5,1777.0,11.65,24.79,1977.8,1717.6,11.87,24.41,2028.1,1748.4,12.0,23.68,2134.1,77.92,12.11,2070.14,97.69,12.17,2065.93,105.09,12.18,2222.37,219.07,12.51,0.0358,0.0613,0.0249,0.0555,0.0582,1.1567,2079.3,1921.4,1744.7,1468.8,11.6,22.8,-1,WAIT
2022-09-02,1734.0,2079.3,23.52,11.36,116.59,300.38,85.46,656.7,4203.8,7.0966,79.19,52.29,11.51,389.0,8.39,6,4,0,1,4,9,3,-0.8786,-0.4775,2099.0,1814.6,11.94,25.28,2174.1,1848.5,12.34,24.78,2064.7,1761.1,12.18,22.55,2125.0,1785.6,11.99,24.61,2074.3,1772.5,12.92,24.74,2078.0,1872.2,12.63,26.26,2127.57,80.68,12.02,2070.5,97.72,12.05,2065.98,105.1,12.13,2212.1,210.8,12.47,-0.0215,0.0024,-0.0525,0.0578,0.0561,1.1991,2098.9,2033.4,1705.1,1425.5,11.87,23.38,0,HOLD_NEUTRAL
2022-09-05,1738.9,2098.9,24.77,11.82,114.79,299.63,85.55,660.14,4234.0,7.0403,79.0,51.75,11.69,389.1,8.8,6,3,0,1,0,9,3,-0.9021,-0.4315,2079.3,1734.0,11.36,23.52,2099.0,1814.6,11.94,25.28,2174.1,1848.5,12.34,24.78,2124.6,1895.2,12.04,24.8,2096.6,1841.1,12.57,24.6,1924.9,1709.4,12.26,23.37,2123.9,81.41,11.99,2070.66,97.77,12.0,2071.78,101.79,12.12,2201.67,200.24,12.44,-0.0121,0.0011,-0.0183,0.0558,0.0547,1.207,2169.1,1914.7,1605.2,1564.8,11.61,24.72,-1,WAIT
2022-09-06,1838.2,2169.1,24.38,12.13,119.57,299.67,85.21,669.32,4281.9,7.0747,78.99,52.02,11.88,389.2,8.46,6,2,0,1,1,9,3,-0.9094,-0.4159,2098.9,1738.9,11.82,24.77,2079.3,1734.0,11.36,23.52,2099.0,1814.6,11.94,25.28,2287.8,1958.9,12.29,24.29,2036.3,1839.3,12.34,24.28,1915.8,1724.9,12.3,24.3,2106.94,46.43,11.96,2080.15,100.58,11.99,2080.22,98.87,12.11,2194.96,194.27,12.42,-0.0519,0.0652,-0.013,0.0552,0.0551,1.18,1921.7,1830.1,1610.0,1524.4,11.32,23.68,-1,WAIT
2022-09-07,1736.0,1921.7,23.67,11.8,119.87,287.66,85.44,655.73,4235.1,7.0516,79.26,51.55,12.22,389.2,8.24,6,3,0,1,2,9,3,-0.9164,-0.4002,2169.1,1838.2,12.13,24.38,2098.9,1738.9,11.82,24.77,2079.3,1734.0,11.36,23.52,2063.5,1820.4,11.98,25.26,1914.9,1698.9,12.11,24.42,1896.1,1687.7,12.61,22.89,2086.69,84.16,11.94,2080.64,99.73,11.96,2081.07,97.33,12.09,2182.86,188.13,12.39,-0.0687,0.0036,-0.015,0.0556,0.0624,1.107,1957.7,1697.4,1623.7,1529.8,11.19,24.52,-1,WAIT
2022-09-08,1700.3,1957.7,24.57,11.5,122.19,303.94,86.55,649.25,4277.6,7.0378,79.17,51.05,11.8,389.2,8.74,7,3,0,1,3,9,3,-0.9232,-0.3844,1921.7,1736.0,11.8,23.67,2169.1,1838.2,12.13,24.38,2098.9,1738.9,11.82,24.77,2064.7,1761.1,12.18,22.55,1925.2,1722.4,12.56,24.39,1897.2,1635.0,11.99,23.82,2071.4,97.48,11.84,2082.96,96.15,11.89,2083.09,93.95,12.07,2170.55,177.83,12.36,-0.0518,0.0169,-0.0558,0.0565,0.0624,1.1514,1955.9,1710.8,1665.5,1516.8,11.48,24.27,-1,WAIT
2022-09-09,1680.8,1955.9,24.34,11.87,123.75,299.39,84.38,674.8,4229.1,7.0416,78.78,52.4,11.39,389.3,8.14,6,4,0,1,4,9,3,-0.9296,-0.3685,1957.7,1700.3,11.5,24.57,1921.7,1736.0,11.8,23.67,2169.1,1838.2,12.13,24.38,2174.1,1848.5,12.34,24.78,1969.5,1746.2,11.41,24.65,2205.3,1938.1,12.48,25.12,2040.23,93.99,11.77,2081.99,97.44,11.92,2074.78,93.8,12.05,2160.88,173.34,12.34,-0.1004,-0.0069,-0.0381,0.0568,0.0633,1.1637,1921.4,1701.7,1645.8,1481.2,11.07,22.67,-1,WAIT
2022-09-12,1669.0,1921.4,22.8,11.6,120.8,302.75,85.18,675.78,4216.4,7.0441,78.99,52.24,11.98,389.4,7.73,6,4,0,1,0,9,3,-0.9474,-0.32,1955.9,1680.8,11.87,24.34,1957.7,1700.3,11.5,24.57,1921.7,1736.0,11.8,23.67,2099.0,1814.6,11.94,25.28,2026.5,1777.0,11.65,24.79,2197.9,1911.8,11.95,24.25,2014.86,99.3,11.73,2074.48,105.74,11.92,2065.56,94.86,12.04,2149.28,165.36,12.31,-0.0846,-0.0519,-0.0285,0.0583,0.0629,1.1512,2033.4,1744.7,1624.1,1552.6,11.83,24.78,-1,WAIT
2022-09-13,1758.6,2033.4,23.38,11.87,127.2,282.72,83.61,633.04,4198.6,7.0545,79.17,51.56,11.74,389.4,8.58,6,3,0,1,1,9,3,-0.9528,-0.3037,1921.4,1669.0,11.6,22.8,1955.9,1680.8,11.87,24.34,1957.7,1700.3,11.5,24.57,2079.3,1734.0,11.36,23.52,2125.0,1785.6,11.99,24.61,2094.4,1935.7,12.89,24.83,2008.3,95.79,11.8,2067.94,105.21,11.91,2063.53,94.88,12.0,2142.51,161.56,12.28,-0.0221,-0.0431,0.0449,0.0533,0.0626,1.1563,1914.7,1705.1,1734.2,1422.2,11.53,22.94,-1,WAIT
2022-09-14,1687.7,1914.7,24.72,11.61,122.25,298.9,86.23,674.65,4301.5,7.0175,79.44,51.85,11.81,389.4,8.61,6,4,0,1,2,9,3,-0.9579,-0.2873,2033.4,1758.6,11.87,23.38,1921.4,1669.0,11.6,22.8,1955.9,1680.8,11.87,24.34,2098.9,1738.9,11.82,24.77,2124.6,1895.2,12.04,24.8,2214.4,1846.4,12.14,24.54,1981.99,91.98,11.77,2052.94,111.29,11.88,2053.54,94.22,11.99,2134.82,161.22,12.26,-0.0878,-0.0988,-0.0178,0.0581,0.0638,1.1345,1830.1,1605.2,1797.4,1298.0,11.31,22.14,-1,WAIT
2022-09-15,1759.5,1830.1,23.68,11.32,120.69,287.3,82.29,633.52,4216.9,7.0025,79.26,52.39,11.91,389.5,8.51,6,4,0,1,3,9,3,-0.9627,-0.2707,1914.7,1687.7,11.61,24.72,2033.4,1758.6,11.87,23.38,1921.4,1669.0,11.6,22.8,2169.1,1838.2,12.13,24.38,2287.8,1958.9,12.29,24.29,2204.5,1932.0,12.22,25.6,1933.56,61.1,11.65,2020.25,103.98,11.81,2041.06,98.25,11.96,2124.77,161.12,12.24,-0.1563,-0.2001,-0.0668,0.056,0.0659,1.0401,1697.4,1610.0,1695.7,1454.8,10.95,22.18,-1,WAIT
2022-09-16,1619.1,1697.4,24.52,11.19,116.91,292.87,86.61,672.12,4284.0,7.0664,79.25,52.18,11.35,389.5,8.16,5,4,0,1,4,9,3,-0.9672,-0.2541,1830.1,1759.5,11.32,23.68,1914.7,1687.7,11.61,24.72,2033.4,1758.6,11.87,23.38,1921.7,1736.0,11.8,23.67,2063.5,1820.4,11.98,25.26,2149.1,1789.8,12.19,25.68,1901.51,108.66,11.57,1994.1,133.98,11.75,2026.0,114.4,11.92,2114.74,168.63,12.21,-0.1167,-0.1774,-0.0517,0.0601,0.0689,1.0484,1710.8,1623.7,1676.2,1327.6,11.45,21.28,-1,WAIT
2022-09-19,1626.2,1710.8,24.27,11.48,121.49,299.49,83.16,649.02,4226.3,7.0743,79.05,50.92,11.8,389.6,8.4,6,4,0,1,0,9,3,-0.979,-0.2039,1697.4,1619.1,11.19,24.52,1830.1,1759.5,11.32,23.68,1914.7,1687.7,11.61,24.72,1957.7,1700.3,11.5,24.57,2064.7,1761.1,12.18,22.55,2101.9,1833.1,12.05,24.31,1866.24,126.06,11.56,1968.82,151.83,11.7,2012.96,127.04,11.9,2104.32,173.96,12.19,-0.1261,-0.1714,-0.0017,0.0565,0.071,1.052,1701.7,1665.5,1714.9,1154.1,11.46,23.64,0,HOLD_NEUTRAL
2022-09-20,1627.5,1701.7,22.67,11.07,121.51,295.8,80.52,624.71,4308.5,7.07,79.31,51.87,11.72,389.6,8.35,6,3,0,1,1,9,3,-0.9824,-0.187,1710.8,1626.2,11.48,24.27,1697.4,1619.1,11.19,24.52,1830.1,1759.5,11.32,23.68,1955.9,1680.8,11.87,24.34,2174.1,1848.5,12.34,24.78,2050.9,1841.4,11.87,24.45,1829.93,132.38,11.45,1935.08,155.15,11.61,2001.32,138.89,11.88,2091.14,174.01,12.15,-0.13,-0.2173,-0.0674,0.0564,0.0714,1.0456,1744.7,1645.8,1499.5,1165.9,11.44,23.93,0,HOLD_NEUTRAL
2022-09-21,1546.7,1744.7,24.78,11.83,125.92,288.35,83.18,636.25,4340.8,7.0525,79.64,51.65,12.05,389.7,8.3,5,4,0,1,2,9,3,-0.9854,-0.1701,1701.7,1627.5,11.07,22.67,1710.8,1626.2,11.48,24.27,1697.4,1619.1,11.19,24.52,1921.4,1669.0,11.6,22.8,2099.0,1814.6,11.94,25.28,2041.2,1682.8,11.87,24.4,1804.69,128.83,11.48,1909.77,155.25,11.6,1991.44,146.3,11.88,2078.96,172.22,12.15,-0.092,-0.1688,0.0198,0.0538,0.0722,1.128,1705.1,1624.1,1608.5,1236.9,11.83,22.0,-1,WAIT
2022-09-22,1510.1,1705.1,22.94,11.53,124.58,294.4,81.59,626.5,4205.7,7.0711,79.35,52.36,11.95,389.7,8.68,5,3,0,1,3,9,3,-0.9882,-0.1531,1744.7,1546.7,11.83,24.78,1701.7,1627.5,11.07,22.67,1710.8,1626.2,11.48,24.27,2033.4,1758.6,11.87,23.38,2079.3,1734.0,11.36,23.52,2046.6,1779.6,11.62,24.75,1757.79,83.46,11.43,1883.04,156.03,11.62,1980.06,154.9,11.87,2067.89,174.56,12.13,-0.1615,-0.18,-0.0286,0.0543,0.0731,1.1291,1605.2,1734.2,1551.2,1250.7,11.5,22.69,0,HOLD_NEUTRAL
2022-09-23,1452.0,1605.2,22.14,11.31,119.58,282.48,84.18,641.44,4227.9,7.0697,78.94,52.32,11.48,389.7,8.19,7,4,0,1,4,9,3,-0.9907,-0.1361,1705.1,1510.1,11.53,22.94,1744.7,1546.7,11.83,24.78,1701.7,1627.5,11.07,22.67,1914.7,1687.7,11.61,24.72,2098.9,1738.9,11.82,24.77,1977.8,1717.6,11.87,24.41,1713.57,66.8,11.39,1847.78,159.25,11.58,1967.64,169.35,11.85,2054.94,179.59,12.11,-0.1616,-0.2352,-0.0258,0.0567,0.0745,1.1055,1610.0,1797.4,1468.8,1403.4,11.97,23.49,1,CHARTER_NOW
2022-09-26,1577.1,1610.0,22.18,10.95,124.15,302.19,81.35,623.2,4296.4,7.0725,79.03,52.48,12.07,389.8,8.45,6,4,0,1,0,9,3,-0.9964,-0.0848,1605.2,1452.0,11.31,22.14,1705.1,1510.1,11.53,22.94,1744.7,1546.7,11.83,24.78,1830.1,1759.5,11.32,23.68,2169.1,1838.2,12.13,24.38,2074.3,1772.5,12.92,24.74,1682.13,53.23,11.34,1807.84,141.6,11.5,1952.16,180.14,11.79,2041.85,182.95,12.08,-0.1203,-0.2578,-0.0327,0.0569,0.0771,1.0209,1623.7,1695.7,1425.5,1204.6,11.56,22.51,1,CHARTER_NOW
2022-09-27,1491.8,1623.7,21.28,11.45,125.99,291.63,81.58,633.91,4288.4,7.0234,79.5,51.15,11.91,389.9,8.63,6,3,0,1,1,9,3,-0.9977,-0.0677,1610.0,1577.1,10.95,22.18,1605.2,1452.0,11.31,22.14,1705.1,1510.1,11.53,22.94,1697.4,1619.1,11.19,24.52,1921.7,1736.0,11.8,23.67,2096.6,1841.1,12.57,24.6,1671.6,56.87,11.37,1786.56,145.51,11.47,1936.4,187.6,11.75,2029.45,185.69,12.06,-0.0434,-0.1551,0.0232,0.0554,0.0776,1.0884,1665.5,1676.2,1564.8,1118.4,11.69,21.88,0,HOLD_NEUTRAL
2022-09-28,1483.3,1665.5,23.64,11.46,128.97,301.15,78.83,607.46,4298.8,7.0164,79.3,51.33,11.51,389.9,8.46,5,3,0,1,2,9,3,-0.9987,-0.0505,1623.7,1491.8,11.45,21.28,1610.0,1577.1,10.95,22.18,1605.2,1452.0,11.31,22.14,1710.8,1626.2,11.48,24.27,1957.7,1700.3,11.5,24.57,2036.3,1839.3,12.34,24.28,1665.13,54.18,11.37,1765.69,139.92,11.47,1924.04,192.93,11.72,2017.88,186.39,12.05,-0.0265,-0.1493,-0.0017,0.053,0.0774,1.1228,1645.8,1714.9,1524.4,1341.0,11.1,22.76,0,HOLD_NEUTRAL
2022-09-29,1511.8,1645.8,23.93,11.44,127.16,288.4,81.27,640.82,4252.7,7.0379,79.34,52.38,11.83,389.9,8.63,6,3,0,1,3,9,3,-0.9994,-0.0333,1665.5,1483.3,11.46,23.64,1623.7,1491.8,11.45,21.28,1610.0,1577.1,10.95,22.18,1701.7,1627.5,11.07,22.67,1955.9,1680.8,11.87,24.34,1914.9,1698.9,12.11,24.42,1657.14,51.97,11.42,1743.54,131.81,11.44,1915.07,199.51,11.7,2008.6,190.85,12.03,-0.0328,-0.1585,0.0334,0.056,0.0773,1.0886,1624.1,1499.5,1529.8,1416.4,11.01,22.21,-1,WAIT
2022-09-30,1507.5,1624.1,22.0,11.83,126.99,288.0,77.57,625.33,4343.5,7.0493,79.22,51.45,12.03,390.0,8.49,6,4,0,1,4,9,3,-0.9999,-0.0161,1645.8,1511.8,11.44,23.93,1665.5,1483.3,11.46,23.64,1623.7,1491.8,11.45,21.28,1744.7,1546.7,11.83,24.78,1921.4,1669.0,11.6,22.8,1925.2,1722.4,12.56,24.39,1639.91,35.48,11.42,1722.3,124.7,11.45,1905.03,206.44,11.67,1995.77,190.38,12.02,-0.0691,-0.1547,0.0,0.0529,0.0782,1.0773,1734.2,1608.5,1516.8,1360.5,11.43,22.47,0,HOLD_NEUTRAL
2022-10-03,1603.3,1734.2,22.69,11.5,124.97,285.78,78.93,609.79,4281.5,7.0432,79.51,50.94,11.59,390.1,8.45,3,3,0,0,0,10,4,-0.9994,0.0355,1624.1,1507.5,11.83,22.0,1645.8,1511.8,11.44,23.93,1665.5,1483.3,11.46,23.64,1705.1,1510.1,11.53,22.94,2033.4,1758.6,11.87,23.38,1969.5,1746.2,11.41,24.65,1644.07,44.85,11.42,1700.93,87.32,11.43,1897.19,208.36,11.68,1987.48,190.76,12.0,0.0171,-0.1471,-0.0026,0.053,0.0721,1.0816,1797.4,1551.2,1481.2,1388.9,11.13,22.31,-1,WAIT
2022-10-04,1642.9,1797.4,23.49,11.97,126.25,297.65,83.0,647.29,4235.9,6.9944,79.32,52.07,12.11,390.1,8.44,5,4,0,0,1,10,4,-0.9986,0.0527,1734.2,1603.3,11.5,22.69,1624.1,1507.5,11.83,22.0,1645.8,1511.8,11.44,23.93,1605.2,1452.0,11.31,22.14,1914.7,1687.7,11.61,24.72,2026.5,1777.0,11.65,24.79,1671.53,69.27,11.51,1692.55,68.92,11.45,1889.55,207.66,11.69,1980.48,189.88,11.99,0.1197,-0.0613,0.0584,0.0541,0.0702,1.094,1695.7,1468.8,1552.6,1308.8,11.4,23.43,-1,WAIT
2022-10-05,1523.8,1695.7,22.51,11.56,129.23,285.33,82.9,649.69,4270.8,7.1025,79.36,51.48,11.53,390.1,8.49,4,4,0,0,2,10,4,-0.9976,0.0698,1797.4,1642.9,11.97,23.49,1734.2,1603.3,11.5,22.69,1624.1,1507.5,11.83,22.0,1610.0,1577.1,10.95,22.18,1830.1,1759.5,11.32,23.68,2125.0,1785.6,11.99,24.61,1683.77,63.96,11.6,1682.95,56.54,11.47,1875.24,205.66,11.67,1973.43,192.5,11.97,0.0532,-0.0734,0.0557,0.0562,0.0762,1.1128,1676.2,1425.5,1422.2,1340.7,11.49,22.08,-1,WAIT
2022-10-06,1587.1,1676.2,21.88,11.69,121.18,295.05,82.1,643.91,4238.7,7.0429,79.2,52.77,11.68,390.2,8.28,4,3,0,0,3,10,4,-0.9962,0.087,1695.7,1523.8,11.56,22.51,1797.4,1642.9,11.97,23.49,1734.2,1603.3,11.5,22.69,1623.7,1491.8,11.45,21.28,1697.4,1619.1,11.19,24.52,2124.6,1895.2,12.04,24.8,1691.27,58.59,11.64,1681.44,56.4,11.5,1860.29,203.19,11.66,1962.16,189.71,11.95,0.0323,-0.0125,0.021,0.0551,0.0723,1.0561,1714.9,1564.8,1298.0,1363.7,10.61,22.46,-1,WAIT
2022-10-07,1545.6,1714.9,22.76,11.1,124.54,286.9,79.44,621.08,4337.7,7.0565,79.65,51.95,11.65,390.2,8.1,4,4,0,0,4,10,4,-0.9946,0.1041,1676.2,1587.1,11.69,21.88,1695.7,1523.8,11.56,22.51,1797.4,1642.9,11.97,23.49,1665.5,1483.3,11.46,23.64,1710.8,1626.2,11.48,24.27,2287.8,1958.9,12.29,24.29,1698.33,57.94,11.58,1681.73,56.58,11.48,1841.2,187.98,11.62,1953.99,189.63,11.92,0.0297,0.0024,-0.0314,0.056,0.0726,1.1095,1499.5,1524.4,1454.8,1231.9,10.78,22.82,-1,WAIT
2022-10-10,1431.9,1499.5,22.21,11.01,123.4,274.5,80.94,639.29,4262.3,7.0893,79.38,51.88,12.12,390.3,8.54,3,3,0,0,0,10,4,-0.9879,0.1553,1714.9,1545.6,11.1,22.76,1676.2,1587.1,11.69,21.88,1695.7,1523.8,11.56,22.51,1645.8,1511.8,11.44,23.93,1701.7,1627.5,11.07,22.67,2063.5,1820.4,11.98,25.26,1677.43,94.74,11.52,1667.29,74.16,11.47,1822.4,193.11,11.59,1944.57,197.89,11.89,-0.0889,-0.1188,-0.0376,0.0581,0.0823,1.0472,1608.5,1529.8,1327.6,1104.5,11.26,22.82,0,HOLD_NEUTRAL
2022-10-11,1543.8,1608.5,22.47,11.43,127.29,284.6,80.86,635.65,4303.8,6.9819,79.6,51.59,11.75,390.3,8.58,4,4,0,0,1,10,4,-0.9851,0.1722,1499.5,1431.9,11.01,22.21,1714.9,1545.6,11.1,22.76,1676.2,1587.1,11.69,21.88,1624.1,1507.5,11.83,22.0,1744.7,1546.7,11.83,24.78,2064.7,1761.1,12.18,22.55,1675.2,96.38,11.47,1657.56,72.13,11.44,1807.19,191.32,11.57,1934.5,199.39,11.87,-0.0096,-0.0781,-0.0338,0.0556,0.0791,1.0419,1551.2,1516.8,1154.1,1199.1,10.68,21.6,-1,WAIT
2022-10-12,1440.7,1551.2,22.31,11.13,130.21,279.57,78.63,599.83,4271.2,7.0371,79.15,52.67,11.61,390.4,8.39,4,4,0,0,2,10,4,-0.9819,0.1892,1608.5,1543.8,11.43,22.47,1499.5,1431.9,11.01,22.21,1714.9,1545.6,11.1,22.76,1734.2,1603.3,11.5,22.69,1705.1,1510.1,11.53,22.94,2174.1,1848.5,12.34,24.78,1649.06,102.34,11.41,1646.56,75.96,11.42,1786.43,183.78,11.52,1925.0,203.87,11.85,-0.1055,-0.0903,-0.0322,0.0539,0.0839,1.0767,1468.8,1481.2,1165.9,901.3,12.27,22.34,-1,WAIT
2022-10-13,1391.5,1468.8,23.43,11.4,124.56,288.21,83.27,656.64,4267.3,7.041,79.89,52.0,11.94,390.4,8.23,4,3,0,0,3,10,4,-0.9785,0.206,1551.2,1440.7,11.13,22.31,1608.5,1543.8,11.43,22.47,1499.5,1431.9,11.01,22.21,1797.4,1642.9,11.97,23.49,1605.2,1452.0,11.31,22.14,2099.0,1814.6,11.94,25.28,1602.11,98.24,11.33,1636.82,89.25,11.42,1765.42,182.84,11.51,1915.68,211.71,11.84,-0.1828,-0.085,-0.0476,0.0576,0.0848,1.0556,1425.5,1552.6,1236.9,1180.1,11.43,22.95,1,CHARTER_NOW
2022-10-14,1421.9,1425.5,22.08,11.49,119.01,278.56,81.98,648.14,4223.2,7.0428,79.78,51.57,11.98,390.4,8.02,5,3,0,0,4,10,4,-0.9749,0.2228,1468.8,1391.5,11.4,23.43,1551.2,1440.7,11.13,22.31,1608.5,1543.8,11.43,22.47,1695.7,1523.8,11.56,22.51,1610.0,1577.1,10.95,22.18,2079.3,1734.0,11.36,23.52,1563.51,107.94,11.32,1623.64,105.64,11.46,1743.63,183.1,11.51,1904.8,219.83,11.82,-0.1593,-0.1146,-0.0061,0.0564,0.0835,1.0025,1564.8,1422.2,1250.7,882.2,10.78,21.0,0,HOLD_NEUTRAL
2022-10-17,1438.6,1564.8,22.46,10.61,125.53,293.97,79.85,613.83,4314.4,7.0483,79.01,51.36,11.99,390.5,8.34,3,3,0,0,0,10,4,-0.9621,0.2728,1425.5,1421.9,11.49,22.08,1468.8,1391.5,11.4,23.43,1551.2,1440.7,11.13,22.31,1676.2,1587.1,11.69,21.88,1623.7,1491.8,11.45,21.28,2098.9,1738.9,11.82,24.77,1547.6,96.12,11.17,1619.44,106.8,11.4,1725.82,173.06,11.47,1898.8,224.15,11.79,-0.0665,-0.0363,-0.0924,0.0579,0.0802,1.0877,1524.4,1298.0,1403.4,900.9,10.45,22.18,-1,WAIT
2022-10-18,1436.4,1524.4,22.82,10.78,129.95,285.87,80.14,625.42,4340.1,7.0972,79.29,51.76,11.8,390.6,8.05,4,3,0,0,1,10,4,-0.9572,0.2893,1564.8,1438.6,10.61,22.46,1425.5,1421.9,11.49,22.08,1468.8,1391.5,11.4,23.43,1714.9,1545.6,11.1,22.76,1665.5,1483.3,11.46,23.64,2169.1,1838.2,12.13,24.38,1520.39,61.65,11.12,1609.36,108.76,11.35,1704.33,155.22,11.43,1892.28,229.28,11.77,-0.1111,-0.0847,-0.0288,0.058,0.0852,1.0613,1529.8,1454.8,1204.6,972.2,10.95,23.24,-1,WAIT
2022-10-19,1486.9,1529.8,22.82,11.26,128.93,284.74,80.31,634.33,4263.7,7.0742,79.62,51.26,11.91,390.6,8.02,4,3,0,0,2,10,4,-0.9521,0.3057,1524.4,1436.4,10.78,22.82,1564.8,1438.6,10.61,22.46,1425.5,1421.9,11.49,22.08,1499.5,1431.9,11.01,22.21,1645.8,1511.8,11.44,23.93,1921.7,1736.0,11.8,23.67,1524.71,61.0,11.16,1601.07,110.18,11.34,1691.27,152.77,11.41,1886.17,234.0,11.75,0.0202,-0.0705,0.0227,0.0563,0.0843,1.0289,1516.8,1327.6,1118.4,971.2,10.88,21.34,-1,WAIT
2022-10-20,1553.5,1516.8,21.6,10.68,128.75,290.51,76.11,595.02,4242.8,7.0829,79.18,52.37,11.73,390.6,8.31,4,3,0,0,3,10,4,-0.9467,0.3221,1529.8,1486.9,11.26,22.82,1524.4,1436.4,10.78,22.82,1564.8,1438.6,10.61,22.46,1608.5,1543.8,11.43,22.47,1624.1,1507.5,11.83,22.0,1957.7,1700.3,11.5,24.57,1511.61,48.59,11.05,1593.41,112.17,11.26,1676.57,147.37,11.38,1879.83,238.8,11.72,-0.057,-0.0661,-0.0656,0.0557,0.0849,0.9764,1481.2,1154.1,1341.0,1040.4,10.5,21.11,-1,WAIT
2022-10-21,1458.2,1481.2,22.34,12.27,126.65,292.34,79.18,631.31,4326.2,7.0558,79.48,50.8,12.2,390.7,8.16,4,3,0,0,4,10,4,-0.941,0.3383,1516.8,1553.5,10.68,21.6,1529.8,1486.9,11.26,22.82,1524.4,1436.4,10.78,22.82,1551.2,1440.7,11.13,22.31,1734.2,1603.3,11.5,22.69,1955.9,1680.8,11.87,24.34,1501.61,46.23,11.21,1575.34,108.04,11.31,1660.75,141.72,11.39,1867.76,240.37,11.72,-0.0451,-0.1459,0.1024,0.0515,0.0855,1.0158,1552.6,1165.9,1416.4,940.5,10.51,21.78,-1,WAIT
2022-10-24,1497.3,1552.6,22.95,11.43,123.61,284.47,78.24,640.43,4243.9,7.0131,79.64,51.72,12.1,390.8,8.37,4,4,0,0,0,10,4,-0.9223,0.3864,1481.2,1458.2,12.27,22.34,1516.8,1553.5,10.68,21.6,1529.8,1486.9,11.26,22.82,1468.8,1391.5,11.4,23.43,1797.4,1642.9,11.97,23.49,1921.4,1669.0,11.6,22.8,1513.59,47.16,11.22,1557.85,87.12,11.27,1648.46,134.12,11.39,1857.01,239.78,11.71,0.0571,-0.1362,0.0026,0.056,0.0796,1.0369,1422.2,1236.9,1360.5,1031.6,10.54,20.98,-1,WAIT
2022-10-25,1416.8,1422.2,21.0,10.78,129.51,278.35,77.51,597.66,4345.4,6.9929,79.49,52.13,12.09,390.8,8.27,4,4,0,0,1,10,4,-0.9155,0.4022,1552.6,1497.3,11.43,22.95,1481.2,1458.2,12.27,22.34,1516.8,1553.5,10.68,21.6,1425.5,1421.9,11.49,22.08,1695.7,1523.8,11.56,22.51,2033.4,1758.6,11.87,23.38,1513.11,48.19,11.12,1538.31,84.46,11.22,1628.08,119.22,11.35,1845.8,244.17,11.68,-0.0023,-0.1613,-0.0618,0.0554,0.0911,1.0038,1298.0,1250.7,1388.9,1036.9,11.23,21.87,-1,WAIT
2022-10-26,1257.1,1298.0,22.18,10.45,125.34,270.33,78.66,598.29,4272.2,7.0096,79.68,51.98,12.03,390.8,8.18,3,3,0,0,2,10,4,-0.9085,0.4179,1422.2,1416.8,10.78,21.0,1552.6,1497.3,11.43,22.95,1481.2,1458.2,12.27,22.34,1564.8,1438.6,10.61,22.46,1676.2,1587.1,11.69,21.88,1914.7,1687.7,11.61,24.72,1475.0,88.85,11.09,1511.3,96.58,11.13,1607.53,121.25,11.31,1830.53,249.33,11.65,-0.1705,-0.2256,-0.0151,0.0573,0.0966,1.0325,1454.8,1403.4,1308.8,1067.7,11.3,21.86,1,CHARTER_NOW
2022-10-27,1416.9,1454.8,23.24,10.95,135.15,278.0,82.24,642.9,4266.4,7.0665,79.38,51.4,11.98,390.9,7.96,5,4,0,0,3,10,4,-0.9012,0.4335,1298.0,1257.1,10.45,22.18,1422.2,1416.8,10.78,21.0,1552.6,1497.3,11.43,22.95,1524.4,1436.4,10.78,22.82,1714.9,1545.6,11.1,22.76,1830.1,1759.5,11.32,23.68,1465.06,86.26,11.12,1492.72,77.54,11.12,1595.02,116.77,11.3,1818.04,249.05,11.63,-0.0457,-0.1517,0.0158,0.0587,0.0929,1.0267,1327.6,1204.6,1340.7,1019.7,10.72,20.37,-1,WAIT
2022-10-28,1328.2,1327.6,21.34,10.88,130.13,278.01,80.01,632.71,4314.8,7.0569,79.0,52.15,11.63,390.9,8.12,5,3,0,0,4,10,4,-0.8936,0.4489,1454.8,1416.9,10.95,23.24,1298.0,1257.1,10.45,22.18,1422.2,1416.8,10.78,21.0,1529.8,1486.9,11.26,22.82,1499.5,1431.9,11.01,22.21,1697.4,1619.1,11.19,24.52,1436.17,94.43,11.06,1480.44,89.13,11.11,1582.69,124.83,11.29,1804.34,253.09,11.61,-0.1322,-0.1146,-0.0337,0.0582,0.098,0.9995,1154.1,1118.4,1363.7,966.2,10.15,21.55,-1,WAIT
2022-10-31,1234.7,1154.1,21.11,10.5,126.58,282.94,77.67,605.41,4273.2,7.0503,79.83,51.3,12.01,391.0,8.12,4,3,0,0,0,10,4,-0.8692,0.4944,1327.6,1328.2,10.88,21.34,1454.8,1416.9,10.95,23.24,1298.0,1257.1,10.45,22.18,1516.8,1553.5,10.68,21.6,1608.5,1543.8,11.43,22.47,1710.8,1626.2,11.48,24.27,1384.36,134.02,11.04,1447.99,117.22,11.04,1564.13,144.9,11.26,1788.55,263.57,11.58,-0.2391,-0.2825,-0.0169,0.0577,0.1097,0.9347,1165.9,1341.0,1231.9,888.9,10.91,20.83,1,CHARTER_NOW
2022-11-01,1232.0,1165.9,21.78,10.51,126.61,279.04,79.58,638.58,4286.0,7.0457,79.83,51.77,11.91,391.0,8.04,3,4,0,0,1,11,4,-0.8606,0.5093,1154.1,1234.7,10.5,21.11,1327.6,1328.2,10.88,21.34,1454.8,1416.9,10.95,23.24,1481.2,1458.2,12.27,22.34,1551.2,1440.7,11.13,22.31,1701.7,1627.5,11.07,22.67,1339.31,148.28,10.79,1420.46,135.0,11.0,1546.27,159.63,11.24,1773.8,273.22,11.56,-0.2129,-0.2484,-0.1434,0.0608,0.1086,0.9463,1236.9,1416.4,1104.5,929.6,11.42,22.47,1,CHARTER_NOW
2022-11-02,1290.6,1236.9,20.98,10.54,128.4,286.28,80.92,614.16,4324.3,7.1174,80.22,52.14,12.14,391.1,8.21,5,3,0,0,2,11,4,-0.8517,0.524,1165.9,1232.0,10.51,21.78,1154.1,1234.7,10.5,21.11,1327.6,1328.2,10.88,21.34,1552.6,1497.3,11.43,22.95,1468.8,1391.5,11.4,23.43,1744.7,1546.7,11.83,24.78,1294.21,117.39,10.66,1403.9,142.63,10.94,1529.35,164.7,11.2,1760.39,279.54,11.54,-0.2033,-0.1579,-0.0779,0.0583,0.1038,0.9584,1250.7,1360.5,1199.1,1034.7,11.35,21.39,1,CHARTER_NOW
2022-11-03,1264.9,1250.7,21.87,11.23,128.05,276.01,79.91,631.7,4228.0,7.0326,79.05,52.03,12.05,391.1,8.05,3,3,0,0,3,11,4,-0.8426,0.5386,1236.9,1290.6,10.54,20.98,1165.9,1232.0,10.51,21.78,1154.1,1234.7,10.5,21.11,1422.2,1416.8,10.78,21.0,1425.5,1421.9,11.49,22.08,1705.1,1510.1,11.53,22.94,1269.71,103.27,10.72,1391.41,148.14,10.92,1514.2,168.83,11.19,1747.13,284.57,11.53,-0.1206,-0.1226,0.0417,0.0563,0.1024,0.9888,1403.4,1388.9,901.3,1115.3,11.11,21.69,1,CHARTER_NOW
2022-11-04,1381.1,1403.4,21.86,11.3,132.5,279.67,78.2,604.51,4371.7,7.0853,79.8,51.4,12.0,391.1,8.24,4,3,0,0,4,11,4,-0.8332,0.553,1250.7,1264.9,11.23,21.87,1236.9,1290.6,10.54,20.98,1165.9,1232.0,10.51,21.78,1298.0,1257.1,10.45,22.18,1564.8,1438.6,10.61,22.46,1605.2,1452.0,11.31,22.14,1284.77,115.09,10.84,1379.89,139.64,10.97,1507.47,169.09,11.19,1737.56,286.33,11.52,0.0812,-0.1031,0.0813,0.0535,0.0944,1.0161,1204.6,1308.8,1180.1,929.0,11.13,22.27,-1,WAIT
2022-11-07,1189.5,1204.6,20.37,10.72,129.63,288.46,76.78,622.75,4319.1,7.0582,79.14,52.43,11.56,391.2,8.31,4,3,0,0,0,11,4,-0.8035,0.5952,1403.4,1381.1,11.3,21.86,1250.7,1264.9,11.23,21.87,1236.9,1290.6,10.54,20.98,1454.8,1416.9,10.95,23.24,1524.4,1436.4,10.78,22.82,1610.0,1577.1,10.95,22.18,1249.03,89.49,10.81,1357.04,140.34,10.96,1493.96,176.65,11.18,1723.06,290.97,11.48,-0.172,-0.2098,-0.021,0.0581,0.1076,1.0127,1118.4,1340.7,882.2,944.0,10.83,22.03,1,CHARTER_NOW
2022-11-08,1179.8,1118.4,21.55,10.15,126.8,281.62,79.06,641.48,4273.5,7.0565,80.07,51.81,11.88,391.3,8.1,3,4,0,0,1,11,4,-0.7932,0.609,1204.6,1189.5,10.72,20.37,1403.4,1381.1,11.3,21.86,1250.7,1264.9,11.23,21.87,1327.6,1328.2,10.88,21.34,1529.8,1486.9,11.26,22.82,1623.7,1491.8,11.45,21.28,1219.14,93.71,10.71,1327.66,144.39,10.88,1477.12,187.6,11.14,1706.76,297.03,11.44,-0.1576,-0.2689,-0.0671,0.0632,0.1134,0.948,1341.0,1363.7,900.9,952.3,10.85,20.68,1,CHARTER_NOW
2022-11-09,1407.8,1341.0,20.83,10.91,135.29,278.09,78.36,603.64,4284.3,7.0939,79.76,52.17,11.79,391.3,8.34,4,3,0,0,2,11,4,-0.7826,0.6225,1118.4,1179.8,10.15,21.55,1204.6,1189.5,10.72,20.37,1403.4,1381.1,11.3,21.86,1154.1,1234.7,10.5,21.11,1516.8,1553.5,10.68,21.6,1665.5,1483.3,11.46,23.64,1245.84,98.59,10.77,1315.1,133.95,10.9,1466.3,185.71,11.12,1695.17,297.52,11.42,0.1619,-0.1159,0.039,0.0553,0.1009,0.9526,1416.4,1231.9,972.2,945.5,10.46,20.78,-1,WAIT
2022-11-10,1402.4,1416.4,22.47,11.42,129.49,273.5,79.12,611.4,4355.8,7.1027,79.41,52.6,11.95,391.3,7.98,3,3,0,0,3,11,4,-0.7718,0.6359,1341.0,1407.8,10.91,20.83,1118.4,1179.8,10.15,21.55,1204.6,1189.5,10.72,20.37,1165.9,1232.0,10.51,21.78,1481.2,1458.2,12.27,22.34,1645.8,1511.8,11.44,23.93,1281.63,109.58,10.9,1310.47,128.79,10.84,1458.65,182.76,11.12,1686.86,298.24,11.41,0.2149,-0.0437,0.0866,0.0535,0.0914,1.01,1360.5,1104.5,971.2,979.8,10.36,20.21,-1,WAIT
2022-11-11,1349.7,1360.5,21.39,11.35,131.87,272.74,78.5,624.14,4343.3,7.0518,79.85,52.37,11.82,391.3,8.03,4,4,0,0,4,11,4,-0.7607,0.6491,1416.4,1402.4,11.42,22.47,1341.0,1407.8,10.91,20.83,1118.4,1179.8,10.15,21.55,1236.9,1290.6,10.54,20.98,1552.6,1497.3,11.43,22.95,1624.1,1507.5,11.83,22.0,1299.29,111.12,11.01,1296.75,109.84,10.84,1449.87,180.86,11.1,1677.45,299.49,11.39,0.0999,-0.1237,0.0769,0.055,0.0969,1.008,1388.9,1199.1,1040.4,893.3,11.05,21.47,-1,WAIT
2022-11-14,1463.7,1388.9,21.69,11.11,127.55,270.58,79.11,613.28,4374.2,7.0836,79.54,52.36,11.85,391.4,8.22,4,3,0,0,0,11,4,-0.7262,0.6875,1360.5,1349.7,11.35,21.39,1416.4,1402.4,11.42,22.47,1341.0,1407.8,10.91,20.83,1250.7,1264.9,11.23,21.87,1422.2,1416.8,10.78,21.0,1734.2,1603.3,11.5,22.69,1319.03,113.31,10.99,1294.37,107.25,10.86,1438.36,172.96,11.09,1667.77,299.28,11.38,0.1105,-0.0234,-0.0107,0.0552,0.0918,0.9489,1308.8,901.3,940.5,760.3,9.96,20.56,-1,WAIT
2022-11-15,1249.6,1308.8,22.27,11.13,130.73,272.38,76.11,597.01,4302.9,7.0708,79.76,51.84,12.0,391.5,8.38,4,3,0,0,1,11,4,-0.7143,0.6998,1388.9,1463.7,11.11,21.69,1360.5,1349.7,11.35,21.39,1416.4,1402.4,11.42,22.47,1403.4,1381.1,11.3,21.86,1298.0,1257.1,10.45,22.18,1797.4,1642.9,11.97,23.49,1305.51,107.03,10.97,1295.14,107.32,10.91,1422.07,160.54,11.06,1655.81,299.04,11.37,-0.0674,0.0083,-0.015,0.0536,0.0999,1.0474,1340.7,1180.1,1031.6,888.7,10.01,20.19,-1,WAIT
2022-11-16,1282.6,1340.7,22.03,10.83,130.63,281.57,79.31,619.58,4338.3,7.0603,79.74,52.17,11.83,391.5,8.41,4,4,0,0,2,11,4,-0.7021,0.712,1308.8,1249.6,11.13,22.27,1388.9,1463.7,11.11,21.69,1360.5,1349.7,11.35,21.39,1204.6,1189.5,10.72,20.37,1454.8,1416.9,10.95,23.24,1695.7,1523.8,11.56,22.51,1324.96,97.59,10.99,1286.99,98.2,10.9,1410.24,152.56,11.03,1642.74,295.3,11.35,0.113,-0.0784,0.0103,0.0572,0.0974,1.0453,1363.7,882.2,1036.9,802.4,10.06,19.32,-1,WAIT
2022-11-17,1438.4,1363.7,20.68,10.85,123.65,273.71,77.15,581.59,4344.0,7.0664,80.13,51.84,11.94,391.5,8.56,4,3,0,0,3,11,4,-0.6898,0.724,1340.7,1282.6,10.83,22.03,1308.8,1249.6,11.13,22.27,1388.9,1463.7,11.11,21.69,1118.4,1179.8,10.15,21.55,1327.6,1328.2,10.88,21.34,1676.2,1587.1,11.69,21.88,1360.0,35.08,11.09,1289.57,99.81,10.9,1399.82,144.22,11.01,1630.06,290.56,11.33,0.2193,0.0272,0.069,0.0536,0.0907,0.9481,1231.9,900.9,1067.7,811.7,9.91,20.19,-1,WAIT
2022-11-18,1270.7,1231.9,20.78,10.46,136.21,264.72,80.39,626.51,4354.6,7.0399,80.16,51.05,11.61,391.6,8.15,4,2,0,0,4,11,4,-0.6772,0.7358,1363.7,1438.4,10.85,20.68,1340.7,1282.6,10.83,22.03,1308.8,1249.6,11.13,22.27,1341.0,1407.8,10.91,20.83,1154.1,1234.7,10.5,21.11,1714.9,1545.6,11.1,22.76,1344.41,60.18,11.02,1295.13,93.67,10.89,1383.72,134.46,10.99,1612.46,281.89,11.3,-0.0814,0.0674,-0.0412,0.0599,0.1106,0.9695,1104.5,972.2,1019.7,725.3,10.37,20.2,-1,WAIT
2022-11-21,1174.8,1104.5,20.21,10.36,133.94,287.57,75.28,583.64,4373.2,7.052,79.58,51.88,11.76,391.7,8.2,4,3,0,0,0,11,4,-0.6384,0.7697,1231.9,1270.7,10.46,20.78,1363.7,1438.4,10.85,20.68,1340.7,1282.6,10.83,22.03,1416.4,1402.4,11.42,22.47,1165.9,1232.0,10.51,21.78,1499.5,1431.9,11.01,22.21,1299.86,100.18,10.87,1290.74,101.31,10.88,1370.55,141.87,10.96,1596.48,283.07,11.28,-0.2202,-0.0527,-0.0928,0.0563,0.1213,0.9402,1199.1,971.2,966.2,1997.7,10.06,21.86,-1,WAIT
2022-11-22,1187.5,1199.1,21.47,11.05,128.58,276.17,79.51,614.77,4309.8,7.044,80.0,51.84,12.06,391.7,8.01,4,3,0,0,1,11,4,-0.625,0.7806,1104.5,1174.8,10.36,20.21,1231.9,1270.7,10.46,20.78,1363.7,1438.4,10.85,20.68,1360.5,1349.7,11.35,21.39,1236.9,1290.6,10.54,20.98,1608.5,1543.8,11.43,22.47,1276.8,102.44,10.83,1288.04,103.34,10.92,1356.91,137.82,10.95,1582.05,280.85,11.26,-0.1186,-0.0306,-0.0264,0.0556,0.1072,1.0098,901.3,1040.4,888.9,1949.0,10.8,20.49,-1,WAIT
2022-11-23,1079.2,901.3,20.56,9.96,126.36,262.68,76.61,618.28,4332.0,7.0887,79.83,52.02,11.68,391.7,7.96,4,3,0,0,2,11,4,-0.6115,0.7912,1199.1,1187.5,11.05,21.47,1104.5,1174.8,10.36,20.21,1231.9,1270.7,10.46,20.78,1388.9,1463.7,11.11,21.69,1250.7,1264.9,11.23,21.87,1551.2,1440.7,11.13,22.31,1207.14,161.98,10.66,1263.09,146.31,10.83,1335.24,156.1,10.91,1560.84,283.43,11.22,-0.3511,-0.2794,-0.1035,0.0621,0.1402,0.8352,1180.1,940.5,929.6,2072.2,9.66,21.43,1,CHARTER_NOW
2022-11-24,1262.5,1180.1,20.19,10.01,131.04,269.39,74.95,574.6,4315.8,7.059,79.39,51.62,12.18,391.8,8.26,4,3,0,0,3,11,4,-0.5978,0.8016,901.3,1079.2,9.96,20.56,1199.1,1187.5,11.05,21.47,1104.5,1174.8,10.36,20.21,1308.8,1249.6,11.13,22.27,1403.4,1381.1,11.3,21.86,1468.8,1391.5,11.4,23.43,1188.76,155.71,10.5,1247.14,141.94,10.74,1325.62,156.48,10.87,1545.52,278.64,11.19,-0.0983,-0.1591,-0.1006,0.0574,0.111,0.9347,882.2,1031.6,1034.7,2205.6,10.86,20.09,-1,WAIT
2022-11-25,989.9,882.2,19.32,10.06,130.23,272.99,75.13,600.61,4336.5,7.0231,79.58,51.26,12.13,391.8,8.05,5,3,0,0,4,11,4,-0.584,0.8118,1180.1,1262.5,10.01,20.19,901.3,1079.2,9.96,20.56,1199.1,1187.5,11.05,21.47,1340.7,1282.6,10.83,22.03,1204.6,1189.5,10.72,20.37,1425.5,1421.9,11.49,22.08,1123.26,176.22,10.39,1224.11,172.28,10.69,1307.51,174.88,10.82,1525.57,282.61,11.16,-0.342,-0.2676,-0.0711,0.0597,0.1476,0.8912,900.9,1036.9,1115.3,2224.9,10.03,19.62,1,CHARTER_NOW
2022-11-28,1049.6,900.9,20.19,9.91,131.11,284.41,75.29,588.65,4366.2,7.041,80.36,52.03,11.88,391.9,8.45,3,3,0,0,0,11,4,-0.5413,0.8408,882.2,989.9,10.06,19.32,1180.1,1262.5,10.01,20.19,901.3,1079.2,9.96,20.56,1363.7,1438.4,10.85,20.68,1118.4,1179.8,10.15,21.55,1564.8,1438.6,10.61,22.46,1057.14,156.71,10.26,1208.57,191.31,10.67,1285.38,183.01,10.79,1505.6,283.73,11.13,-0.3394,-0.1945,-0.0866,0.0594,0.1455,0.8583,972.2,1067.7,929.0,2272.8,9.6,19.8,1,CHARTER_NOW
2022-11-29,1085.4,972.2,20.2,10.37,130.6,262.78,76.51,596.9,4285.0,6.967,79.87,50.94,12.54,391.9,7.9,4,4,0,0,1,11,4,-0.5268,0.85,900.9,1049.6,9.91,20.19,882.2,989.9,10.06,19.32,1180.1,1262.5,10.01,20.19,1231.9,1270.7,10.46,20.78,1341.0,1407.8,10.91,20.83,1524.4,1436.4,10.78,22.82,1020.04,138.08,10.25,1182.23,196.98,10.63,1266.97,185.89,10.78,1485.65,278.31,11.1,-0.2108,-0.275,-0.0086,0.0576,0.1343,0.8957,971.2,1019.7,944.0,2329.4,10.18,21.03,1,CHARTER_NOW
2022-11-30,1114.3,971.2,21.86,10.06,131.62,277.87,76.56,610.12,4382.9,7.0483,80.04,52.45,12.19,392.0,8.29,5,2,0,0,2,11,4,-0.5121,0.859,972.2,1085.4,10.37,20.2,900.9,1049.6,9.91,20.19,882.2,989.9,10.06,19.32,1104.5,1174.8,10.36,20.21,1416.4,1402.4,11.42,22.47,1529.8,1486.9,11.26,22.82,1001.0,133.61,10.2,1150.43,192.14,10.54,1248.35,186.63,10.74,1469.81,280.12,11.07,-0.1207,-0.3143,-0.029,0.0606,0.1355,0.8716,1040.4,966.2,952.3,2277.8,9.95,21.27,0,HOLD_NEUTRAL
2022-12-01,1089.9,1040.4,20.49,10.8,134.63,280.51,74.47,590.48,4305.3,7.0645,79.74,51.51,11.75,392.0,7.99,4,3,0,0,3,12,4,-0.4972,0.8676,971.2,1114.3,10.06,21.86,972.2,1085.4,10.37,20.2,900.9,1049.6,9.91,20.19,1199.1,1187.5,11.05,21.47,1360.5,1349.7,11.35,21.39,1516.8,1553.5,10.68,21.6,978.33,104.74,10.17,1127.56,184.1,10.5,1232.47,183.24,10.74,1454.52,278.06,11.06,-0.1323,-0.2353,-0.0226,0.0547,0.1294,0.9546,940.5,888.9,945.5,2415.5,9.83,19.91,-1,WAIT
2022-12-02,1144.5,940.5,21.43,9.66,131.82,264.76,75.34,599.16,4335.6,7.0595,79.66,51.77,12.09,392.0,8.02,2,3,0,0,4,12,4,-0.4822,0.8761,1040.4,1089.9,10.8,20.49,971.2,1114.3,10.06,21.86,972.2,1085.4,10.37,20.2,901.3,1079.2,9.96,20.56,1388.9,1463.7,11.11,21.69,1481.2,1458.2,12.27,22.34,983.93,100.91,10.12,1095.54,173.85,10.39,1214.45,184.52,10.66,1437.6,277.93,11.03,0.0435,-0.3228,-0.0301,0.062,0.1402,0.8218,1031.6,929.6,979.8,2327.7,9.45,19.81,0,HOLD_NEUTRAL
2022-12-05,1186.0,1031.6,20.09,10.86,126.63,266.85,79.12,629.67,4393.4,7.1237,79.83,51.93,11.96,392.1,8.29,4,3,0,0,0,12,4,-0.4364,0.8998,940.5,1144.5,9.66,21.43,1040.4,1089.9,10.8,20.49,971.2,1114.3,10.06,21.86,1180.1,1262.5,10.01,20.19,1308.8,1249.6,11.13,22.27,1552.6,1497.3,11.43,22.95,962.71,60.19,10.25,1075.74,163.15,10.37,1197.08,175.91,10.64,1422.77,275.41,11.01,-0.1258,-0.2118,0.0849,0.058,0.1228,0.8698,1036.9,1034.7,893.3,2291.3,10.06,19.45,0,HOLD_NEUTRAL
2022-12-06,1125.5,1036.9,19.62,10.03,134.33,260.62,78.26,608.23,4362.4,7.0817,79.76,51.94,11.8,392.2,8.04,4,3,0,0,1,12,4,-0.4208,0.9071,1031.6,1186.0,10.86,20.09,940.5,1144.5,9.66,21.43,1040.4,1089.9,10.8,20.49,882.2,989.9,10.06,19.32,1340.7,1282.6,10.83,22.03,1422.2,1416.8,10.78,21.0,984.81,53.76,10.24,1054.04,144.31,10.32,1184.24,172.95,10.61,1406.16,267.9,10.98,0.1754,-0.2266,-0.003,0.0606,0.1295,0.9213,1067.7,1115.3,760.3,2371.4,10.42,19.1,1,CHARTER_NOW
2022-12-07,1152.5,1067.7,19.8,9.6,135.2,266.33,75.83,588.29,4364.0,7.0806,79.46,50.82,11.74,392.2,8.07,2,4,0,0,2,12,4,-0.4052,0.9142,1036.9,1125.5,10.03,19.62,1031.6,1186.0,10.86,20.09,940.5,1144.5,9.66,21.43,900.9,1049.6,9.91,20.19,1363.7,1438.4,10.85,20.68,1298.0,1257.1,10.45,22.18,1008.64,46.9,10.2,1032.89,113.94,10.23,1176.56,172.84,10.59,1392.04,262.92,10.95,0.1851,-0.2171,-0.0313,0.0613,0.1266,0.9264,1019.7,929.0,888.7,2308.5,10.28,20.65,-1,WAIT
2022-12-08,1125.8,1019.7,21.03,10.18,140.01,267.05,75.0,577.01,4311.9,7.0156,79.59,52.04,12.15,392.2,8.01,5,3,0,0,3,12,4,-0.3894,0.9211,1067.7,1152.5,9.6,19.8,1036.9,1125.5,10.03,19.62,1031.6,1186.0,10.86,20.09,972.2,1085.4,10.37,20.2,1231.9,1270.7,10.46,20.78,1454.8,1416.9,10.95,23.24,1015.43,44.1,10.17,1017.74,98.5,10.21,1162.06,166.83,10.56,1378.54,260.85,10.93,0.0489,-0.1723,-0.0183,0.0567,0.1373,0.9058,966.2,944.0,802.4,2412.1,10.13,20.4,-1,WAIT
2022-12-09,1059.4,966.2,21.27,9.95,126.3,271.73,75.05,580.4,4317.9,7.0542,80.02,51.74,11.84,392.3,8.52,3,3,0,0,4,12,4,-0.3735,0.9276,1019.7,1125.8,10.18,21.03,1067.7,1152.5,9.6,19.8,1036.9,1125.5,10.03,19.62,971.2,1114.3,10.06,21.86,1104.5,1174.8,10.36,20.21,1327.6,1328.2,10.88,21.34,1014.71,44.96,10.15,1007.86,96.04,10.18,1150.01,167.52,10.53,1366.35,262.77,10.91,-0.0051,-0.1252,-0.0109,0.0583,0.1307,0.912,888.9,952.3,811.7,2556.7,10.21,20.14,0,HOLD_NEUTRAL
2022-12-12,1026.7,888.9,19.91,9.83,130.63,274.42,75.83,631.03,4390.8,7.0512,79.77,51.22,11.94,392.4,8.03,4,4,0,0,0,12,4,-0.3251,0.9457,966.2,1059.4,9.95,21.27,1019.7,1125.8,10.18,21.03,1067.7,1152.5,9.6,19.8,1040.4,1089.9,10.8,20.49,1199.1,1187.5,11.05,21.47,1154.1,1234.7,10.5,21.11,993.07,63.27,10.02,985.7,83.48,10.09,1141.17,174.16,10.51,1352.65,265.91,10.88,-0.1456,-0.2587,-0.0898,0.0642,0.147,0.8658,929.6,945.5,725.3,2320.4,10.11,19.36,1,CHARTER_NOW
2022-12-13,1061.4,929.6,19.81,9.45,123.15,260.1,72.78,589.87,4338.4,7.0424,79.88,51.14,11.78,392.4,8.17,4,3,0,0,1,12,4,-0.3088,0.9511,888.9,1026.7,9.83,19.91,966.2,1059.4,9.95,21.27,1019.7,1125.8,10.18,21.03,940.5,1144.5,9.66,21.43,901.3,1079.2,9.96,20.56,1165.9,1232.0,10.51,21.78,991.51,64.9,9.99,987.72,81.6,10.06,1133.3,178.3,10.47,1339.78,267.41,10.86,-0.0116,0.0314,-0.0217,0.0624,0.1325,0.8758,1034.7,979.8,1997.7,2396.7,9.47,21.09,1,CHARTER_NOW
2022-12-14,1222.8,1034.7,19.45,10.06,131.53,250.42,74.06,567.42,4342.8,7.0422,79.94,51.36,11.82,392.4,8.11,3,2,0,0,2,12,4,-0.2924,0.9563,929.6,1061.4,9.45,19.81,888.9,1026.7,9.83,19.91,966.2,1059.4,9.95,21.27,1031.6,1186.0,10.86,20.09,1180.1,1262.5,10.01,20.19,1236.9,1290.6,10.54,20.98,991.96,65.23,9.87,977.34,62.18,10.06,1126.56,178.07,10.46,1327.95,264.89,10.83,0.003,-0.1232,-0.0737,0.0564,0.1271,0.8462,1115.3,893.3,1949.0,2352.3,9.36,19.45,-1,WAIT
2022-12-15,1241.1,1115.3,19.1,10.42,127.95,264.49,71.43,549.84,4395.1,7.0122,79.97,50.81,11.94,392.5,8.19,3,4,0,0,3,12,4,-0.2759,0.9612,1034.7,1222.8,10.06,19.45,929.6,1061.4,9.45,19.81,888.9,1026.7,9.83,19.91,1036.9,1125.5,10.03,19.62,882.2,989.9,10.06,19.32,1250.7,1264.9,11.23,21.87,1003.16,79.42,9.93,993.99,65.84,10.08,1122.04,176.52,10.43,1318.12,261.58,10.81,0.0756,0.2642,0.0389,0.0528,0.1147,0.8986,929.0,760.3,2072.2,2553.0,9.69,19.89,-1,WAIT
2022-12-16,1121.3,929.0,20.65,10.28,135.79,266.32,75.06,596.17,4325.7,7.0284,80.18,52.46,12.05,392.5,8.02,3,3,0,0,4,12,4,-0.2593,0.9658,1115.3,1241.1,10.42,19.1,1034.7,1222.8,10.06,19.45,929.6,1061.4,9.45,19.81,1067.7,1152.5,9.6,19.8,900.9,1049.6,9.91,20.19,1403.4,1381.1,11.3,21.86,983.34,77.92,10.02,995.99,63.16,10.11,1106.23,171.63,10.39,1306.85,263.56,10.79,-0.1299,0.0312,0.0708,0.058,0.1462,0.8285,944.0,888.7,2205.6,2530.8,9.79,18.81,-1,WAIT
2022-12-19,1102.6,944.0,20.4,10.13,127.09,265.46,75.41,599.38,4375.3,7.0935,79.64,52.32,11.46,392.6,8.1,5,3,0,0,0,12,4,-0.2092,0.9779,929.0,1121.3,10.28,20.65,1115.3,1241.1,10.42,19.1,1034.7,1222.8,10.06,19.45,1019.7,1125.8,10.18,21.03,972.2,1085.4,10.37,20.2,1204.6,1189.5,10.72,20.37,972.53,77.28,10.02,993.98,64.42,10.09,1097.54,173.07,10.37,1295.75,264.6,10.78,-0.0742,-0.029,-0.0049,0.0592,0.1346,0.8562,952.3,802.4,2224.9,2552.4,10.2,19.69,-1,WAIT
2022-12-20,1033.6,952.3,20.14,10.21,124.09,260.61,73.29,584.97,4368.6,7.0632,80.07,51.74,11.98,392.6,8.21,4,3,0,0,1,12,4,-0.1923,0.9813,944.0,1102.6,10.13,20.4,929.0,1121.3,10.28,20.65,1115.3,1241.1,10.42,19.1,966.2,1059.4,9.95,21.27,971.2,1114.3,10.06,21.86,1118.4,1179.8,10.15,21.55,970.54,77.65,10.05,992.63,65.12,10.1,1092.01,175.02,10.38,1284.56,264.69,10.76,-0.0144,-0.0195,0.0261,0.0573,0.1303,0.9213,945.5,811.7,2272.8,2538.8,9.98,19.67,-1,WAIT
2022-12-21,1083.0,945.5,19.36,10.11,127.91,263.46,76.91,599.93,4368.1,7.0526,80.12,51.35,11.83,392.7,7.96,4,3,0,0,2,12,4,-0.1754,0.9845,952.3,1033.6,10.21,20.14,944.0,1102.6,10.13,20.4,929.0,1121.3,10.28,20.65,888.9,1026.7,9.83,19.91,1040.4,1089.9,10.8,20.49,1341.0,1407.8,10.91,20.83,978.63,70.33,10.09,985.85,64.71,10.05,1078.82,170.46,10.35,1272.56,263.45,10.73,0.0637,-0.0912,0.0285,0.0593,0.1353,0.873,979.8,725.3,2329.4,2705.5,9.98,19.75,-1,WAIT
2022-12-22,1155.6,979.8,21.09,9.47,123.01,273.37,71.79,566.66,4351.2,7.0678,80.18,51.35,12.26,392.7,8.35,3,4,0,0,3,12,4,-0.1585,0.9874,945.5,1083.0,10.11,19.36,952.3,1033.6,10.21,20.14,944.0,1102.6,10.13,20.4,929.6,1061.4,9.45,19.81,940.5,1144.5,9.66,21.43,1416.4,1402.4,11.42,22.47,985.8,66.98,10.1,988.66,63.43,10.04,1064.27,158.88,10.28,1261.46,261.48,10.7,0.054,0.0418,0.0021,0.0598,0.1255,0.8479,893.3,1997.7,2277.8,2795.4,11.66,23.82,1,CHARTER_NOW
2022-12-23,988.8,893.3,19.45,9.36,131.64,264.34,71.28,568.64,4350.2,7.1032,79.59,51.86,12.57,392.7,8.36,5,2,0,0,4,12,4,-0.1414,0.9899,979.8,1155.6,9.47,21.09,945.5,1083.0,10.11,19.36,952.3,1033.6,10.21,20.14,1034.7,1222.8,10.06,19.45,1031.6,1186.0,10.86,20.09,1360.5,1349.7,11.35,21.39,965.6,70.98,10.0,978.78,66.9,9.93,1048.7,151.58,10.22,1249.28,261.32,10.66,-0.1367,-0.1341,-0.0696,0.0608,0.1474,0.9034,760.3,1949.0,2415.5,2644.8,11.01,23.54,1,CHARTER_NOW
2022-12-26,998.4,760.3,19.89,9.69,122.53,258.16,74.25,585.9,4336.2,7.069,80.03,52.4,11.92,392.8,8.24,5,3,0,0,0,12,4,-0.0902,0.9959,893.3,988.8,9.36,19.45,979.8,1155.6,9.47,21.09,945.5,1083.0,10.11,19.36,1115.3,1241.1,10.42,19.1,1036.9,1125.5,10.03,19.62,1388.9,1463.7,11.11,21.69,914.89,72.98,9.89,959.02,86.41,9.91,1027.74,146.28,10.17,1233.05,260.93,10.63,-0.3183,-0.2668,-0.0701,0.0605,0.1612,0.7615,888.7,2072.2,2327.7,2528.4,11.84,22.91,1,CHARTER_NOW
2022-12-27,1164.9,888.7,18.81,9.79,129.13,256.69,75.65,567.81,4392.0,7.0853,80.4,51.1,11.65,392.9,8.13,5,4,0,0,1,12,4,-0.073,0.9973,760.3,998.4,9.69,19.89,893.3,988.8,9.36,19.45,979.8,1155.6,9.47,21.09,929.0,1121.3,10.28,20.65,1067.7,1152.5,9.6,19.8,1308.8,1249.6,11.13,22.27,909.13,73.27,9.82,946.24,82.24,9.92,1013.74,138.34,10.13,1217.9,253.9,10.59,-0.0434,-0.1677,-0.0477,0.058,0.1453,0.7629,802.4,2205.6,2291.3,2746.9,12.14,24.31,1,CHARTER_NOW
2022-12-28,1046.6,802.4,19.69,10.2,122.28,258.65,76.73,599.01,4352.9,7.0439,79.95,50.79,12.02,392.9,7.51,4,3,0,0,2,12,4,-0.0559,0.9984,888.7,1164.9,9.79,18.81,760.3,998.4,9.69,19.89,893.3,988.8,9.36,19.45,944.0,1102.6,10.13,20.4,1019.7,1125.8,10.18,21.03,1340.7,1282.6,10.83,22.03,888.9,81.16,9.83,930.71,87.63,9.93,995.8,129.07,10.11,1203.02,251.59,10.57,-0.15,-0.2131,0.0069,0.0587,0.1524,0.7667,811.7,2224.9,2371.4,2581.7,10.96,23.97,1,CHARTER_NOW
2022-12-29,1070.2,811.7,19.67,9.98,127.79,271.68,72.81,564.87,4411.3,7.0509,80.11,52.24,11.95,392.9,8.19,4,3,0,0,3,12,4,-0.0387,0.9993,802.4,1046.6,10.2,19.69,888.7,1164.9,9.79,18.81,760.3,998.4,9.69,19.89,952.3,1033.6,10.21,20.14,966.2,1059.4,9.95,21.27,1363.7,1438.4,10.85,20.68,868.81,80.25,9.8,919.68,92.42,9.93,977.4,113.18,10.08,1188.61,248.77,10.54,-0.1476,-0.1599,-0.0225,0.0566,0.1574,0.7585,725.3,2272.8,2308.5,2458.5,11.79,24.58,1,CHARTER_NOW
2022-12-30,955.1,725.3,19.75,9.98,133.96,257.52,75.51,595.58,4370.7,7.0803,80.19,50.39,12.39,393.0,8.03,3,3,0,0,4,12,4,-0.0215,0.9998,811.7,1070.2,9.98,19.67,802.4,1046.6,10.2,19.69,888.7,1164.9,9.79,18.81,945.5,1083.0,10.11,19.36,888.9,1026.7,9.83,19.91,1231.9,1270.7,10.46,20.78,837.36,87.97,9.78,907.99,105.96,9.94,960.51,111.68,10.06,1172.12,246.08,10.52,-0.2329,-0.184,-0.0129,0.0597,0.1847,0.7594,1997.7,2329.4,2412.1,2570.6,11.93,24.66,1,CHARTER_NOW
2023-01-02,1806.9,1997.7,23.82,11.66,129.73,258.24,73.44,615.22,4345.3,7.1272,79.76,50.8,12.34,393.1,8.04,4,3,0,0,0,1,1,0.0344,0.9994,725.3,955.1,9.98,19.75,811.7,1070.2,9.98,19.67,802.4,1046.6,10.2,19.69,979.8,1155.6,9.47,21.09,929.6,1061.4,9.45,19.81,1104.5,1174.8,10.36,20.21,982.77,451.76,10.09,984.29,310.27,10.1,990.28,218.94,10.1,1180.42,264.99,10.53,1.0389,1.149,0.2313,0.0528,0.0649,1.1056,1949.0,2277.8,2556.7,2441.7,12.09,23.55,1,CHARTER_NOW
2023-01-03,1691.5,1949.0,23.54,11.01,125.68,254.26,73.14,581.78,4375.1,7.1136,80.48,51.2,12.18,393.1,7.71,4,4,0,0,1,1,1,0.0516,0.9987,1997.7,1806.9,11.66,23.82,725.3,955.1,9.98,19.75,811.7,1070.2,9.98,19.67,893.3,988.8,9.36,19.45,1034.7,1222.8,10.06,19.45,1199.1,1187.5,11.05,21.47,1133.59,576.03,10.33,1049.59,403.82,10.16,1015.28,278.35,10.1,1186.09,277.65,10.53,1.1818,0.8836,0.1763,0.0528,0.0645,1.1522,2072.2,2415.5,2320.4,2511.7,11.82,23.68,1,CHARTER_NOW
2023-01-04,1846.0,2072.2,22.91,11.84,128.21,265.62,74.99,586.17,4370.2,7.0884,80.15,50.47,11.89,393.1,8.19,3,3,0,0,2,1,1,0.0688,0.9976,1949.0,1691.5,11.01,23.54,1997.7,1806.9,11.66,23.82,725.3,955.1,9.98,19.75,760.3,998.4,9.69,19.89,1115.3,1241.1,10.42,19.1,901.3,1079.2,9.96,20.56,1321.0,643.78,10.64,1117.94,488.0,10.26,1054.31,337.6,10.17,1194.78,296.76,10.54,1.7255,0.858,0.2219,0.0495,0.0619,1.1225,2205.6,2327.7,2396.7,2513.2,12.07,23.03,1,CHARTER_NOW
2023-01-05,1924.3,2205.6,24.31,12.14,128.22,271.58,74.52,597.83,4421.1,7.0756,80.16,51.92,12.15,393.2,7.8,5,3,0,0,3,1,1,0.0859,0.9963,2072.2,1846.0,11.84,22.91,1949.0,1691.5,11.01,23.54,1997.7,1806.9,11.66,23.82,888.7,1164.9,9.79,18.81,929.0,1121.3,10.28,20.65,1180.1,1262.5,10.01,20.19,1509.13,687.33,10.97,1209.13,563.42,10.4,1088.49,397.4,10.24,1207.06,322.42,10.55,1.4818,1.3742,0.24,0.0492,0.0581,1.1462,2224.9,2291.3,2352.3,2572.1,11.84,24.68,0,HOLD_NEUTRAL
2023-01-06,1918.4,2224.9,23.97,10.96,129.53,259.76,70.47,564.96,4374.0,7.1133,79.63,51.76,12.06,393.2,8.11,4,3,0,0,4,1,1,0.103,0.9947,2205.6,1924.3,12.14,24.31,2072.2,1846.0,11.84,22.91,1949.0,1691.5,11.01,23.54,802.4,1046.6,10.2,19.69,944.0,1102.6,10.13,20.4,882.2,989.9,10.06,19.32,1712.34,652.99,11.08,1300.62,618.38,10.46,1133.25,446.0,10.27,1220.38,347.17,10.54,1.7728,1.3569,0.0745,0.0515,0.0582,1.1598,2272.8,2371.4,2553.0,2616.6,12.02,25.02,1,CHARTER_NOW
2023-01-09,2000.4,2272.8,24.58,11.79,123.49,256.51,75.92,601.28,4380.7,7.0958,80.26,50.96,12.07,393.3,8.25,5,5,0,0,0,1,1,0.1542,0.988,2224.9,1918.4,10.96,23.97,2205.6,1924.3,12.14,24.31,2072.2,1846.0,11.84,22.91,811.7,1070.2,9.98,19.67,952.3,1033.6,10.21,20.14,900.9,1049.6,9.91,20.19,1921.07,541.04,11.34,1394.94,660.44,10.57,1178.98,489.57,10.33,1232.18,370.33,10.56,1.8,1.3866,0.1814,0.051,0.0543,1.1362,2329.4,2308.5,2530.8,2468.1,11.62,24.63,0,HOLD_NEUTRAL
2023-01-10,1943.9,2329.4,24.66,11.93,129.61,255.67,75.7,602.06,4440.9,7.0034,80.2,51.96,11.71,393.3,7.98,5,3,0,0,1,1,1,0.1712,0.9852,2272.8,2000.4,11.79,24.58,2224.9,1918.4,10.96,23.97,2205.6,1924.3,12.14,24.31,725.3,955.1,9.98,19.75,945.5,1083.0,10.11,19.36,972.2,1085.4,10.37,20.2,2150.23,144.69,11.62,1493.79,690.86,10.7,1224.22,530.77,10.38,1245.6,394.87,10.58,2.2116,1.4637,0.1954,0.0505,0.0556,1.1983,2277.8,2412.1,2552.4,2547.3,11.88,24.75,0,HOLD_NEUTRAL
2023-01-11,1928.5,2277.8,23.55,12.09,118.9,237.02,72.06,594.66,4410.4,7.0408,80.48,52.04,12.23,393.4,8.31,5,4,0,0,2,1,1,0.1881,0.9821,2329.4,1943.9,11.93,24.66,2272.8,2000.4,11.79,24.58,2224.9,1918.4,10.96,23.97,1997.7,1806.9,11.66,23.82,979.8,1155.6,9.47,21.09,971.2,1114.3,10.06,21.86,2190.24,133.8,11.68,1586.51,703.56,10.89,1267.77,561.98,10.45,1258.06,415.27,10.59,0.1402,1.3248,0.0369,0.0492,0.0522,1.1811,2415.5,2556.7,2538.8,2615.3,12.04,23.79,1,CHARTER_NOW
2023-01-12,2030.7,2415.5,23.68,11.82,125.37,260.01,73.86,568.68,4452.0,7.0828,80.0,51.16,12.04,393.4,7.91,5,4,0,0,3,1,1,0.205,0.9788,2277.8,1928.5,12.09,23.55,2329.4,1943.9,11.93,24.66,2272.8,2000.4,11.79,24.58,1949.0,1691.5,11.01,23.54,893.3,988.8,9.36,19.45,1040.4,1089.9,10.8,20.49,2256.89,107.14,11.8,1695.24,705.8,11.06,1313.61,597.74,10.48,1273.04,440.22,10.61,0.2394,1.704,0.0736,0.0481,0.0519,1.1895,2327.7,2320.4,2705.5,2761.5,12.24,23.85,0,HOLD_NEUTRAL
2023-01-13,1918.3,2327.7,23.03,12.07,125.65,254.95,74.01,588.94,4439.0,7.0192,79.84,50.96,12.0,393.4,8.18,4,3,0,0,4,1,1,0.2218,0.9751,2415.5,2030.7,11.82,23.68,2277.8,1928.5,12.09,23.55,2329.4,1943.9,11.93,24.66,2072.2,1846.0,11.84,22.91,760.3,998.4,9.69,19.89,940.5,1144.5,9.66,21.43,2293.39,71.24,11.83,1807.19,669.47,11.23,1359.85,621.08,10.56,1287.15,460.12,10.61,0.1233,2.0616,0.0194,0.0488,0.054,1.2134,2291.3,2396.7,2795.4,2582.8,12.35,24.74,0,HOLD_NEUTRAL
2023-01-16,1957.8,2291.3,24.68,11.84,129.06,256.68,73.56,569.1,4367.3,7.0466,79.94,52.43,11.91,393.5,7.79,5,3,0,0,0,1,1,0.2718,0.9624,2327.7,1918.3,12.07,23.03,2415.5,2030.7,11.82,23.68,2277.8,1928.5,12.09,23.55,2205.6,1924.3,12.14,24.31,888.7,1164.9,9.79,18.81,1031.6,1186.0,10.86,20.09,2305.63,60.14,11.79,1907.38,624.91,11.38,1401.84,640.41,10.6,1299.46,476.92,10.62,0.0389,1.5783,-0.0247,0.0481,0.0563,1.1703,2371.4,2352.3,2644.8,2565.4,11.75,24.45,0,HOLD_NEUTRAL
2023-01-17,1911.8,2371.4,25.02,12.02,126.93,247.66,72.08,576.79,4434.2,7.0527,79.99,51.57,11.87,393.6,8.26,4,3,0,0,1,1,1,0.2883,0.9575,2291.3,1957.8,11.84,24.68,2327.7,1918.3,12.07,23.03,2415.5,2030.7,11.82,23.68,2224.9,1918.4,10.96,23.97,802.4,1046.6,10.2,19.69,1036.9,1125.5,10.03,19.62,2326.56,52.35,11.94,2019.45,547.39,11.51,1446.32,660.22,10.66,1315.28,496.41,10.64,0.0658,1.9554,0.0967,0.048,0.0535,1.2404,2308.5,2553.0,2528.4,2661.0,12.68,24.54,1,CHARTER_NOW
2023-01-18,2009.8,2308.5,24.63,11.62,122.17,249.64,71.84,557.48,4454.1,7.0663,79.84,51.29,12.1,393.6,8.22,4,4,0,0,2,1,1,0.3047,0.9524,2371.4,1911.8,12.02,25.02,2291.3,1957.8,11.84,24.68,2327.7,1918.3,12.07,23.03,2272.8,2000.4,11.79,24.58,811.7,1070.2,9.98,19.67,1067.7,1152.5,9.6,19.8,2331.66,47.78,11.91,2126.36,426.08,11.63,1487.68,674.4,10.73,1332.12,512.68,10.66,0.0157,1.844,-0.0144,0.048,0.0529,1.1486,2412.1,2530.8,2746.9,2559.5,12.24,25.27,1,CHARTER_NOW
2023-01-19,2026.1,2412.1,24.75,11.88,123.32,248.98,72.99,571.29,4455.5,7.0655,80.45,51.88,11.69,393.6,8.14,4,4,0,0,3,1,1,0.3211,0.9471,2308.5,2009.8,11.62,24.63,2371.4,1911.8,12.02,25.02,2291.3,1957.8,11.84,24.68,2329.4,1943.9,11.93,24.66,725.3,955.1,9.98,19.75,1019.7,1125.8,10.18,21.03,2343.47,56.55,11.91,2246.85,145.58,11.76,1534.1,688.84,10.79,1348.08,531.13,10.67,0.0355,2.3257,-0.0042,0.0481,0.0511,1.1905,2556.7,2552.4,2581.7,2596.9,12.67,24.67,1,CHARTER_NOW
2023-01-20,2090.2,2556.7,23.79,12.04,126.92,259.26,75.13,587.34,4437.6,7.0657,80.47,51.28,12.2,393.7,7.96,4,5,1,0,4,1,1,0.3373,0.9414,2412.1,2026.1,11.88,24.75,2308.5,2009.8,11.62,24.63,2371.4,1911.8,12.02,25.02,2277.8,1928.5,12.09,23.55,1997.7,1806.9,11.66,23.82,966.2,1059.4,9.95,21.27,2383.31,90.58,11.9,2286.78,148.61,11.79,1587.11,704.65,10.86,1368.56,553.56,10.69,0.1224,0.2798,-0.0041,0.0488,0.0496,1.2232,2320.4,2538.8,2458.5,2493.7,12.06,25.01,0,HOLD_NEUTRAL
2023-01-23,1923.3,2320.4,23.85,12.24,125.83,248.3,73.99,594.82,4440.3,7.0998,80.11,50.82,11.83,393.8,7.75,5,4,1,0,0,1,1,0.3854,0.9227,2556.7,2090.2,12.04,23.79,2412.1,2026.1,11.88,24.75,2308.5,2009.8,11.62,24.63,2415.5,2030.7,11.82,23.68,1949.0,1691.5,11.01,23.54,888.9,1026.7,9.83,19.91,2369.73,92.07,11.96,2313.31,112.42,11.88,1634.83,704.21,10.94,1388.0,566.23,10.72,-0.0394,0.1906,0.0355,0.0486,0.0542,1.2065,2396.7,2705.5,2570.6,2763.0,11.76,24.93,1,CHARTER_NOW
2023-01-24,2002.2,2396.7,24.74,12.35,124.02,266.31,72.34,582.9,4397.0,7.0673,80.07,51.12,11.63,393.8,7.95,4,3,1,0,1,1,1,0.4012,0.916,2320.4,1923.3,12.24,23.85,2556.7,2090.2,12.04,23.79,2412.1,2026.1,11.88,24.75,2327.7,1918.3,12.07,23.03,2072.2,1846.0,11.84,22.91,929.6,1061.4,9.45,19.81,2379.59,90.5,12.0,2336.49,90.13,11.91,1683.73,704.49,11.03,1408.52,580.17,10.75,0.0296,0.1566,0.0232,0.0472,0.0517,1.197,2352.3,2795.4,2441.7,2440.1,12.92,26.58,1,CHARTER_NOW
2023-01-25,2019.9,2352.3,24.45,11.75,124.13,253.48,74.39,570.9,4379.4,7.0639,79.72,51.63,12.41,393.8,8.25,4,4,1,0,2,1,1,0.4169,0.9089,2396.7,2002.2,12.35,24.74,2320.4,1923.3,12.24,23.85,2556.7,2090.2,12.04,23.79,2291.3,1957.8,11.84,24.68,2205.6,1924.3,12.14,24.31,1034.7,1222.8,10.06,19.45,2388.3,83.22,11.99,2346.96,81.89,11.89,1727.65,703.7,11.09,1427.1,592.32,10.77,0.0266,0.0665,-0.0076,0.0486,0.0528,1.1646,2553.0,2644.8,2511.7,2527.1,12.68,25.26,1,CHARTER_NOW
2023-01-26,2141.3,2553.0,24.54,12.68,127.68,240.24,67.87,542.2,4397.6,7.0352,80.35,49.94,11.88,393.9,8.05,3,3,1,0,3,1,1,0.4325,0.9016,2352.3,2019.9,11.75,24.45,2396.7,2002.2,12.35,24.74,2320.4,1923.3,12.24,23.85,2371.4,1911.8,12.02,25.02,2224.9,1918.4,10.96,23.97,1115.3,1241.1,10.42,19.1,2414.24,103.02,12.08,2370.4,90.74,12.01,1775.58,709.49,11.16,1448.81,609.36,10.8,0.0766,0.1475,0.0549,0.0428,0.05,1.1923,2530.8,2528.4,2513.2,2523.0,12.19,23.88,0,HOLD_NEUTRAL
2023-01-27,2064.4,2530.8,25.27,12.24,123.58,248.4,75.07,581.98,4352.8,7.1066,80.6,50.86,11.91,393.9,7.71,4,3,1,0,4,1,1,0.4479,0.8941,2553.0,2141.3,12.68,24.54,2352.3,2019.9,11.75,24.45,2396.7,2002.2,12.35,24.74,2308.5,2009.8,11.62,24.63,2272.8,2000.4,11.79,24.58,929.0,1121.3,10.28,20.65,2446.0,99.19,12.17,2388.83,95.47,12.04,1828.97,703.83,11.23,1467.6,625.12,10.81,0.0963,0.1135,0.0534,0.0475,0.0488,1.2259,2552.4,2746.9,2572.1,2668.4,12.4,25.13,1,CHARTER_NOW
2023-01-30,2071.2,2552.4,24.67,12.67,124.73,244.05,69.88,540.09,4461.5,7.0564,80.05,51.76,12.28,394.0,7.78,5,6,1,0,0,1,1,0.4935,0.8698,2530.8,2064.4,12.24,25.27,2553.0,2141.3,12.68,24.54,2352.3,2019.9,11.75,24.45,2412.1,2026.1,11.88,24.75,2329.4,1943.9,11.93,24.66,944.0,1102.6,10.13,20.4,2466.04,105.19,12.28,2404.76,103.09,12.09,1882.58,695.3,11.31,1490.06,639.56,10.84,0.0582,0.0957,0.0665,0.0426,0.0489,1.2323,2538.8,2581.7,2616.6,2479.5,12.45,25.04,0,HOLD_NEUTRAL
2023-01-31,2137.7,2538.8,25.01,12.06,131.73,232.05,72.37,569.52,4405.7,7.0442,80.18,50.7,12.43,394.0,8.26,4,4,1,0,1,1,1,0.5084,0.8611,2552.4,2071.2,12.67,24.67,2530.8,2064.4,12.24,25.27,2553.0,2141.3,12.68,24.54,2556.7,2090.2,12.04,23.79,2277.8,1928.5,12.09,23.55,952.3,1033.6,10.21,20.14,2463.49,102.81,12.28,2423.4,101.96,12.09,1935.47,682.32,11.38,1513.74,651.74,10.88,-0.007,0.1146,0.0017,0.0472,0.0519,1.1876,2705.5,2458.5,2468.1,2753.1,12.22,25.74,0,HOLD_NEUTRAL
2023-02-01,2175.4,2705.5,24.93,11.76,120.01,260.08,71.02,559.25,4462.0,7.0834,80.33,51.81,11.75,394.1,8.1,4,4,1,0,2,2,1,0.5231,0.8523,2538.8,2137.7,12.06,25.01,2552.4,2071.2,12.67,24.67,2530.8,2064.4,12.24,25.27,2320.4,1923.3,12.24,23.85,2415.5,2030.7,11.82,23.68,945.5,1083.0,10.11,19.36,2518.5,115.71,12.22,2444.11,126.69,12.09,1994.13,669.82,11.43,1536.48,669.18,10.89,0.166,0.1201,-0.0392,0.0476,0.0444,1.2437,2795.4,2570.6,2547.3,2719.9,12.17,24.9,-1,WAIT
2023-02-02,2272.0,2795.4,26.58,12.92,118.4,252.94,70.73,590.06,4374.8,7.0542,80.66,51.72,11.87,394.1,7.75,5,3,1,0,3,2,1,0.5377,0.8432,2705.5,2175.4,11.76,24.93,2538.8,2137.7,12.06,25.01,2552.4,2071.2,12.67,24.67,2396.7,2002.2,12.35,24.74,2327.7,1918.3,12.07,23.03,979.8,1155.6,9.47,21.09,2575.46,141.1,12.3,2477.52,152.64,12.15,2054.65,656.91,11.55,1559.46,688.39,10.92,0.1664,0.2009,0.0462,0.0457,0.0424,1.2304,2644.8,2441.7,2615.3,2743.6,12.26,24.19,-1,WAIT
2023-02-03,2178.8,2644.8,25.26,12.68,126.6,251.25,75.17,596.33,4457.0,7.0617,80.28,50.88,11.89,394.1,7.64,4,4,1,0,4,2,1,0.5521,0.8338,2795.4,2272.0,12.92,26.58,2705.5,2175.4,11.76,24.93,2538.8,2137.7,12.06,25.01,2352.3,2019.9,11.75,24.45,2291.3,1957.8,11.84,24.68,893.3,988.8,9.36,19.45,2617.24,101.85,12.43,2502.77,148.65,12.21,2113.04,627.3,11.66,1580.87,701.94,10.94,0.1243,0.1543,0.0791,0.047,0.0479,1.2139,2528.4,2511.7,2761.5,2702.2,12.57,24.49,-1,WAIT
2023-02-06,2113.8,2528.4,23.88,12.19,121.68,248.09,72.26,554.84,4405.2,7.0859,80.3,50.58,12.26,394.2,7.86,4,4,1,0,0,2,1,0.5944,0.8042,2644.8,2178.8,12.68,25.26,2795.4,2272.0,12.92,26.58,2705.5,2175.4,11.76,24.93,2553.0,2141.3,12.68,24.54,2371.4,1911.8,12.02,25.02,760.3,998.4,9.69,19.89,2613.73,104.82,12.36,2513.99,143.82,12.22,2171.97,576.85,11.74,1599.86,712.0,10.96,-0.0096,0.0662,-0.0386,0.0455,0.0481,1.1961,2746.9,2513.2,2582.8,2800.8,12.51,25.44,0,HOLD_NEUTRAL
2023-02-07,2280.9,2746.9,25.13,12.4,122.59,236.08,73.75,574.75,4378.7,7.0685,80.3,50.72,12.4,394.2,7.62,4,5,1,0,1,2,1,0.6081,0.7938,2528.4,2113.8,12.19,23.88,2644.8,2178.8,12.68,25.26,2795.4,2272.0,12.92,26.58,2530.8,2064.4,12.24,25.27,2308.5,2009.8,11.62,24.63,888.7,1164.9,9.79,18.81,2644.6,108.1,12.38,2545.3,143.36,12.28,2233.91,532.35,11.83,1623.83,726.1,10.98,0.0854,0.1899,0.0131,0.0464,0.0446,1.2043,2581.7,2572.1,2565.4,2701.9,12.14,24.4,-1,WAIT
2023-02-08,2069.2,2581.7,25.04,12.45,120.86,242.42,73.08,589.19,4481.8,7.1479,79.91,52.32,11.86,394.3,7.95,5,5,1,0,2,2,1,0.6217,0.7833,2746.9,2280.9,12.4,25.13,2528.4,2113.8,12.19,23.88,2644.8,2178.8,12.68,25.26,2552.4,2071.2,12.67,24.67,2412.1,2026.1,11.88,24.75,802.4,1046.6,10.2,19.69,2648.79,104.44,12.35,2557.41,138.32,12.32,2293.22,461.81,11.9,1644.51,735.51,11.0,0.0115,0.0703,-0.0174,0.0473,0.0468,1.2477,2458.5,2616.6,2661.0,2854.0,12.34,25.23,0,HOLD_NEUTRAL
2023-02-09,1957.9,2458.5,25.74,12.22,122.28,251.97,74.06,608.64,4464.8,7.0765,79.91,51.87,12.36,394.3,8.47,5,3,1,0,3,2,1,0.6351,0.7725,2581.7,2069.2,12.45,25.04,2746.9,2280.9,12.4,25.13,2528.4,2113.8,12.19,23.88,2538.8,2137.7,12.06,25.01,2556.7,2090.2,12.04,23.79,811.7,1070.2,9.98,19.67,2637.31,121.54,12.37,2550.4,140.82,12.33,2348.12,367.98,11.98,1662.76,741.98,11.03,-0.0316,-0.0384,0.0133,0.0498,0.0497,1.2557,2570.6,2468.1,2559.5,2724.5,11.76,25.64,0,HOLD_NEUTRAL
2023-02-10,2096.8,2570.6,24.9,12.17,127.97,237.39,73.37,559.91,4434.6,7.0975,80.08,50.88,11.94,394.3,7.66,5,3,1,0,4,2,1,0.6483,0.7614,2458.5,1957.9,12.22,25.74,2581.7,2069.2,12.45,25.04,2746.9,2280.9,12.4,25.13,2705.5,2175.4,11.76,24.93,2320.4,1923.3,12.24,23.85,725.3,955.1,9.98,19.75,2618.04,119.61,12.43,2568.27,124.3,12.32,2409.63,205.88,12.05,1685.07,748.9,11.06,-0.0499,0.1078,0.0349,0.046,0.0498,1.226,2441.7,2547.3,2596.9,2749.0,12.29,25.51,0,HOLD_NEUTRAL
2023-02-13,2132.8,2441.7,24.19,12.26,125.16,225.91,70.97,540.02,4431.8,7.0214,80.55,50.46,12.15,394.4,7.93,5,3,1,0,0,2,1,0.6867,0.727,2570.6,2096.8,12.17,24.9,2458.5,1957.9,12.22,25.74,2581.7,2069.2,12.45,25.04,2795.4,2272.0,12.92,26.58,2396.7,2002.2,12.35,24.74,1997.7,1806.9,11.66,23.82,2567.51,106.15,12.34,2571.49,120.03,12.32,2424.43,190.64,12.07,1707.36,751.22,11.09,-0.1265,0.0188,-0.0511,0.044,0.0513,1.1448,2511.7,2615.3,2493.7,2720.7,11.3,24.23,1,CHARTER_NOW
2023-02-14,2188.6,2511.7,24.49,12.57,125.1,242.82,75.12,613.24,4447.1,7.054,80.22,50.84,11.83,394.5,8.23,4,3,1,0,1,2,1,0.6991,0.715,2441.7,2132.8,12.26,24.19,2570.6,2096.8,12.17,24.9,2458.5,1957.9,12.22,25.74,2644.8,2178.8,12.68,25.26,2352.3,2019.9,11.75,24.45,1949.0,1691.5,11.01,23.54,2548.5,101.83,12.32,2582.87,104.15,12.38,2443.18,168.67,12.12,1729.23,755.27,11.11,-0.0503,0.0678,-0.0087,0.0488,0.0498,1.1476,2513.2,2761.5,2763.0,2672.9,12.51,24.67,1,CHARTER_NOW
2023-02-15,2180.0,2513.2,25.44,12.51,117.54,243.1,72.48,577.55,4439.7,7.0475,80.18,50.88,12.06,394.5,8.11,5,4,1,0,2,2,1,0.7113,0.7029,2511.7,2188.6,12.57,24.49,2441.7,2132.8,12.26,24.19,2570.6,2096.8,12.17,24.9,2528.4,2113.8,12.19,23.88,2553.0,2141.3,12.68,24.54,2072.2,1846.0,11.84,22.91,2546.33,102.49,12.37,2580.03,105.56,12.36,2457.88,153.78,12.14,1756.1,753.99,11.15,-0.006,-0.0156,0.0263,0.0462,0.0468,1.1528,2572.1,2582.8,2440.1,2728.3,12.3,24.98,0,HOLD_NEUTRAL
2023-02-16,2116.5,2572.1,24.4,12.14,118.12,244.82,70.62,549.8,4406.3,7.0517,80.18,50.04,12.07,394.5,7.93,4,3,0,0,3,2,1,0.7233,0.6906,2513.2,2180.0,12.51,25.44,2511.7,2188.6,12.57,24.49,2441.7,2132.8,12.26,24.19,2746.9,2280.9,12.4,25.13,2530.8,2064.4,12.24,25.27,2205.6,1924.3,12.14,24.31,2521.36,56.42,12.33,2582.98,104.65,12.36,2470.1,147.48,12.14,1779.3,757.37,11.19,-0.0636,0.0163,-0.021,0.0453,0.0459,1.2153,2616.6,2565.4,2527.1,2754.1,12.75,24.64,0,HOLD_NEUTRAL
2023-02-17,2065.5,2616.6,25.23,12.34,112.45,248.91,72.71,580.82,4420.8,7.093,80.29,50.75,12.03,394.6,7.93,5,5,0,0,4,2,1,0.735,0.678,2572.1,2116.5,12.14,24.4,2513.2,2180.0,12.51,25.44,2511.7,2188.6,12.57,24.49,2581.7,2069.2,12.45,25.04,2552.4,2071.2,12.67,24.67,2224.9,1918.4,10.96,23.97,2526.34,63.71,12.32,2587.56,104.61,12.33,2483.16,142.27,12.19,1808.2,755.65,11.23,0.0135,0.0252,-0.0088,0.0471,0.043,1.2668,2468.1,2661.0,2523.0,2781.1,12.41,25.8,0,HOLD_NEUTRAL
2023-02-20,1942.4,2468.1,25.64,11.76,118.68,247.88,76.24,566.78,4507.3,7.1122,80.77,51.41,12.17,394.7,7.72,4,5,0,0,0,2,1,0.769,0.6392,2616.6,2065.5,12.34,25.23,2572.1,2116.5,12.14,24.4,2513.2,2180.0,12.51,25.44,2458.5,1957.9,12.22,25.74,2538.8,2137.7,12.06,25.01,2272.8,2000.4,11.79,24.58,2527.71,62.09,12.25,2582.51,108.77,12.31,2489.67,136.67,12.19,1834.32,750.83,11.26,0.0039,-0.0278,-0.0376,0.0482,0.0481,1.2706,2547.3,2559.5,2668.4,2659.5,12.57,25.25,0,HOLD_NEUTRAL
2023-02-21,2079.6,2547.3,25.51,12.29,124.06,244.7,75.13,590.9,4533.3,7.0917,80.32,49.67,11.9,394.7,7.89,4,4,0,0,1,2,1,0.7799,0.6259,2468.1,1942.4,11.76,25.64,2616.6,2065.5,12.34,25.23,2572.1,2116.5,12.14,24.4,2570.6,2096.8,12.17,24.9,2705.5,2175.4,11.76,24.93,2329.4,1943.9,11.93,24.66,2524.39,59.99,12.27,2571.21,103.08,12.35,2496.93,133.62,12.2,1860.58,747.7,11.29,-0.0091,-0.0585,0.0099,0.0481,0.0487,1.2249,2615.3,2596.9,2479.5,2751.3,11.7,25.39,0,HOLD_NEUTRAL
2023-02-22,2143.9,2615.3,24.23,11.3,122.37,251.39,73.03,580.56,4495.6,7.0748,80.17,51.1,11.92,394.7,7.99,5,5,0,0,2,2,1,0.7906,0.6124,2547.3,2079.6,12.29,25.51,2468.1,1942.4,11.76,25.64,2616.6,2065.5,12.34,25.23,2441.7,2132.8,12.26,24.19,2795.4,2272.0,12.92,26.58,2277.8,1928.5,12.09,23.55,2549.19,55.86,12.13,2558.35,82.04,12.23,2508.18,128.65,12.17,1887.98,744.68,11.31,0.0711,-0.0644,-0.0783,0.0514,0.0468,1.2199,2761.5,2493.7,2753.1,2799.7,12.27,24.47,-1,WAIT
2023-02-23,2312.4,2761.5,24.67,12.51,119.73,230.7,73.1,588.17,4458.8,7.0629,80.38,51.38,12.19,394.8,8.16,5,5,0,0,3,2,1,0.801,0.5987,2615.3,2143.9,11.3,24.23,2547.3,2079.6,12.29,25.51,2468.1,1942.4,11.76,25.64,2511.7,2188.6,12.57,24.49,2644.8,2178.8,12.68,25.26,2415.5,2030.7,11.82,23.68,2584.87,94.41,12.12,2566.69,96.21,12.22,2519.71,135.38,12.2,1916.66,744.62,11.34,0.0995,0.0441,-0.0048,0.047,0.0434,1.1942,2582.8,2763.0,2719.9,2588.5,12.03,26.77,0,HOLD_NEUTRAL
2023-02-24,2176.4,2582.8,24.98,12.3,120.09,245.56,73.22,565.73,4431.4,7.1155,80.82,50.29,12.37,394.8,7.81,5,3,0,0,4,2,1,0.8112,0.5848,2761.5,2312.4,12.51,24.67,2615.3,2143.9,11.3,24.23,2547.3,2079.6,12.29,25.51,2513.2,2180.0,12.51,25.44,2528.4,2113.8,12.19,23.88,2327.7,1918.3,12.07,23.03,2594.81,89.12,12.09,2570.57,95.64,12.23,2528.22,130.84,12.21,1944.03,738.29,11.38,0.0277,0.0215,-0.0168,0.046,0.0465,1.1867,2565.4,2440.1,2743.6,2771.4,11.84,26.7,-1,WAIT
2023-02-27,2133.2,2565.4,24.64,12.75,117.67,246.16,77.61,608.78,4418.8,7.1448,80.27,51.51,12.11,394.9,7.89,4,3,0,0,0,2,1,0.8402,0.5422,2582.8,2176.4,12.3,24.98,2761.5,2312.4,12.51,24.67,2615.3,2143.9,11.3,24.23,2572.1,2116.5,12.14,24.4,2746.9,2280.9,12.4,25.13,2291.3,1957.8,11.84,24.68,2593.86,89.44,12.18,2557.61,81.09,12.26,2537.35,123.07,12.24,1969.6,732.69,11.42,-0.0026,-0.0661,0.0502,0.0477,0.0459,1.2026,2661.0,2527.1,2702.2,2628.1,12.36,24.99,0,HOLD_NEUTRAL
2023-02-28,2138.6,2661.0,25.8,12.41,120.25,231.85,74.64,576.43,4422.2,7.087,80.11,50.17,12.21,394.9,7.73,4,4,0,0,1,2,1,0.8495,0.5277,2565.4,2133.2,12.75,24.64,2582.8,2176.4,12.3,24.98,2761.5,2312.4,12.51,24.67,2616.6,2065.5,12.34,25.23,2581.7,2069.2,12.45,25.04,2371.4,1911.8,12.02,25.02,2600.2,92.83,12.19,2563.27,85.55,12.25,2547.01,120.94,12.25,1996.66,727.64,11.46,0.017,0.0307,0.0057,0.0464,0.0452,1.2443,2559.5,2523.0,2800.8,2548.6,12.79,25.26,-1,WAIT
2023-03-01,2070.0,2559.5,25.25,12.57,121.76,229.58,74.8,591.73,4429.6,7.1113,80.29,50.77,12.27,395.0,7.96,4,3,0,0,2,3,1,0.8584,0.513,2661.0,2138.6,12.41,25.8,2565.4,2133.2,12.75,24.64,2582.8,2176.4,12.3,24.98,2468.1,1942.4,11.76,25.64,2458.5,1957.9,12.22,25.74,2308.5,2009.8,11.62,24.63,2613.26,76.07,12.3,2570.49,80.12,12.28,2555.37,112.24,12.28,2021.53,720.81,11.5,0.037,0.0411,0.0689,0.0471,0.0476,1.2365,2596.9,2668.4,2701.9,2545.7,12.77,25.69,1,CHARTER_NOW
2023-03-02,2154.7,2596.9,25.39,11.7,113.85,234.96,75.97,585.83,4525.4,7.0937,80.45,50.34,12.28,395.0,8.07,4,4,0,0,3,3,1,0.8671,0.4981,2559.5,2070.0,12.57,25.25,2661.0,2138.6,12.41,25.8,2565.4,2133.2,12.75,24.64,2547.3,2079.6,12.29,25.51,2570.6,2096.8,12.17,24.9,2412.1,2026.1,11.88,24.75,2620.34,71.04,12.22,2572.36,80.43,12.24,2561.53,109.13,12.27,2047.82,712.36,11.53,0.0195,0.0102,-0.048,0.0501,0.0438,1.2052,2493.7,2479.5,2854.0,2559.8,12.22,24.6,-1,WAIT
2023-03-03,2110.9,2493.7,24.47,12.27,119.69,235.3,74.63,582.57,4514.5,7.1062,80.6,50.32,11.93,395.0,8.04,4,4,0,0,4,3,1,0.8755,0.4831,2596.9,2154.7,11.7,25.39,2559.5,2070.0,12.57,25.25,2661.0,2138.6,12.41,25.8,2615.3,2143.9,11.3,24.23,2441.7,2132.8,12.26,24.19,2556.7,2090.2,12.04,23.79,2602.97,85.81,12.36,2576.08,74.95,12.24,2559.43,109.83,12.28,2073.27,700.25,11.57,-0.0465,0.0213,0.0858,0.0475,0.048,1.1813,2763.0,2753.1,2724.5,2429.7,12.74,25.32,1,CHARTER_NOW
2023-03-06,2267.9,2763.0,26.77,12.03,121.42,245.64,73.82,570.02,4480.9,7.0493,80.7,50.12,11.97,395.1,7.67,4,4,0,0,0,3,1,0.8993,0.4373,2493.7,2110.9,12.27,24.47,2596.9,2154.7,11.7,25.39,2559.5,2070.0,12.57,25.25,2761.5,2312.4,12.51,24.67,2511.7,2188.6,12.57,24.49,2320.4,1923.3,12.24,23.85,2603.19,86.28,12.29,2594.03,87.4,12.21,2574.19,106.29,12.28,2104.51,688.22,11.61,0.0005,0.1001,-0.0384,0.0474,0.0439,1.2183,2440.1,2719.9,2749.0,2361.6,12.41,24.99,0,HOLD_NEUTRAL
2023-03-07,1990.0,2440.1,26.7,11.84,116.82,235.1,74.02,591.18,4422.3,7.0698,80.19,50.82,11.99,395.2,7.93,5,4,0,0,1,3,1,0.9067,0.4218,2763.0,2267.9,12.03,26.77,2493.7,2110.9,12.27,24.47,2596.9,2154.7,11.7,25.39,2582.8,2176.4,12.3,24.98,2513.2,2180.0,12.51,25.44,2396.7,2002.2,12.35,24.74,2582.8,106.41,12.22,2588.81,94.5,12.16,2575.63,104.06,12.26,2129.68,671.94,11.65,-0.0553,-0.0291,-0.0374,0.0499,0.0479,1.2262,2527.1,2743.6,2720.7,2392.9,12.71,25.39,1,CHARTER_NOW
2023-03-08,2129.9,2527.1,24.99,12.36,120.09,233.02,74.34,595.83,4488.3,7.0965,80.22,50.88,12.51,395.2,7.76,4,3,0,0,2,3,1,0.9138,0.4061,2440.1,1990.0,11.84,26.7,2763.0,2267.9,12.03,26.77,2493.7,2110.9,12.27,24.47,2565.4,2133.2,12.75,24.64,2572.1,2116.5,12.14,24.4,2352.3,2019.9,11.75,24.45,2577.33,108.42,12.17,2585.59,95.87,12.17,2581.46,95.68,12.28,2154.56,658.21,11.68,-0.0149,-0.0175,-0.0306,0.0482,0.0475,1.1865,2523.0,2702.2,2672.9,2354.4,12.58,25.54,1,CHARTER_NOW
2023-03-09,2116.0,2523.0,25.26,12.79,126.56,234.6,74.5,583.79,4449.8,7.1213,80.38,50.36,12.23,395.2,8.1,4,4,0,0,3,3,1,0.9207,0.3904,2527.1,2129.9,12.36,24.99,2440.1,1990.0,11.84,26.7,2763.0,2267.9,12.03,26.77,2661.0,2138.6,12.41,25.8,2616.6,2065.5,12.34,25.23,2553.0,2141.3,12.68,24.54,2557.61,103.08,12.22,2578.91,96.8,12.21,2580.46,96.14,12.28,2178.02,645.5,11.72,-0.0519,-0.0358,0.0306,0.0456,0.0502,1.1923,2668.4,2800.8,2728.3,2325.3,12.49,25.95,1,CHARTER_NOW
2023-03-10,2134.2,2668.4,25.69,12.77,116.92,247.32,75.98,597.1,4384.0,7.0606,80.64,49.62,12.22,395.3,7.86,5,3,0,0,4,3,1,0.9272,0.3745,2523.0,2116.0,12.79,25.26,2527.1,2129.9,12.36,24.99,2440.1,1990.0,11.84,26.7,2559.5,2070.0,12.57,25.25,2468.1,1942.4,11.76,25.64,2530.8,2064.4,12.24,25.27,2573.17,111.3,12.25,2593.21,93.92,12.28,2585.05,96.97,12.3,2207.01,627.26,11.76,0.0425,0.0812,0.0159,0.0468,0.0438,1.2503,2479.5,2701.9,2754.1,2352.1,12.96,24.18,0,HOLD_NEUTRAL
2023-03-13,2027.7,2479.5,24.6,12.22,118.22,238.79,74.86,571.69,4472.8,7.0248,80.18,50.57,12.21,395.4,7.58,4,4,0,0,0,3,1,0.9453,0.3261,2668.4,2134.2,12.77,25.69,2523.0,2116.0,12.79,25.26,2527.1,2129.9,12.36,24.99,2596.9,2154.7,11.7,25.39,2547.3,2079.6,12.29,25.51,2552.4,2071.2,12.67,24.67,2556.4,115.88,12.33,2588.37,98.12,12.27,2582.62,98.72,12.28,2232.6,605.81,11.8,-0.0452,-0.0266,0.0444,0.0468,0.0477,1.2228,2753.1,2854.0,2781.1,2399.9,12.85,26.62,1,CHARTER_NOW
2023-03-14,2276.4,2753.1,25.32,12.74,114.3,237.11,76.19,594.52,4434.5,7.071,80.35,50.56,11.88,395.4,7.84,5,4,0,0,1,3,1,0.9508,0.3098,2479.5,2027.7,12.22,24.6,2668.4,2134.2,12.77,25.69,2523.0,2116.0,12.79,25.26,2493.7,2110.9,12.27,24.47,2615.3,2143.9,11.3,24.23,2538.8,2137.7,12.06,25.01,2593.46,132.74,12.39,2598.21,107.5,12.38,2589.76,103.09,12.31,2262.61,585.58,11.84,0.104,0.0527,0.0383,0.0467,0.0415,1.2094,2719.9,2724.5,2659.5,2246.8,12.91,25.6,0,HOLD_NEUTRAL
2023-03-15,2209.0,2719.9,24.99,12.41,116.95,237.4,74.84,588.28,4436.8,7.1165,80.36,50.18,12.53,395.4,7.97,4,3,0,0,2,3,1,0.956,0.2934,2753.1,2276.4,12.74,25.32,2479.5,2027.7,12.22,24.6,2668.4,2134.2,12.77,25.69,2763.0,2267.9,12.03,26.77,2761.5,2312.4,12.51,24.67,2705.5,2175.4,11.76,24.93,2587.3,124.3,12.45,2595.24,103.12,12.37,2590.24,103.68,12.33,2292.19,562.27,11.88,-0.0156,-0.0151,0.0316,0.0474,0.043,1.2313,2743.6,2749.0,2751.3,2224.8,13.26,27.05,0,HOLD_NEUTRAL
2023-03-16,2315.4,2743.6,25.39,12.71,117.54,247.69,75.23,623.03,4457.5,7.0389,80.75,51.31,12.24,395.5,7.92,5,4,0,0,3,3,1,0.9609,0.2769,2719.9,2209.0,12.41,24.99,2753.1,2276.4,12.74,25.32,2479.5,2027.7,12.22,24.6,2440.1,1990.0,11.84,26.7,2582.8,2176.4,12.3,24.98,2795.4,2272.0,12.92,26.58,2630.66,117.12,12.57,2606.73,110.33,12.4,2588.51,100.53,12.32,2321.58,538.08,11.93,0.1244,0.0623,0.0735,0.049,0.0428,1.1849,2702.2,2720.7,2799.7,2023.3,12.14,26.05,0,HOLD_NEUTRAL
2023-03-17,2234.5,2702.2,25.54,12.58,116.39,232.17,71.61,553.58,4450.0,7.0513,80.65,49.4,12.29,395.5,7.77,5,4,0,0,4,3,1,0.9655,0.2604,2743.6,2315.4,12.71,25.39,2719.9,2209.0,12.41,24.99,2753.1,2276.4,12.74,25.32,2527.1,2129.9,12.36,24.99,2565.4,2133.2,12.75,24.64,2644.8,2178.8,12.68,25.26,2655.67,109.78,12.6,2616.5,112.43,12.39,2590.43,102.17,12.32,2351.73,506.45,11.99,0.0693,0.0533,0.0178,0.044,0.0431,1.2093,2800.8,2672.9,2588.5,2108.7,12.52,24.81,0,HOLD_NEUTRAL
2023-03-20,2248.2,2800.8,25.95,12.49,112.2,247.45,76.97,620.95,4469.6,7.092,80.77,49.02,11.8,395.6,7.75,4,3,0,0,0,3,1,0.9777,0.2102,2702.2,2234.5,12.58,25.54,2743.6,2315.4,12.71,25.39,2719.9,2209.0,12.41,24.99,2523.0,2116.0,12.79,25.26,2661.0,2138.6,12.41,25.8,2528.4,2113.8,12.19,23.88,2695.36,103.88,12.56,2626.49,122.45,12.39,2599.51,108.39,12.33,2385.74,464.55,12.03,0.1101,0.0525,-0.0235,0.0497,0.0401,1.2458,2701.9,2728.3,2771.4,1994.7,12.44,24.39,0,HOLD_NEUTRAL
2023-03-21,2208.7,2701.9,24.18,12.96,115.83,238.96,76.06,609.16,4469.1,7.084,80.88,49.81,12.31,395.6,7.66,4,4,0,0,1,3,1,0.9811,0.1934,2800.8,2248.2,12.49,25.95,2702.2,2234.5,12.58,25.54,2743.6,2315.4,12.71,25.39,2668.4,2134.2,12.77,25.69,2559.5,2070.0,12.57,25.25,2746.9,2280.9,12.4,25.13,2700.14,103.2,12.59,2636.66,122.37,12.42,2598.01,106.57,12.35,2415.96,422.59,12.09,0.0126,0.0556,0.0149,0.047,0.0429,1.2233,2854.0,2754.1,2628.1,2067.2,12.26,25.66,0,HOLD_NEUTRAL
2023-03-22,2309.7,2854.0,26.62,12.85,119.55,235.99,77.35,609.35,4407.5,7.1056,80.48,50.58,12.08,395.7,7.78,5,3,0,0,2,3,1,0.9843,0.1765,2701.9,2208.7,12.96,24.18,2800.8,2248.2,12.49,25.95,2702.2,2234.5,12.58,25.54,2479.5,2027.7,12.22,24.6,2596.9,2154.7,11.7,25.39,2581.7,2069.2,12.45,25.04,2753.64,56.06,12.68,2655.02,134.62,12.5,2607.08,116.29,12.36,2450.15,369.48,12.13,0.151,0.099,0.0516,0.0474,0.0419,1.2357,2724.5,2781.1,2548.6,1975.9,12.34,25.38,0,HOLD_NEUTRAL
2023-03-23,2187.3,2724.5,25.6,12.91,116.0,255.76,70.46,580.24,4527.5,7.0511,80.26,49.59,11.89,395.7,7.68,5,3,0,0,3,3,1,0.9872,0.1595,2854.0,2309.7,12.85,26.62,2701.9,2208.7,12.96,24.18,2800.8,2248.2,12.49,25.95,2753.1,2276.4,12.74,25.32,2493.7,2110.9,12.27,24.47,2458.5,1957.9,12.22,25.74,2749.56,57.14,12.7,2671.51,127.28,12.55,2615.95,114.7,12.38,2482.03,302.09,12.18,-0.0104,0.0926,0.0133,0.0449,0.0426,1.2456,2749.0,2659.5,2545.7,1912.1,13.36,26.0,0,HOLD_NEUTRAL
2023-03-24,2193.7,2749.0,27.05,13.26,117.35,228.91,79.56,625.45,4441.0,7.0784,80.27,49.6,11.97,395.7,8.04,4,3,0,0,4,3,1,0.9898,0.1425,2724.5,2187.3,12.91,25.6,2854.0,2309.7,12.85,26.62,2701.9,2208.7,12.96,24.18,2719.9,2209.0,12.41,24.99,2763.0,2267.9,12.03,26.77,2570.6,2096.8,12.17,24.9,2753.71,55.66,12.82,2670.51,126.56,12.64,2621.9,116.87,12.42,2515.76,197.49,12.23,0.0107,-0.0051,0.0685,0.0472,0.0427,1.2531,2720.7,2751.3,2559.8,1879.2,13.12,26.15,0,HOLD_NEUTRAL
2023-03-27,2256.3,2720.7,26.05,12.14,113.21,234.01,75.67,599.24,4445.6,7.1247,80.13,50.64,11.91,395.8,7.66,5,4,0,0,0,3,1,0.9958,0.0913,2749.0,2193.7,13.26,27.05,2724.5,2187.3,12.91,25.6,2854.0,2309.7,12.85,26.62,2743.6,2315.4,12.71,25.39,2440.1,1990.0,11.84,26.7,2441.7,2132.8,12.26,24.19,2750.44,57.01,12.74,2690.55,108.14,12.66,2631.2,113.08,12.42,2527.81,187.13,12.24,-0.0083,0.115,-0.0448,0.0494,0.0416,1.2058,2672.9,2799.7,2429.7,1796.8,13.46,26.7,0,HOLD_NEUTRAL
2023-03-28,2232.9,2672.9,24.81,12.52,116.07,227.26,78.05,610.07,4468.5,7.0533,80.48,50.35,11.91,395.9,7.86,5,3,0,0,1,3,1,0.9972,0.0741,2720.7,2256.3,12.14,26.05,2749.0,2193.7,13.26,27.05,2724.5,2187.3,12.91,25.6,2702.2,2234.5,12.58,25.54,2527.1,2129.9,12.36,24.99,2511.7,2188.6,12.57,24.49,2746.26,62.0,12.73,2700.96,97.7,12.67,2636.57,111.01,12.41,2539.88,171.9,12.27,-0.0108,0.0577,-0.0048,0.0487,0.0434,1.1971,2728.3,2588.5,2361.6,1726.5,12.86,24.6,0,HOLD_NEUTRAL
2023-03-29,2256.3,2728.3,24.39,12.44,114.26,243.49,74.31,599.98,4477.4,7.1336,80.51,50.28,12.18,395.9,7.85,4,4,0,0,2,3,1,0.9984,0.057,2672.9,2232.9,12.52,24.81,2720.7,2256.3,12.14,26.05,2749.0,2193.7,13.26,27.05,2800.8,2248.2,12.49,25.95,2523.0,2116.0,12.79,25.26,2513.2,2180.0,12.51,25.44,2735.9,57.25,12.73,2715.63,83.28,12.64,2643.74,109.71,12.41,2550.81,162.24,12.28,-0.0259,0.0814,-0.004,0.0482,0.0419,1.2092,2754.1,2771.4,2392.9,1743.7,12.72,26.92,0,HOLD_NEUTRAL
2023-03-30,2318.4,2754.1,25.66,12.26,110.03,248.88,77.41,619.58,4533.4,7.0575,80.81,50.48,12.09,395.9,8.02,4,5,0,0,3,3,1,0.9992,0.0398,2728.3,2256.3,12.44,24.39,2672.9,2232.9,12.52,24.81,2720.7,2256.3,12.14,26.05,2701.9,2208.7,12.96,24.18,2668.4,2134.2,12.77,25.69,2572.1,2116.5,12.14,24.4,2743.36,55.45,12.63,2721.75,82.69,12.61,2649.81,110.64,12.42,2559.95,157.85,12.28,0.0193,0.0321,-0.054,0.0505,0.04,1.1879,2781.1,2628.1,2354.4,1710.6,12.5,26.06,-1,WAIT
2023-03-31,2232.8,2781.1,25.38,12.34,113.79,248.6,74.55,579.42,4492.9,7.1152,80.62,49.8,12.24,396.0,8.05,5,4,0,0,4,3,1,0.9997,0.0226,2754.1,2318.4,12.26,25.66,2728.3,2256.3,12.44,24.39,2672.9,2232.9,12.52,24.81,2854.0,2309.7,12.85,26.62,2479.5,2027.7,12.22,24.6,2616.6,2065.5,12.34,25.23,2732.94,33.84,12.55,2743.29,45.77,12.62,2655.29,112.99,12.42,2569.22,154.13,12.3,-0.0255,0.1216,-0.0397,0.047,0.0409,1.2456,2659.5,2548.6,2325.3,1670.3,12.73,24.05,-1,WAIT
2023-04-03,2265.8,2659.5,26.0,13.36,109.31,245.12,75.46,577.28,4506.8,7.0792,80.51,49.8,12.51,396.1,7.96,5,4,0,0,0,4,2,0.9996,-0.029,2781.1,2232.8,12.34,25.38,2754.1,2318.4,12.26,25.66,2728.3,2256.3,12.44,24.39,2724.5,2187.3,12.91,25.6,2753.1,2276.4,12.74,25.32,2468.1,1942.4,11.76,25.64,2723.66,43.95,12.62,2736.61,50.79,12.66,2661.67,107.31,12.47,2575.67,149.54,12.33,-0.0239,-0.034,0.0349,0.0432,0.0411,1.1738,2751.3,2545.7,2352.1,1742.5,12.7,26.26,-1,WAIT
2023-04-04,2195.8,2751.3,26.15,13.12,110.16,234.34,80.16,622.66,4497.7,7.0562,80.61,50.43,12.15,396.1,7.89,4,5,0,0,1,4,2,0.9989,-0.0462,2659.5,2265.8,13.36,26.0,2781.1,2232.8,12.34,25.38,2754.1,2318.4,12.26,25.66,2749.0,2193.7,13.26,27.05,2719.9,2209.0,12.41,24.99,2547.3,2079.6,12.29,25.51,2723.99,44.18,12.6,2738.85,50.68,12.71,2668.47,106.28,12.5,2582.7,147.68,12.35,0.0008,0.0115,-0.0106,0.0475,0.04,1.253,2799.7,2559.8,2399.9,1642.7,12.57,25.88,-1,WAIT
2023-04-05,2221.2,2799.7,26.7,13.46,112.5,232.97,76.51,590.67,4497.3,7.0759,80.39,49.22,11.73,396.1,7.6,4,4,0,0,2,4,2,0.998,-0.0634,2751.3,2195.8,13.12,26.15,2659.5,2265.8,13.36,26.0,2781.1,2232.8,12.34,25.38,2720.7,2256.3,12.14,26.05,2743.6,2315.4,12.71,25.39,2615.3,2143.9,11.3,24.23,2735.27,52.51,12.79,2742.86,53.24,12.76,2674.62,108.41,12.57,2591.4,144.75,12.37,0.029,0.0204,0.1087,0.0439,0.0402,1.2604,2588.5,2429.7,2246.8,1638.6,11.67,24.97,-1,WAIT
2023-04-06,2048.6,2588.5,24.6,12.86,112.55,223.07,77.39,605.46,4501.2,7.1074,80.91,48.76,12.14,396.2,7.6,4,4,0,0,3,4,2,0.9968,-0.0805,2799.7,2221.2,13.46,26.7,2751.3,2195.8,13.12,26.15,2659.5,2265.8,13.36,26.0,2672.9,2232.9,12.52,24.81,2702.2,2234.5,12.58,25.54,2761.5,2312.4,12.51,24.67,2723.21,74.36,12.83,2734.74,66.85,12.78,2668.85,108.23,12.58,2594.28,142.9,12.39,-0.0316,-0.0421,0.0272,0.0471,0.0435,1.2635,2771.4,2361.6,2224.8,1593.8,13.39,24.19,-1,WAIT
2023-04-07,2231.4,2771.4,26.92,12.72,107.5,250.78,78.7,630.02,4423.9,7.091,80.47,49.68,12.42,396.2,7.64,4,4,0,0,4,4,2,0.9952,-0.0977,2588.5,2048.6,12.86,24.6,2799.7,2221.2,13.46,26.7,2751.3,2195.8,13.12,26.15,2728.3,2256.3,12.44,24.39,2800.8,2248.2,12.49,25.95,2582.8,2176.4,12.3,24.98,2729.37,76.6,12.87,2732.64,65.06,12.8,2675.14,108.53,12.59,2601.68,140.33,12.4,0.0158,-0.0105,0.0225,0.0495,0.0388,1.242,2628.1,2392.9,2023.3,1702.5,12.36,25.91,-1,WAIT
2023-04-10,2136.8,2628.1,26.06,12.5,114.39,238.94,78.17,606.07,4486.2,7.1255,80.4,50.41,12.17,396.3,7.95,4,3,0,0,0,4,2,0.9889,-0.1489,2771.4,2231.4,12.72,26.92,2588.5,2048.6,12.86,24.6,2799.7,2221.2,13.46,26.7,2754.1,2318.4,12.26,25.66,2701.9,2208.7,12.96,24.18,2565.4,2133.2,12.75,24.64,2711.37,84.25,12.91,2727.36,70.5,12.77,2677.23,106.94,12.59,2607.29,134.31,12.41,-0.0457,-0.0273,0.0196,0.0485,0.0435,1.2299,2548.6,2354.4,2108.7,1661.0,12.32,24.33,-1,WAIT
2023-04-11,2137.4,2548.6,24.05,12.73,112.56,231.65,77.69,607.8,4536.8,7.1352,80.9,50.01,12.5,396.3,7.81,3,3,0,0,1,4,2,0.9861,-0.1659,2628.1,2136.8,12.5,26.06,2771.4,2231.4,12.72,26.92,2588.5,2048.6,12.86,24.6,2781.1,2232.8,12.34,25.38,2854.0,2309.7,12.85,26.62,2661.0,2138.6,12.41,25.8,2678.16,97.03,12.96,2705.55,75.38,12.76,2673.48,109.46,12.6,2610.24,130.94,12.42,-0.0836,-0.107,0.0316,0.0477,0.0442,1.1924,2545.7,2325.3,1994.7,1618.9,12.32,25.36,-1,WAIT
2023-04-12,2121.4,2545.7,26.26,12.7,108.19,245.23,78.22,612.62,4635.3,7.0568,80.84,50.32,12.29,396.4,7.97,5,3,0,0,2,4,2,0.9831,-0.1828,2548.6,2137.4,12.73,24.05,2628.1,2136.8,12.5,26.06,2771.4,2231.4,12.72,26.92,2659.5,2265.8,13.36,26.0,2724.5,2187.3,12.91,25.6,2559.5,2070.0,12.57,25.25,2661.9,109.42,12.87,2692.78,86.28,12.74,2673.02,109.99,12.6,2614.2,125.13,12.44,-0.0428,-0.0656,-0.0494,0.0482,0.0425,1.2,2559.8,2352.1,2067.2,1559.3,12.1,25.2,-1,WAIT
2023-04-13,2058.6,2559.8,25.88,12.57,105.24,227.91,82.04,648.05,4456.3,7.0549,80.27,48.72,11.83,396.4,7.99,5,5,0,0,3,4,2,0.9799,-0.1997,2545.7,2121.4,12.7,26.26,2548.6,2137.4,12.73,24.05,2628.1,2136.8,12.5,26.06,2751.3,2195.8,13.12,26.15,2749.0,2193.7,13.26,27.05,2596.9,2154.7,11.7,25.39,2634.54,107.26,12.79,2679.26,91.46,12.69,2671.78,111.08,12.63,2616.66,122.51,12.45,-0.0696,-0.0688,-0.0419,0.0516,0.0411,1.2435,2429.7,2399.9,1975.9,1620.5,12.35,24.28,-1,WAIT
2023-04-14,2015.4,2429.7,24.97,11.67,109.41,238.2,77.76,581.79,4514.4,7.0536,80.93,49.98,12.22,396.4,7.64,4,3,0,0,4,4,2,0.9763,-0.2165,2559.8,2058.6,12.57,25.88,2545.7,2121.4,12.7,26.26,2548.6,2137.4,12.73,24.05,2799.7,2221.2,13.46,26.7,2720.7,2256.3,12.14,26.05,2493.7,2110.9,12.27,24.47,2581.69,103.41,12.54,2658.48,112.07,12.66,2669.65,115.15,12.61,2614.54,124.64,12.45,-0.1322,-0.107,-0.133,0.0499,0.045,1.2056,2361.6,2246.8,1912.1,1698.5,12.65,25.93,-1,WAIT
2023-04-17,1972.8,2361.6,24.19,13.39,108.16,233.81,78.37,605.65,4483.1,7.0665,80.55,50.14,12.26,396.5,7.78,4,3,0,0,0,4,2,0.9638,-0.2666,2429.7,2015.4,11.67,24.97,2559.8,2058.6,12.57,25.88,2545.7,2121.4,12.7,26.26,2588.5,2048.6,12.86,24.6,2672.9,2232.9,12.52,24.81,2763.0,2267.9,12.03,26.77,2549.27,132.41,12.61,2636.24,137.08,12.72,2656.27,126.68,12.66,2615.23,123.1,12.47,-0.0877,-0.1165,0.0412,0.0452,0.0458,1.1971,2392.9,2224.8,1879.2,1657.3,11.9,24.31,-1,WAIT
2023-04-18,1922.6,2392.9,25.91,12.36,109.68,239.86,80.05,626.88,4575.9,7.1268,80.65,49.02,12.42,396.5,7.77,4,3,0,0,1,4,2,0.9591,-0.2831,2361.6,1972.8,13.39,24.19,2429.7,2015.4,11.67,24.97,2559.8,2058.6,12.57,25.88,2771.4,2231.4,12.72,26.92,2728.3,2256.3,12.44,24.39,2440.1,1990.0,11.84,26.7,2495.2,99.87,12.56,2612.29,148.58,12.72,2654.7,129.71,12.67,2615.16,123.21,12.47,-0.1366,-0.1229,-0.0283,0.0507,0.0458,1.2446,2354.4,2023.3,1796.8,1683.3,11.39,24.22,-1,WAIT
2023-04-19,1937.8,2354.4,24.33,12.32,107.87,234.56,80.3,640.44,4458.0,7.1107,80.79,50.21,12.57,396.6,7.71,4,4,0,0,2,4,2,0.9541,-0.2996,2392.9,1922.6,12.36,25.91,2361.6,1972.8,13.39,24.19,2429.7,2015.4,11.67,24.97,2628.1,2136.8,12.5,26.06,2754.1,2318.4,12.26,25.66,2527.1,2129.9,12.36,24.99,2456.1,92.47,12.53,2583.74,157.37,12.72,2648.94,139.06,12.67,2615.2,123.14,12.48,-0.1041,-0.1451,-0.0144,0.052,0.0458,1.215,2325.3,2108.7,1726.5,1567.4,11.82,23.0,-1,WAIT
2023-04-20,1929.7,2325.3,25.36,12.32,102.34,224.14,80.6,622.16,4528.4,7.0777,80.9,49.66,12.39,396.6,7.66,4,4,0,0,3,4,2,0.9488,-0.316,2354.4,1937.8,12.32,24.33,2392.9,1922.6,12.36,25.91,2361.6,1972.8,13.39,24.19,2548.6,2137.4,12.73,24.05,2781.1,2232.8,12.34,25.38,2523.0,2116.0,12.79,25.26,2424.2,93.75,12.48,2551.18,160.52,12.72,2642.35,149.53,12.66,2611.4,128.48,12.47,-0.0876,-0.1639,-0.0322,0.0505,0.044,1.205,2352.1,1994.7,1743.7,1484.3,11.58,25.06,-1,WAIT
2023-04-21,2057.0,2352.1,25.2,12.1,107.25,235.57,79.76,599.87,4458.4,7.094,80.87,51.39,12.3,396.6,8.0,4,4,0,0,4,4,2,0.9432,-0.3322,2325.3,1929.7,12.32,25.36,2354.4,1937.8,12.32,24.33,2392.9,1922.6,12.36,25.91,2545.7,2121.4,12.7,26.26,2659.5,2265.8,13.36,26.0,2668.4,2134.2,12.77,25.69,2396.54,79.39,12.39,2529.22,165.51,12.63,2631.81,158.51,12.63,2608.43,132.39,12.47,-0.076,-0.1156,-0.0472,0.0496,0.0456,1.1435,2399.9,2067.2,1710.6,1518.5,12.26,22.97,-1,WAIT
2023-04-24,2025.5,2399.9,24.28,12.35,107.24,242.87,76.71,609.06,4499.9,7.1371,80.77,48.48,12.35,396.7,7.77,5,4,0,0,0,4,2,0.9248,-0.3804,2352.1,2057.0,12.1,25.2,2325.3,1929.7,12.32,25.36,2354.4,1937.8,12.32,24.33,2559.8,2058.6,12.57,25.88,2751.3,2195.8,13.12,26.15,2479.5,2027.7,12.22,24.6,2373.7,35.4,12.36,2504.12,155.59,12.58,2629.15,161.78,12.64,2605.89,134.93,12.46,-0.0625,-0.1277,-0.0175,0.0493,0.0447,1.1848,2246.8,1975.9,1670.3,1499.9,12.27,24.55,-1,WAIT
2023-04-25,1951.1,2246.8,25.93,12.65,109.98,234.78,81.86,629.02,4511.0,7.1524,80.68,50.41,12.19,396.8,7.76,4,3,0,0,1,4,2,0.9181,-0.3963,2399.9,2025.5,12.35,24.28,2352.1,2057.0,12.1,25.2,2325.3,1929.7,12.32,25.36,2429.7,2015.4,11.67,24.97,2799.7,2221.2,13.46,26.7,2753.1,2276.4,12.74,25.32,2347.57,51.17,12.5,2464.63,144.57,12.52,2612.28,174.33,12.64,2601.02,142.44,12.47,-0.0753,-0.1975,0.084,0.0497,0.0489,1.1516,2224.8,1912.1,1742.5,1467.3,11.84,23.11,-1,WAIT
2023-04-26,1828.9,2224.8,24.31,11.9,105.46,240.83,77.01,589.39,4550.8,7.1032,80.9,49.41,11.93,396.8,7.59,4,3,0,0,2,4,2,0.9112,-0.412,2246.8,1951.1,12.65,25.93,2399.9,2025.5,12.35,24.28,2352.1,2057.0,12.1,25.2,2361.6,1972.8,13.39,24.19,2588.5,2048.6,12.86,24.6,2719.9,2209.0,12.41,24.99,2328.03,68.2,12.29,2438.65,153.03,12.45,2595.77,186.78,12.62,2593.01,149.8,12.47,-0.0579,-0.1405,-0.1113,0.0495,0.0474,1.2165,2023.3,1879.2,1642.7,1559.7,11.36,23.34,-1,WAIT
2023-04-27,1834.6,2023.3,24.22,11.39,112.8,227.19,79.77,614.96,4476.8,7.0158,80.77,48.72,12.23,396.8,7.88,4,4,0,0,3,4,2,0.9039,-0.4276,2224.8,1828.9,11.9,24.31,2246.8,1951.1,12.65,25.93,2399.9,2025.5,12.35,24.28,2392.9,1922.6,12.36,25.91,2771.4,2231.4,12.72,26.92,2743.6,2315.4,12.71,25.39,2275.23,127.18,12.15,2385.21,158.42,12.35,2571.76,211.75,12.57,2580.14,164.55,12.45,-0.1545,-0.2699,-0.0785,0.054,0.0558,1.1029,2108.7,1796.8,1638.6,1492.8,11.05,23.63,-1,WAIT
2023-04-28,1894.6,2108.7,23.0,11.82,101.06,234.87,78.03,608.36,4538.9,7.1048,81.26,49.3,12.3,396.9,7.54,5,3,0,0,4,4,2,0.8965,-0.4431,2023.3,1834.6,11.39,24.22,2224.8,1828.9,11.9,24.31,2246.8,1951.1,12.65,25.93,2354.4,1937.8,12.32,24.33,2628.1,2136.8,12.5,26.06,2702.2,2234.5,12.58,25.54,2240.13,135.33,12.08,2348.11,157.98,12.31,2551.98,226.36,12.55,2571.2,175.19,12.43,-0.1044,-0.1976,-0.0406,0.0515,0.0479,1.113,1994.7,1726.5,1593.8,1451.7,11.4,23.61,-1,WAIT
2023-05-01,1656.7,1994.7,25.06,11.58,111.12,230.41,79.42,612.82,4519.8,7.1245,80.97,49.72,11.99,397.0,7.83,3,4,0,0,0,5,2,0.8724,-0.4888,2108.7,1894.6,11.82,23.0,2023.3,1834.6,11.39,24.22,2224.8,1828.9,11.9,24.31,2325.3,1929.7,12.32,25.36,2548.6,2137.4,12.73,24.05,2800.8,2248.2,12.49,25.95,2192.9,156.66,11.97,2308.55,172.59,12.22,2525.11,243.04,12.52,2562.31,190.3,12.42,-0.1422,-0.2173,-0.0601,0.0529,0.0557,1.204,2067.2,1743.7,1702.5,1382.5,11.65,22.36,-1,WAIT
2023-05-02,1767.7,2067.2,22.97,12.26,105.95,240.75,80.28,599.47,4529.8,7.1035,80.6,50.12,12.5,397.0,7.83,4,3,0,0,1,5,2,0.8639,-0.5037,1994.7,1656.7,11.58,25.06,2108.7,1894.6,11.82,23.0,2023.3,1834.6,11.39,24.22,2352.1,2057.0,12.1,25.2,2545.7,2121.4,12.7,26.26,2701.9,2208.7,12.96,24.18,2152.2,144.98,11.99,2274.37,169.36,12.19,2503.95,254.47,12.5,2550.98,199.15,12.42,-0.1211,-0.188,0.0132,0.0489,0.0513,1.1694,1975.9,1710.6,1661.0,1330.2,11.41,23.91,-1,WAIT
2023-05-03,1769.3,1975.9,24.55,12.27,109.17,235.43,80.43,637.67,4555.0,7.1187,80.72,50.47,12.44,397.0,7.65,5,3,0,0,2,5,2,0.8551,-0.5185,2067.2,1767.7,12.26,22.97,1994.7,1656.7,11.58,25.06,2108.7,1894.6,11.82,23.0,2399.9,2025.5,12.35,24.28,2559.8,2058.6,12.57,25.88,2854.0,2309.7,12.85,26.62,2091.63,108.13,11.98,2232.66,165.52,12.17,2474.68,263.17,12.48,2540.88,212.48,12.42,-0.1767,-0.2281,-0.0065,0.052,0.0553,1.1168,1912.1,1670.3,1618.9,1184.6,11.15,23.46,-1,WAIT
2023-05-04,1736.0,1912.1,23.11,11.84,106.43,240.43,80.76,644.49,4477.7,7.1079,80.86,50.29,11.96,397.1,7.79,4,3,0,0,3,5,2,0.846,-0.5331,1975.9,1769.3,12.27,24.55,2067.2,1767.7,12.26,22.97,1994.7,1656.7,11.58,25.06,2246.8,1951.1,12.65,25.93,2429.7,2015.4,11.67,24.97,2724.5,2187.3,12.91,25.6,2043.81,101.9,11.87,2195.69,175.62,12.18,2447.6,277.96,12.44,2531.78,227.26,12.41,-0.149,-0.213,-0.064,0.0544,0.0557,1.1014,1879.2,1742.5,1559.3,1258.5,11.26,22.47,-1,WAIT
2023-05-05,1648.8,1879.2,23.34,11.36,109.58,243.48,83.06,652.66,4552.1,7.0603,81.18,48.95,12.51,397.1,7.76,4,3,0,0,4,5,2,0.8367,-0.5476,1912.1,1736.0,11.84,23.11,1975.9,1769.3,12.27,24.55,2067.2,1767.7,12.26,22.97,2224.8,1828.9,11.9,24.31,2361.6,1972.8,13.39,24.19,2749.0,2193.7,13.26,27.05,1994.44,81.23,11.79,2161.24,187.49,12.04,2418.61,290.52,12.38,2520.25,242.29,12.4,-0.1553,-0.2043,-0.0454,0.0575,0.0583,1.1397,1796.8,1642.7,1620.5,1357.0,11.38,23.93,-1,WAIT
2023-05-08,1614.7,1796.8,23.63,11.05,104.46,240.59,81.13,618.04,4507.3,7.0714,81.23,50.09,12.18,397.2,7.71,5,3,0,0,0,5,2,0.8074,-0.59,1879.2,1648.8,11.36,23.34,1912.1,1736.0,11.84,23.11,1975.9,1769.3,12.27,24.55,2023.3,1834.6,11.39,24.22,2392.9,1922.6,12.36,25.91,2720.7,2256.3,12.14,26.05,1962.09,108.39,11.74,2118.66,198.21,11.94,2387.81,305.95,12.34,2509.5,259.53,12.38,-0.1119,-0.2491,-0.0299,0.0559,0.0581,1.1128,1726.5,1638.6,1698.5,1363.1,10.51,21.86,-1,WAIT
2023-05-09,1555.1,1726.5,23.61,11.4,101.95,237.54,80.03,621.79,4566.7,7.0886,80.78,49.66,12.09,397.2,7.71,4,3,0,0,1,5,2,0.7971,-0.6038,1796.8,1614.7,11.05,23.63,1879.2,1648.8,11.36,23.34,1912.1,1736.0,11.84,23.11,2108.7,1894.6,11.82,23.0,2354.4,1937.8,12.32,24.33,2672.9,2232.9,12.52,24.81,1907.49,118.06,11.68,2073.81,211.37,11.88,2356.27,323.81,12.3,2496.42,278.52,12.36,-0.1812,-0.2667,-0.0355,0.0545,0.0591,1.1102,1743.7,1593.8,1657.3,1443.9,11.09,22.61,-1,WAIT
2023-05-10,1601.5,1743.7,22.36,11.65,109.78,228.1,82.36,639.98,4541.2,7.1304,80.66,49.06,12.46,397.3,7.72,4,4,0,0,2,5,2,0.7866,-0.6175,1726.5,1555.1,11.4,23.61,1796.8,1614.7,11.05,23.63,1879.2,1648.8,11.36,23.34,1994.7,1656.7,11.58,25.06,2325.3,1929.7,12.32,25.36,2728.3,2256.3,12.44,24.39,1871.63,125.06,11.69,2032.26,215.25,11.83,2323.45,334.52,12.28,2483.59,294.96,12.34,-0.1258,-0.2501,0.006,0.0549,0.063,1.0888,1710.6,1702.5,1683.3,1471.4,11.26,23.39,0,HOLD_NEUTRAL
2023-05-11,1634.7,1710.6,23.91,11.41,104.65,235.66,82.92,651.05,4523.3,7.0757,80.63,49.29,12.24,397.3,7.73,4,3,0,0,3,5,2,0.7759,-0.6309,1743.7,1601.5,11.65,22.36,1726.5,1555.1,11.4,23.61,1796.8,1614.7,11.05,23.63,2067.2,1767.7,12.26,22.97,2352.1,2057.0,12.1,25.2,2754.1,2318.4,12.26,25.66,1820.69,102.76,11.57,1986.44,210.15,11.78,2288.66,342.36,12.25,2469.23,311.11,12.33,-0.1725,-0.2727,-0.0693,0.0571,0.0612,1.0464,1670.3,1661.0,1567.4,1446.6,11.87,22.45,0,HOLD_NEUTRAL
2023-05-12,1510.4,1670.3,23.46,11.15,105.5,231.8,78.72,623.35,4511.1,7.1126,80.97,48.99,12.63,397.3,7.71,3,3,0,0,4,5,2,0.7649,-0.6442,1710.6,1634.7,11.41,23.91,1743.7,1601.5,11.65,22.36,1726.5,1555.1,11.4,23.61,1975.9,1769.3,12.27,24.55,2399.9,2025.5,12.35,24.28,2781.1,2232.8,12.34,25.38,1777.03,89.95,11.41,1934.33,189.15,11.69,2251.64,347.3,12.21,2453.46,327.09,12.31,-0.1547,-0.304,-0.0913,0.0559,0.0632,1.1059,1742.5,1618.9,1484.3,1587.3,11.04,22.93,0,HOLD_NEUTRAL
2023-05-15,1645.2,1742.5,22.47,11.26,108.52,233.33,82.16,629.9,4564.1,7.1087,81.5,49.39,12.09,397.4,7.47,5,3,0,0,0,5,2,0.7306,-0.6828,1670.3,1510.4,11.15,23.46,1710.6,1634.7,11.41,23.91,1743.7,1601.5,11.65,22.36,1912.1,1736.0,11.84,23.11,2246.8,1951.1,12.65,25.93,2659.5,2265.8,13.36,26.0,1752.8,67.55,11.33,1898.31,172.34,11.6,2221.07,350.5,12.14,2441.37,339.71,12.3,-0.0887,-0.2245,-0.049,0.0559,0.0623,1.0591,1642.7,1559.3,1518.5,1442.7,11.41,22.93,-1,WAIT
2023-05-16,1492.2,1642.7,23.93,11.38,101.05,233.23,82.5,642.01,4580.5,7.1474,81.07,48.94,11.91,397.5,7.66,4,3,0,0,1,5,2,0.7188,-0.6952,1742.5,1645.2,11.26,22.47,1670.3,1510.4,11.15,23.46,1710.6,1634.7,11.41,23.91,1879.2,1648.8,11.36,23.34,2224.8,1828.9,11.9,24.31,2751.3,2195.8,13.12,26.15,1719.01,50.88,11.33,1856.73,157.05,11.56,2184.12,351.11,12.08,2426.29,354.67,12.29,-0.1259,-0.2616,0.0018,0.0564,0.0615,1.1009,1638.6,1620.5,1499.9,1566.5,11.37,22.59,0,HOLD_NEUTRAL
2023-05-17,1486.3,1638.6,21.86,10.51,106.05,228.82,80.86,635.33,4518.9,7.0988,80.54,48.76,12.21,397.5,7.74,5,3,0,0,2,5,2,0.7067,-0.7075,1642.7,1492.2,11.38,23.93,1742.5,1645.2,11.26,22.47,1670.3,1510.4,11.15,23.46,1796.8,1614.7,11.05,23.63,2023.3,1834.6,11.39,24.22,2799.7,2221.2,13.46,26.7,1696.41,45.42,11.25,1829.25,159.3,11.5,2145.41,344.85,11.98,2410.02,368.01,12.28,-0.088,-0.1901,-0.0489,0.0605,0.0647,1.1025,1593.8,1698.5,1467.3,1416.4,11.76,23.3,0,HOLD_NEUTRAL
2023-05-18,1541.0,1593.8,22.61,11.09,102.06,221.64,84.02,668.83,4499.0,7.0476,80.76,49.57,12.42,397.5,7.7,5,3,0,0,3,5,2,0.6945,-0.7195,1638.6,1486.3,10.51,21.86,1642.7,1492.2,11.38,23.93,1742.5,1645.2,11.26,22.47,1726.5,1555.1,11.4,23.61,2108.7,1894.6,11.82,23.0,2588.5,2048.6,12.86,24.6,1677.46,56.99,11.21,1792.47,148.92,11.44,2112.26,348.58,11.92,2390.55,379.79,12.25,-0.0769,-0.2442,-0.0272,0.0603,0.064,1.0343,1702.5,1657.3,1559.7,1446.4,12.07,23.17,0,HOLD_NEUTRAL
2023-05-19,1615.7,1702.5,23.39,11.26,103.32,231.46,81.43,642.16,4564.1,7.1199,80.8,49.63,12.08,397.6,7.87,4,4,0,0,4,5,2,0.682,-0.7314,1593.8,1541.0,11.09,22.61,1638.6,1486.3,10.51,21.86,1642.7,1492.2,11.38,23.93,1743.7,1601.5,11.65,22.36,1994.7,1656.7,11.58,25.06,2771.4,2231.4,12.72,26.92,1671.57,50.8,11.15,1771.6,138.51,11.42,2076.63,333.17,11.87,2375.88,389.13,12.23,-0.0236,-0.1465,-0.0335,0.057,0.0607,1.0537,1661.0,1683.3,1492.8,1434.4,11.42,23.15,0,HOLD_NEUTRAL
2023-05-22,1585.6,1661.0,22.45,11.87,103.78,238.07,82.07,647.58,4492.6,7.1652,80.77,49.17,12.01,397.7,7.8,4,4,0,0,0,5,2,0.6433,-0.7656,1702.5,1615.7,11.26,23.39,1593.8,1541.0,11.09,22.61,1638.6,1486.3,10.51,21.86,1710.6,1634.7,11.41,23.91,2067.2,1767.7,12.26,22.97,2628.1,2136.8,12.5,26.06,1664.49,47.82,11.22,1742.59,111.79,11.39,2044.39,324.65,11.85,2360.81,399.06,12.22,-0.029,-0.1965,0.0403,0.0546,0.0625,1.0476,1618.9,1567.4,1451.7,1281.0,11.02,23.23,-1,WAIT
2023-05-23,1450.3,1618.9,22.93,11.04,98.55,226.68,81.69,636.48,4498.7,7.1227,80.88,50.0,12.32,397.7,7.5,4,4,0,0,1,5,2,0.6301,-0.7765,1661.0,1585.6,11.87,22.45,1702.5,1615.7,11.26,23.39,1593.8,1541.0,11.09,22.61,1670.3,1510.4,11.15,23.46,1975.9,1769.3,12.27,24.55,2548.6,2137.4,12.73,24.05,1657.14,50.64,11.2,1717.09,93.74,11.31,2013.4,319.19,11.8,2343.44,408.34,12.2,-0.0308,-0.1807,-0.0099,0.0577,0.0609,1.1163,1559.3,1484.3,1382.5,1109.3,10.75,22.6,-1,WAIT
2023-05-24,1454.6,1559.3,22.93,11.41,100.68,237.08,82.17,655.71,4508.4,7.0779,81.08,49.09,11.98,397.7,7.63,4,3,0,0,2,5,2,0.6166,-0.7873,1618.9,1450.3,11.04,22.93,1661.0,1585.6,11.87,22.45,1702.5,1615.7,11.26,23.39,1742.5,1645.2,11.26,22.47,1912.1,1736.0,11.84,23.11,2545.7,2121.4,12.7,26.26,1630.97,46.33,11.22,1691.89,84.22,11.27,1980.52,313.22,11.75,2326.77,419.63,12.18,-0.1051,-0.1845,0.0133,0.0575,0.0646,1.072,1620.5,1518.5,1330.2,1167.9,11.12,23.01,0,HOLD_NEUTRAL
2023-05-25,1558.3,1620.5,22.59,11.37,107.31,251.4,80.32,631.1,4532.2,7.0693,81.16,49.05,12.34,397.8,7.6,4,3,0,0,3,5,2,0.603,-0.7978,1559.3,1454.6,11.41,22.93,1618.9,1450.3,11.04,22.93,1661.0,1585.6,11.87,22.45,1642.7,1492.2,11.38,23.93,1879.2,1648.8,11.36,23.34,2559.8,2058.6,12.57,25.88,1627.8,46.15,11.22,1673.41,66.47,11.28,1949.21,299.98,11.71,2310.5,427.83,12.17,-0.0135,-0.1377,-0.0009,0.0555,0.0662,1.0399,1698.5,1499.9,1184.6,1238.8,10.99,21.63,-1,WAIT
2023-05-26,1569.1,1698.5,23.3,11.76,105.64,245.01,79.85,612.64,4501.1,7.0734,81.27,49.56,12.21,397.8,7.66,5,3,0,0,4,5,2,0.5892,-0.808,1620.5,1558.3,11.37,22.59,1559.3,1454.6,11.41,22.93,1618.9,1450.3,11.04,22.93,1638.6,1486.3,10.51,21.86,1796.8,1614.7,11.05,23.63,2429.7,2015.4,11.67,24.97,1636.36,53.46,11.4,1666.39,56.94,11.33,1924.84,289.1,11.72,2297.24,434.32,12.16,0.0366,-0.0547,0.1189,0.0521,0.0622,1.0825,1657.3,1467.3,1258.5,1222.3,11.49,22.98,-1,WAIT
2023-05-29,1487.0,1657.3,23.17,12.07,102.44,249.86,85.46,677.94,4483.5,7.1627,81.15,49.11,12.38,397.9,7.65,4,3,0,0,0,5,2,0.5467,-0.8373,1698.5,1569.1,11.76,23.3,1620.5,1558.3,11.37,22.59,1559.3,1454.6,11.41,22.93,1593.8,1541.0,11.09,22.61,1726.5,1555.1,11.4,23.61,2361.6,1972.8,13.39,24.19,1645.43,50.33,11.54,1661.44,54.26,11.37,1901.36,280.89,11.67,2278.82,437.67,12.16,0.0398,-0.0401,0.0884,0.0562,0.0618,1.1145,1683.3,1559.7,1357.0,1186.3,11.55,22.3,-1,WAIT
2023-05-30,1580.2,1683.3,23.15,11.42,103.25,240.67,81.21,640.57,4512.7,7.093,80.54,49.21,12.01,397.9,7.77,4,3,0,0,1,5,2,0.5322,-0.8466,1657.3,1487.0,12.07,23.17,1698.5,1569.1,11.76,23.3,1620.5,1558.3,11.37,22.59,1702.5,1615.7,11.26,23.39,1743.7,1601.5,11.65,22.36,2392.9,1922.6,12.36,25.91,1642.69,47.13,11.56,1657.13,49.4,11.36,1877.71,267.64,11.64,2266.2,443.81,12.16,-0.0113,-0.0346,0.0142,0.0561,0.0613,1.0652,1567.4,1492.8,1363.1,1112.2,11.49,21.79,-1,WAIT
2023-05-31,1447.4,1567.4,23.23,11.02,101.37,246.71,81.09,626.08,4576.1,7.0832,80.77,47.76,12.55,398.0,7.68,4,3,0,0,2,5,2,0.5176,-0.8556,1683.3,1580.2,11.42,23.15,1657.3,1487.0,12.07,23.17,1698.5,1569.1,11.76,23.3,1661.0,1585.6,11.87,22.45,1710.6,1634.7,11.41,23.91,2354.4,1937.8,12.32,24.33,1629.31,53.86,11.44,1646.9,52.22,11.33,1851.47,257.69,11.6,2250.21,451.47,12.14,-0.0564,-0.0837,-0.0716,0.0568,0.0647,1.0829,1484.3,1451.7,1443.9,1103.5,11.84,22.76,-1,WAIT
2023-06-01,1519.6,1484.3,22.6,10.75,106.49,232.74,79.14,612.38,4510.3,7.0985,81.0,49.14,12.25,398.0,7.89,6,3,0,1,3,6,2,0.5028,-0.8644,1567.4,1447.4,11.02,23.23,1683.3,1580.2,11.42,23.15,1657.3,1487.0,12.07,23.17,1618.9,1450.3,11.04,22.93,1670.3,1510.4,11.15,23.46,2325.3,1929.7,12.32,25.36,1610.09,77.18,11.4,1633.61,67.3,11.3,1823.44,249.99,11.55,2232.9,460.66,12.1,-0.0831,-0.1114,-0.0263,0.057,0.0717,0.9768,1518.5,1382.5,1471.4,1223.1,11.8,21.73,-1,WAIT
2023-06-02,1529.1,1518.5,23.01,11.12,101.36,233.57,82.0,641.18,4544.0,7.094,81.08,48.11,12.45,398.0,7.69,5,3,0,1,4,6,2,0.4878,-0.8729,1484.3,1519.6,10.75,22.6,1567.4,1447.4,11.02,23.23,1683.3,1580.2,11.42,23.15,1559.3,1454.6,11.41,22.93,1742.5,1645.2,11.26,22.47,2352.1,2057.0,12.1,25.2,1604.26,82.98,11.36,1617.61,66.03,11.29,1795.65,235.09,11.51,2213.73,466.12,12.07,-0.0262,-0.1286,-0.0254,0.0577,0.0668,0.9931,1499.9,1330.2,1446.6,1246.4,11.08,22.61,-1,WAIT
2023-06-05,1470.1,1499.9,21.63,10.99,102.59,218.09,80.91,635.74,4627.5,7.1512,81.28,48.42,12.49,398.1,7.46,5,4,0,1,0,6,2,0.4422,-0.8969,1518.5,1529.1,11.12,23.01,1484.3,1519.6,10.75,22.6,1567.4,1447.4,11.02,23.23,1620.5,1558.3,11.37,22.59,1642.7,1492.2,11.38,23.93,2399.9,2025.5,12.35,24.28,1587.03,91.16,11.3,1607.41,72.57,11.26,1765.65,211.57,11.47,2197.4,473.74,12.05,-0.0744,-0.0869,-0.0334,0.0578,0.0684,1.0203,1467.3,1184.6,1587.3,1215.1,10.91,21.65,-1,WAIT
2023-06-06,1487.1,1467.3,22.98,11.49,105.38,247.77,86.38,669.77,4558.8,7.074,81.09,48.34,12.07,398.2,7.53,6,4,0,1,1,6,2,0.4267,-0.9044,1499.9,1470.1,10.99,21.63,1518.5,1529.1,11.12,23.01,1484.3,1519.6,10.75,22.6,1698.5,1569.1,11.76,23.3,1638.6,1486.3,10.51,21.86,2246.8,1951.1,12.65,25.93,1554.0,85.76,11.27,1595.18,80.87,11.33,1739.67,197.86,11.43,2175.97,477.25,12.03,-0.1361,-0.1045,-0.023,0.0583,0.0718,0.9867,1559.7,1258.5,1442.7,1242.8,10.96,20.92,-1,WAIT
2023-06-07,1481.5,1559.7,22.3,11.55,99.08,250.68,85.38,664.32,4573.7,7.14,81.09,48.49,12.48,398.2,7.74,6,4,0,1,2,6,2,0.4111,-0.9116,1467.3,1487.1,11.49,22.98,1499.9,1470.1,10.99,21.63,1518.5,1529.1,11.12,23.01,1657.3,1487.0,12.07,23.17,1593.8,1541.0,11.09,22.61,2224.8,1828.9,11.9,24.31,1540.06,73.18,11.19,1592.74,81.43,11.37,1717.5,177.88,11.42,2156.64,478.34,12.02,-0.0589,-0.0214,-0.0431,0.0575,0.0635,1.0528,1492.8,1357.0,1566.5,1270.5,11.49,21.64,-1,WAIT
2023-06-08,1473.7,1492.8,21.79,11.49,106.43,235.23,82.46,661.11,4529.7,7.1085,81.15,48.74,12.02,398.2,7.3,6,3,0,1,3,6,2,0.3953,-0.9185,1559.7,1481.5,11.55,22.3,1467.3,1487.1,11.49,22.98,1499.9,1470.1,10.99,21.63,1683.3,1580.2,11.42,23.15,1702.5,1615.7,11.26,23.39,2023.3,1834.6,11.39,24.22,1512.84,38.0,11.2,1577.76,78.93,11.38,1699.82,172.73,11.42,2135.79,479.58,12.0,-0.1132,-0.1232,0.0061,0.0575,0.0713,1.013,1451.7,1363.1,1416.4,1201.0,11.3,20.97,-1,WAIT
2023-06-09,1483.0,1451.7,22.76,11.84,96.42,237.74,87.88,690.45,4639.7,7.1413,81.03,48.76,12.03,398.3,7.35,5,4,0,1,4,6,2,0.3795,-0.9252,1492.8,1473.7,11.49,21.79,1559.7,1481.5,11.55,22.3,1467.3,1487.1,11.49,22.98,1567.4,1447.4,11.02,23.23,1661.0,1585.6,11.87,22.45,2108.7,1894.6,11.82,23.0,1496.31,35.38,11.32,1562.81,81.73,11.38,1677.92,160.3,11.42,2114.95,481.72,11.99,-0.0738,-0.126,0.0744,0.0583,0.0664,0.9789,1382.5,1443.9,1446.4,1068.4,11.55,22.14,0,HOLD_NEUTRAL
2023-06-12,1377.1,1382.5,21.73,11.8,106.41,234.27,85.72,665.2,4548.5,7.1532,81.14,49.38,12.71,398.4,7.61,5,3,0,1,0,6,2,0.3312,-0.9436,1451.7,1483.0,11.84,22.76,1492.8,1473.7,11.49,21.79,1559.7,1481.5,11.55,22.3,1484.3,1519.6,10.75,22.6,1618.9,1450.3,11.04,22.93,1994.7,1656.7,11.58,25.06,1481.77,56.04,11.47,1545.93,92.9,11.43,1657.51,157.53,11.43,2091.31,482.29,11.97,-0.0686,-0.146,0.0977,0.0564,0.077,1.0039,1330.2,1471.4,1434.4,972.5,11.39,23.04,1,CHARTER_NOW
2023-06-13,1318.6,1330.2,22.61,11.08,99.89,243.07,83.5,659.09,4560.6,7.1085,81.4,49.12,12.54,398.4,7.8,6,3,0,1,1,6,2,0.3149,-0.9491,1382.5,1377.1,11.8,21.73,1451.7,1483.0,11.84,22.76,1492.8,1473.7,11.49,21.79,1518.5,1529.1,11.12,23.01,1559.3,1454.6,11.41,22.93,2067.2,1767.7,12.26,22.97,1454.87,76.81,11.46,1529.56,109.13,11.41,1632.94,148.65,11.39,2068.45,485.36,11.94,-0.124,-0.1469,-0.0036,0.0595,0.0751,1.0088,1184.6,1446.6,1281.0,1138.4,10.98,22.32,1,CHARTER_NOW
2023-06-14,1152.9,1184.6,21.65,10.91,100.2,248.92,79.71,609.64,4615.8,7.0967,81.11,47.94,12.73,398.4,7.86,6,3,0,1,2,6,2,0.2986,-0.9544,1330.2,1318.6,11.08,22.61,1382.5,1377.1,11.8,21.73,1451.7,1483.0,11.84,22.76,1499.9,1470.1,10.99,21.63,1620.5,1558.3,11.37,22.59,1975.9,1769.3,12.27,24.55,1409.83,123.97,11.45,1498.43,139.22,11.38,1606.57,155.74,11.34,2040.62,487.41,11.91,-0.2102,-0.269,-0.0073,0.0559,0.0846,1.0275,1258.5,1587.3,1109.3,1124.0,10.9,22.48,1,CHARTER_NOW
2023-06-15,1281.3,1258.5,20.92,10.96,94.82,227.71,88.46,686.27,4564.5,7.1083,81.13,49.01,12.24,398.5,7.56,6,4,0,1,3,6,2,0.2821,-0.9594,1184.6,1152.9,10.91,21.65,1330.2,1318.6,11.08,22.61,1382.5,1377.1,11.8,21.73,1467.3,1487.1,11.49,22.98,1698.5,1569.1,11.76,23.3,1912.1,1736.0,11.84,23.11,1380.0,132.66,11.38,1467.0,140.24,11.32,1584.78,157.23,11.32,2016.19,489.28,11.88,-0.1423,-0.2591,-0.0461,0.0626,0.0753,0.9822,1357.0,1442.7,1167.9,1057.4,11.2,23.32,1,CHARTER_NOW
2023-06-16,1389.6,1357.0,21.64,11.49,99.32,244.15,81.95,658.98,4573.7,7.1037,81.13,49.13,12.34,398.5,7.81,7,3,0,1,4,6,2,0.2656,-0.9641,1258.5,1281.3,10.96,20.92,1184.6,1152.9,10.91,21.65,1330.2,1318.6,11.08,22.61,1559.7,1481.5,11.55,22.3,1657.3,1487.0,12.07,23.17,1879.2,1648.8,11.36,23.34,1351.04,106.42,11.37,1445.55,131.6,11.28,1567.37,152.34,11.32,1992.99,486.94,11.85,-0.13,-0.1812,-0.0052,0.0574,0.0732,0.9765,1363.1,1566.5,1238.8,1019.6,11.88,21.27,1,CHARTER_NOW
2023-06-19,1399.7,1363.1,20.97,11.3,97.35,239.31,81.61,632.33,4565.6,7.0575,81.49,48.76,12.43,398.6,7.6,5,4,0,1,0,6,2,0.2155,-0.9765,1357.0,1389.6,11.49,21.64,1258.5,1281.3,10.96,20.92,1184.6,1152.9,10.91,21.65,1492.8,1473.7,11.49,21.79,1683.3,1580.2,11.42,23.15,1796.8,1614.7,11.05,23.63,1332.51,87.18,11.34,1422.68,113.71,11.27,1552.92,150.38,11.33,1970.36,484.09,11.83,-0.0869,-0.1902,-0.0165,0.056,0.0714,0.9739,1443.9,1416.4,1222.3,1147.8,11.11,23.28,0,HOLD_NEUTRAL
2023-06-20,1429.3,1443.9,22.14,11.55,98.65,242.55,86.53,658.23,4567.0,7.154,80.89,48.89,12.33,398.6,7.28,7,4,0,1,1,6,2,0.1986,-0.9801,1363.1,1399.7,11.3,20.97,1357.0,1389.6,11.49,21.64,1258.5,1281.3,10.96,20.92,1451.7,1483.0,11.84,22.76,1567.4,1447.4,11.02,23.23,1726.5,1555.1,11.4,23.61,1331.4,85.43,11.3,1413.86,106.15,11.31,1543.5,147.97,11.33,1949.88,479.84,11.82,-0.0054,-0.0788,-0.0245,0.057,0.0683,1.0102,1471.4,1446.4,1186.3,1002.5,11.57,22.27,0,HOLD_NEUTRAL
2023-06-21,1394.6,1471.4,23.04,11.39,100.07,245.46,89.19,678.7,4590.7,7.115,81.62,49.02,12.18,398.7,7.58,6,3,0,1,2,6,2,0.1818,-0.9833,1443.9,1429.3,11.55,22.14,1363.1,1399.7,11.3,20.97,1357.0,1389.6,11.49,21.64,1382.5,1377.1,11.8,21.73,1484.3,1519.6,10.75,22.6,1743.7,1601.5,11.65,22.36,1344.1,99.71,11.24,1412.94,105.55,11.35,1534.42,143.55,11.32,1928.93,472.67,11.8,0.0643,-0.0087,-0.0347,0.0596,0.068,1.0551,1446.6,1434.4,1112.2,1049.9,11.44,22.29,0,HOLD_NEUTRAL
2023-06-22,1307.0,1446.6,22.32,10.98,103.5,240.93,87.41,661.29,4598.3,7.073,80.89,49.32,12.15,398.7,7.46,5,4,0,1,3,6,2,0.1648,-0.9863,1471.4,1394.6,11.39,23.04,1443.9,1429.3,11.55,22.14,1363.1,1399.7,11.3,20.97,1330.2,1318.6,11.08,22.61,1518.5,1529.1,11.12,23.01,1710.6,1634.7,11.41,23.91,1360.73,106.48,11.23,1407.8,101.7,11.34,1525.62,140.43,11.31,1907.14,464.04,11.78,0.0875,-0.0473,-0.009,0.0602,0.0715,1.1068,1587.3,1281.0,1103.5,1029.6,10.98,21.82,-1,WAIT
2023-06-23,1471.1,1587.3,22.48,10.9,101.03,241.9,86.04,655.65,4557.6,7.0461,81.03,48.02,12.38,398.7,7.76,6,4,0,1,4,6,2,0.1478,-0.989,1446.6,1307.0,10.98,22.32,1471.4,1394.6,11.39,23.04,1443.9,1429.3,11.55,22.14,1184.6,1152.9,10.91,21.65,1499.9,1470.1,10.99,21.63,1670.3,1510.4,11.15,23.46,1418.26,104.23,11.22,1414.04,110.12,11.34,1522.85,138.29,11.3,1887.24,451.35,11.76,0.3399,0.0583,-0.0009,0.0602,0.0636,1.079,1442.7,1109.3,1223.1,786.9,11.17,22.41,-1,WAIT
2023-06-26,1388.1,1442.7,23.32,11.2,101.29,241.41,86.2,661.73,4556.7,7.0389,81.4,48.74,12.13,398.8,7.56,6,3,0,1,0,6,2,0.0966,-0.9953,1587.3,1471.1,10.9,22.48,1446.6,1307.0,10.98,22.32,1471.4,1394.6,11.39,23.04,1258.5,1281.3,10.96,20.92,1467.3,1487.1,11.49,22.98,1742.5,1645.2,11.26,22.47,1444.57,76.82,11.26,1412.29,109.4,11.32,1512.86,132.58,11.3,1866.96,443.33,11.72,0.1464,-0.0168,0.0219,0.0591,0.0702,1.0393,1566.5,1167.9,1246.4,839.0,9.85,20.93,-1,WAIT
2023-06-27,1466.9,1566.5,21.27,11.88,96.74,250.64,86.77,653.18,4563.4,7.1321,81.48,49.69,12.12,398.8,7.31,6,4,0,1,1,6,2,0.0795,-0.9968,1442.7,1388.1,11.2,23.32,1587.3,1471.1,10.9,22.48,1446.6,1307.0,10.98,22.32,1357.0,1389.6,11.49,21.64,1559.7,1481.5,11.55,22.3,1642.7,1492.2,11.38,23.93,1474.5,77.82,11.31,1412.77,110.12,11.34,1510.32,130.72,11.32,1847.22,429.44,11.7,0.1544,0.0044,0.0339,0.055,0.0618,1.0679,1416.4,1238.8,1215.1,881.2,10.33,21.57,-1,WAIT
2023-06-28,1417.4,1416.4,23.28,11.11,97.38,246.86,86.7,669.77,4536.8,7.0906,80.87,49.63,12.42,398.9,7.26,5,3,0,1,2,6,2,0.0623,-0.9981,1566.5,1466.9,11.88,21.27,1442.7,1388.1,11.2,23.32,1587.3,1471.1,10.9,22.48,1363.1,1399.7,11.3,20.97,1492.8,1473.7,11.49,21.79,1638.6,1486.3,10.51,21.86,1482.11,66.95,11.29,1407.31,107.71,11.31,1502.91,129.5,11.34,1824.16,414.3,11.66,0.0391,-0.0512,-0.0168,0.0603,0.0688,0.9993,1446.4,1222.3,1242.8,1052.1,10.64,22.25,-1,WAIT
2023-06-29,1505.0,1446.4,22.27,11.57,105.91,245.73,85.94,675.24,4531.3,7.0958,80.96,49.3,12.33,398.9,7.55,6,3,0,1,3,6,2,0.0451,-0.999,1416.4,1417.4,11.11,23.28,1566.5,1466.9,11.88,21.27,1442.7,1388.1,11.2,23.32,1443.9,1429.3,11.55,22.14,1451.7,1483.0,11.84,22.76,1593.8,1541.0,11.09,22.61,1482.47,66.72,11.29,1406.94,107.55,11.29,1498.0,128.72,11.35,1805.13,404.72,11.64,0.0017,-0.0037,0.0017,0.0584,0.0732,0.9611,1434.4,1186.3,1270.5,812.6,10.42,20.4,-1,WAIT
2023-06-30,1404.2,1434.4,22.29,11.44,97.76,234.91,85.72,652.01,4598.5,7.1243,81.31,49.12,12.53,398.9,7.07,5,3,0,1,4,6,2,0.028,-0.9996,1446.4,1505.0,11.57,22.27,1416.4,1417.4,11.11,23.28,1566.5,1466.9,11.88,21.27,1471.4,1394.6,11.39,23.04,1382.5,1377.1,11.8,21.73,1702.5,1615.7,11.26,23.39,1477.19,69.16,11.3,1410.64,107.54,11.27,1489.06,123.22,11.36,1782.85,387.03,11.62,-0.0251,0.0375,0.0044,0.057,0.0682,1.0215,1281.0,1112.2,1201.0,1097.3,10.85,20.86,-1,WAIT
2023-07-03,1289.0,1281.0,21.82,10.98,105.38,241.97,85.52,679.73,4624.4,7.0948,81.85,49.72,12.27,399.0,7.44,6,4,0,1,0,7,3,-0.0237,-0.9997,1434.4,1404.2,11.44,22.29,1446.4,1505.0,11.57,22.27,1416.4,1417.4,11.11,23.28,1446.6,1307.0,10.98,22.32,1330.2,1318.6,11.08,22.61,1661.0,1585.6,11.87,22.45,1453.53,101.93,11.3,1407.13,111.12,11.26,1476.4,124.46,11.33,1760.39,376.09,11.59,-0.1145,-0.037,0.0,0.0619,0.0823,0.9938,1109.3,1103.5,1068.4,966.2,10.87,21.41,-1,WAIT
2023-07-04,1177.0,1109.3,22.41,11.17,99.27,251.93,84.36,659.79,4623.2,7.1269,81.58,49.86,12.24,399.1,7.59,6,3,0,1,1,7,3,-0.0408,-0.9992,1281.0,1289.0,10.98,21.82,1434.4,1404.2,11.44,22.29,1446.4,1505.0,11.57,22.27,1587.3,1471.1,10.9,22.48,1184.6,1152.9,10.91,21.65,1618.9,1450.3,11.04,22.93,1385.24,147.36,11.34,1401.75,123.81,11.28,1459.41,138.35,11.33,1736.4,370.83,11.57,-0.3011,-0.0636,0.0248,0.0591,0.0895,0.9425,1167.9,1223.1,972.5,1035.9,11.2,21.51,1,CHARTER_NOW
2023-07-05,1233.7,1167.9,20.93,9.85,100.04,245.85,85.3,672.42,4510.5,7.1136,81.21,48.72,12.44,399.1,7.33,5,3,0,1,2,7,3,-0.058,-0.9983,1109.3,1177.0,11.17,22.41,1281.0,1289.0,10.98,21.82,1434.4,1404.2,11.44,22.29,1442.7,1388.1,11.2,23.32,1258.5,1281.3,10.96,20.92,1559.3,1454.6,11.41,22.93,1345.99,165.05,11.14,1395.28,133.84,11.2,1446.36,146.8,11.28,1713.44,362.43,11.52,-0.1905,-0.072,-0.1205,0.0683,0.0857,0.9467,1238.8,1246.4,1138.4,1019.3,11.15,21.36,1,CHARTER_NOW
2023-07-06,1231.4,1238.8,21.57,10.33,103.44,250.9,82.85,635.45,4586.5,7.1084,80.68,48.25,12.2,399.1,7.74,5,3,0,1,3,7,3,-0.0752,-0.9972,1167.9,1233.7,9.85,20.93,1109.3,1177.0,11.17,22.41,1281.0,1289.0,10.98,21.82,1566.5,1466.9,11.88,21.27,1357.0,1389.6,11.49,21.64,1620.5,1558.3,11.37,22.59,1299.17,135.99,10.92,1386.84,140.02,11.12,1433.64,147.72,11.25,1691.42,350.05,11.48,-0.2092,-0.0871,-0.1305,0.0615,0.0835,1.006,1222.3,1215.1,1124.0,973.0,10.4,21.28,0,HOLD_NEUTRAL
2023-07-07,1268.3,1222.3,22.25,10.64,104.07,259.6,85.8,673.68,4557.6,7.064,81.31,48.62,12.23,399.2,7.77,6,4,0,1,4,7,3,-0.0923,-0.9957,1238.8,1231.4,10.33,21.57,1167.9,1233.7,9.85,20.93,1109.3,1177.0,11.17,22.41,1416.4,1417.4,11.11,23.28,1363.1,1399.7,11.3,20.97,1698.5,1569.1,11.76,23.3,1271.44,127.64,10.85,1376.78,146.75,11.07,1417.77,143.82,11.21,1671.3,341.49,11.46,-0.137,-0.1033,-0.0423,0.0633,0.0851,0.9637,1186.3,1242.8,1057.4,1108.1,10.5,22.29,0,HOLD_NEUTRAL
2023-07-10,1261.8,1186.3,20.4,10.42,99.65,254.54,84.28,639.97,4604.7,7.0872,81.4,50.46,12.24,399.3,7.32,5,4,0,1,0,7,3,-0.1436,-0.9896,1222.3,1268.3,10.64,22.25,1238.8,1231.4,10.33,21.57,1167.9,1233.7,9.85,20.93,1446.4,1505.0,11.57,22.27,1443.9,1429.3,11.55,22.14,1657.3,1487.0,12.07,23.17,1234.29,103.86,10.69,1358.38,153.68,10.99,1402.07,142.47,11.15,1651.71,334.87,11.41,-0.1798,-0.1784,-0.0994,0.0614,0.084,0.9402,1112.2,1270.5,1019.6,959.1,11.14,21.78,1,CHARTER_NOW
2023-07-11,1202.3,1112.2,20.86,10.85,98.76,247.86,84.14,662.87,4586.2,7.1301,81.22,47.89,12.33,399.3,7.46,5,3,0,1,1,7,3,-0.1606,-0.987,1186.3,1261.8,10.42,20.4,1222.3,1268.3,10.64,22.25,1238.8,1231.4,10.33,21.57,1434.4,1404.2,11.44,22.29,1471.4,1394.6,11.39,23.04,1683.3,1580.2,11.42,23.15,1188.26,64.23,10.61,1332.72,163.06,10.95,1383.03,141.75,11.14,1630.37,327.56,11.39,-0.2246,-0.2441,-0.0516,0.0611,0.0888,0.9251,1103.5,1201.0,1147.8,1021.8,10.64,22.43,1,CHARTER_NOW
2023-07-12,1209.1,1103.5,21.41,10.87,99.83,243.74,86.53,670.46,4622.6,7.0918,81.11,48.48,12.72,399.3,7.72,5,2,0,1,2,7,3,-0.1775,-0.9841,1112.2,1202.3,10.85,20.86,1186.3,1261.8,10.42,20.4,1222.3,1268.3,10.64,22.25,1281.0,1289.0,10.98,21.82,1446.6,1307.0,10.98,22.32,1567.4,1447.4,11.02,23.23,1162.9,56.03,10.59,1308.21,170.25,10.94,1367.57,146.17,11.13,1609.52,320.43,11.36,-0.1386,-0.2372,-0.01,0.0617,0.0905,0.9127,1223.1,1068.4,1002.5,962.2,10.04,20.53,0,HOLD_NEUTRAL
2023-07-13,1284.5,1223.1,21.51,11.2,101.11,228.83,88.78,690.35,4602.4,7.1487,81.37,47.95,12.1,399.4,7.52,6,4,0,1,3,7,3,-0.1944,-0.9809,1103.5,1209.1,10.87,21.41,1112.2,1202.3,10.85,20.86,1186.3,1261.8,10.42,20.4,1109.3,1177.0,11.17,22.41,1587.3,1471.1,10.9,22.48,1484.3,1519.6,10.75,22.6,1179.16,54.37,10.59,1282.2,151.07,10.96,1358.86,146.76,11.14,1591.15,310.13,11.35,0.1026,-0.2294,0.0027,0.0616,0.0827,0.9522,1246.4,972.5,1049.9,945.5,11.01,20.45,-1,WAIT
2023-07-14,1189.1,1246.4,21.36,11.15,102.9,247.14,88.0,664.26,4537.9,7.1831,81.1,48.79,12.63,399.4,7.23,6,2,0,1,4,7,3,-0.2113,-0.9774,1223.1,1284.5,11.2,21.51,1103.5,1209.1,10.87,21.41,1112.2,1202.3,10.85,20.86,1167.9,1233.7,9.85,20.93,1442.7,1388.1,11.2,23.32,1518.5,1529.1,11.12,23.01,1190.37,59.51,10.78,1268.18,143.97,10.96,1349.79,144.95,11.15,1572.72,296.7,11.33,0.0672,-0.1361,0.132,0.0596,0.0826,1.0482,1215.1,1138.4,1029.6,1233.9,11.15,22.58,-1,WAIT
2023-07-17,1289.5,1215.1,21.28,10.4,100.09,246.39,83.58,637.6,4573.8,7.1331,81.82,48.05,12.53,399.5,7.48,5,3,0,1,0,7,3,-0.2614,-0.9652,1246.4,1189.1,11.15,21.36,1223.1,1284.5,11.2,21.51,1103.5,1209.1,10.87,21.41,1238.8,1231.4,10.33,21.57,1566.5,1466.9,11.88,21.27,1499.9,1470.1,10.99,21.63,1186.99,56.91,10.79,1243.08,115.84,10.86,1340.3,144.1,11.13,1552.98,279.66,11.3,-0.0191,-0.2243,0.0068,0.0613,0.0824,0.9423,1242.8,1124.0,786.9,1016.9,11.39,21.22,-1,WAIT
2023-07-18,1241.9,1242.8,22.29,10.5,102.08,252.19,84.69,663.04,4609.0,7.1584,81.74,48.65,12.69,399.5,7.33,6,3,0,1,1,7,3,-0.278,-0.9606,1215.1,1289.5,10.4,21.28,1246.4,1189.1,11.15,21.36,1223.1,1284.5,11.2,21.51,1222.3,1268.3,10.64,22.25,1416.4,1417.4,11.11,23.28,1467.3,1487.1,11.49,22.98,1189.91,59.5,10.77,1230.68,104.61,10.81,1332.81,143.11,11.09,1536.24,267.2,11.26,0.0168,-0.1226,-0.0132,0.0631,0.0821,1.0007,1270.5,1057.4,839.0,1042.0,10.71,20.41,-1,WAIT
2023-07-19,1238.3,1270.5,21.78,11.14,105.39,248.54,88.22,668.51,4613.1,7.1354,81.53,47.62,13.01,399.6,7.72,7,4,0,1,2,7,3,-0.2945,-0.9557,1242.8,1241.9,10.5,22.29,1215.1,1289.5,10.4,21.28,1246.4,1189.1,11.15,21.36,1186.3,1261.8,10.42,20.4,1446.4,1505.0,11.57,22.27,1559.7,1481.5,11.55,22.3,1201.94,66.72,10.87,1218.11,85.53,10.78,1323.17,136.9,11.08,1520.34,253.57,11.25,0.071,-0.1216,0.0691,0.06,0.083,1.026,1201.0,1019.6,881.2,1116.2,10.77,19.95,-1,WAIT
2023-07-20,1193.4,1201.0,22.43,10.64,101.41,247.74,84.81,662.28,4561.9,7.098,81.4,49.03,12.67,399.6,7.62,5,3,0,1,3,7,3,-0.3109,-0.9505,1270.5,1238.3,11.14,21.78,1242.8,1241.9,10.5,22.29,1215.1,1289.5,10.4,21.28,1112.2,1202.3,10.85,20.86,1434.4,1404.2,11.44,22.29,1492.8,1473.7,11.49,21.79,1214.63,54.06,10.84,1201.44,58.65,10.72,1313.45,134.78,11.05,1506.63,248.09,11.24,0.0798,-0.1627,-0.0194,0.0622,0.0844,1.0064,1068.4,1147.8,1052.1,971.0,11.38,22.46,-1,WAIT
2023-07-21,1185.4,1068.4,20.53,10.04,101.23,237.24,86.23,649.94,4558.5,7.1202,81.22,49.35,12.57,399.6,7.43,5,4,0,1,4,7,3,-0.3272,-0.945,1201.0,1193.4,10.64,22.43,1270.5,1238.3,11.14,21.78,1242.8,1241.9,10.5,22.29,1103.5,1209.1,10.87,21.41,1281.0,1289.0,10.98,21.82,1451.7,1483.0,11.84,22.76,1209.61,66.32,10.72,1186.26,63.77,10.66,1300.67,139.32,10.99,1489.29,241.56,11.21,-0.0318,-0.166,-0.0764,0.0647,0.0947,0.9013,972.5,1002.5,812.6,1249.2,10.3,20.8,-1,WAIT
2023-07-24,1091.3,972.5,20.45,11.01,95.43,243.99,87.67,686.33,4617.7,7.1753,81.4,48.46,12.13,399.7,7.51,6,3,0,1,0,7,3,-0.3755,-0.9268,1068.4,1185.4,10.04,20.53,1201.0,1193.4,10.64,22.43,1270.5,1238.3,11.14,21.78,1223.1,1284.5,11.2,21.51,1109.3,1177.0,11.17,22.41,1382.5,1377.1,11.8,21.73,1173.81,110.65,10.7,1176.49,83.8,10.65,1287.0,150.66,10.97,1472.26,241.36,11.2,-0.2049,-0.1233,-0.017,0.0623,0.0981,0.8911,1138.4,1049.9,1097.3,982.3,11.07,21.17,1,CHARTER_NOW
2023-07-25,1124.5,1138.4,22.58,11.15,91.94,255.07,84.98,643.09,4567.8,7.0994,81.82,48.59,12.16,399.8,7.22,6,4,0,1,1,7,3,-0.3914,-0.9202,972.5,1091.3,11.01,20.45,1068.4,1185.4,10.04,20.53,1201.0,1193.4,10.64,22.43,1246.4,1189.1,11.15,21.36,1167.9,1233.7,9.85,20.93,1330.2,1318.6,11.08,22.61,1158.39,106.28,10.7,1174.38,84.4,10.74,1280.61,152.82,10.97,1456.78,232.17,11.18,-0.0866,-0.0253,0.0,0.0577,0.0808,1.0124,1124.0,1029.6,966.2,1101.1,10.69,21.05,-1,WAIT
2023-07-26,1223.3,1124.0,21.22,11.39,101.67,264.82,86.96,677.93,4559.6,7.0842,81.63,48.57,12.47,399.8,7.33,5,4,0,1,2,7,3,-0.4071,-0.9134,1138.4,1124.5,11.15,22.58,972.5,1091.3,11.01,20.45,1068.4,1185.4,10.04,20.53,1215.1,1289.5,10.4,21.28,1238.8,1231.4,10.33,21.57,1184.6,1152.9,10.91,21.65,1145.37,103.73,10.84,1166.18,83.23,10.81,1278.59,154.52,10.98,1442.58,225.84,11.16,-0.075,-0.0927,0.0952,0.0595,0.0905,0.9188,1057.4,786.9,1035.9,1162.3,10.53,21.01,-1,WAIT
2023-07-27,1084.7,1057.4,20.41,10.71,100.19,251.68,84.4,661.45,4603.6,7.0815,81.47,48.76,12.06,399.8,7.78,6,3,0,1,3,7,3,-0.4228,-0.9062,1124.0,1223.3,11.39,21.22,1138.4,1124.5,11.15,22.58,972.5,1091.3,11.01,20.45,1242.8,1241.9,10.5,22.29,1222.3,1268.3,10.64,22.25,1258.5,1281.3,10.96,20.92,1118.89,98.23,10.87,1154.4,86.29,10.82,1271.89,159.7,10.98,1428.33,222.66,11.15,-0.1492,-0.1349,0.02,0.0618,0.0948,0.9748,1019.6,839.0,1019.3,1249.3,10.49,20.65,-1,WAIT
2023-07-28,1139.6,1019.6,19.95,10.77,98.93,255.34,85.76,654.79,4603.2,7.1093,81.66,48.63,12.52,399.9,7.48,6,3,0,1,4,7,3,-0.4383,-0.8988,1057.4,1084.7,10.71,20.41,1124.0,1223.3,11.39,21.22,1138.4,1124.5,11.15,22.58,1270.5,1238.3,11.14,21.78,1186.3,1261.8,10.42,20.4,1357.0,1389.6,11.49,21.64,1083.04,77.21,10.82,1142.49,92.8,10.84,1260.64,165.28,10.95,1414.01,220.8,11.14,-0.1975,-0.1405,-0.0332,0.0608,0.097,0.8947,1147.8,881.2,973.0,1223.6,10.89,22.32,-1,WAIT
2023-07-31,1226.5,1147.8,22.46,11.38,101.44,260.5,87.45,681.62,4593.0,7.0863,81.59,49.07,11.98,400.0,7.65,4,5,0,1,0,7,3,-0.4841,-0.875,1019.6,1139.6,10.77,19.95,1057.4,1084.7,10.71,20.41,1124.0,1223.3,11.39,21.22,1201.0,1193.4,10.64,22.43,1112.2,1202.3,10.85,20.86,1363.1,1399.7,11.3,20.97,1075.44,65.38,10.92,1145.04,92.4,10.88,1253.46,165.35,10.95,1403.19,217.61,11.14,-0.0443,0.032,0.0695,0.0599,0.0884,0.9358,1002.5,1052.1,1108.1,1237.5,10.79,21.47,-1,WAIT
2023-08-01,1165.9,1002.5,20.8,10.3,100.56,247.75,84.03,654.54,4600.3,7.1669,81.56,49.32,12.64,400.0,7.5,5,3,0,1,1,8,3,-0.4991,-0.8666,1147.8,1226.5,11.38,22.46,1019.6,1139.6,10.77,19.95,1057.4,1084.7,10.71,20.41,1068.4,1185.4,10.04,20.53,1103.5,1209.1,10.87,21.41,1443.9,1429.3,11.55,22.14,1066.03,71.06,10.96,1137.82,99.56,10.84,1238.75,167.45,10.91,1391.12,219.44,11.12,-0.0617,-0.0915,0.0259,0.0635,0.1003,0.8599,1049.9,812.6,959.1,1234.5,9.78,21.21,-1,WAIT
2023-08-02,1241.0,1049.9,21.17,11.07,104.46,257.06,87.72,670.01,4626.6,7.1234,81.71,48.19,12.35,400.0,7.72,7,3,0,1,2,8,3,-0.5139,-0.8578,1002.5,1165.9,10.3,20.8,1147.8,1226.5,11.38,22.46,1019.6,1139.6,10.77,19.95,972.5,1091.3,11.01,20.45,1223.1,1284.5,11.2,21.51,1471.4,1394.6,11.39,23.04,1077.09,59.1,10.97,1125.45,98.9,10.83,1224.7,164.92,10.9,1379.56,218.83,11.11,0.0796,-0.1416,0.0054,0.0605,0.0995,0.846,1029.6,1097.3,1021.8,1160.9,11.33,22.12,1,CHARTER_NOW
2023-08-03,1070.7,1029.6,21.05,10.69,101.23,249.24,86.91,658.88,4602.0,7.1462,81.6,48.46,12.44,400.1,7.05,6,3,0,1,3,8,3,-0.5286,-0.8489,1049.9,1241.0,11.07,21.17,1002.5,1165.9,10.3,20.8,1147.8,1226.5,11.38,22.46,1138.4,1124.5,11.15,22.58,1246.4,1189.1,11.15,21.36,1446.6,1307.0,10.98,22.32,1061.54,54.41,10.9,1109.96,95.42,10.8,1210.8,163.14,10.89,1368.21,219.03,11.1,-0.0956,-0.1739,-0.0413,0.0616,0.0983,0.9616,786.9,966.2,962.2,1120.5,10.26,21.1,-1,WAIT
2023-08-04,981.0,786.9,21.01,10.53,98.67,261.76,87.96,654.56,4630.9,7.1084,81.69,49.12,12.26,400.1,7.41,6,3,0,1,4,8,3,-0.5431,-0.8397,1029.6,1070.7,10.69,21.05,1049.9,1241.0,11.07,21.17,1002.5,1165.9,10.3,20.8,1124.0,1223.3,11.39,21.22,1215.1,1289.5,10.4,21.28,1587.3,1471.1,10.9,22.48,1013.39,110.34,10.78,1079.38,123.59,10.81,1184.12,164.88,10.88,1353.49,227.89,11.09,-0.2999,-0.3524,-0.0755,0.0622,0.1254,0.8021,839.0,1035.9,945.5,1343.5,11.09,20.89,1,CHARTER_NOW
2023-08-07,1003.1,839.0,20.65,10.49,104.34,256.9,87.38,678.38,4618.5,7.0838,81.54,47.84,12.04,400.2,7.77,6,2,0,1,0,8,3,-0.5857,-0.8105,786.9,981.0,10.53,21.01,1029.6,1070.7,10.69,21.05,1049.9,1241.0,11.07,21.17,1057.4,1084.7,10.71,20.41,1242.8,1241.9,10.5,22.29,1442.7,1388.1,11.2,23.32,982.19,125.64,10.75,1050.54,129.5,10.81,1164.0,169.02,10.86,1338.43,231.57,11.08,-0.2065,-0.3249,-0.0205,0.0647,0.1244,0.8364,881.2,1019.3,1233.9,1214.3,10.67,21.57,1,CHARTER_NOW
2023-08-08,1065.7,881.2,22.32,10.89,100.6,258.5,89.44,669.44,4638.8,7.0789,81.44,47.53,12.67,400.2,7.63,6,4,0,1,1,8,3,-0.5996,-0.8003,839.0,1003.1,10.49,20.65,786.9,981.0,10.53,21.01,1029.6,1070.7,10.69,21.05,1019.6,1139.6,10.77,19.95,1270.5,1238.3,11.14,21.78,1566.5,1466.9,11.88,21.27,962.41,129.6,10.76,1022.73,120.09,10.79,1141.15,158.74,10.82,1325.74,235.44,11.07,-0.1357,-0.3064,0.0111,0.0615,0.1142,0.8269,1052.1,973.0,1016.9,1308.4,10.96,21.39,1,CHARTER_NOW
2023-08-09,1164.1,1052.1,21.47,10.79,103.1,250.89,87.22,674.24,4664.9,7.0912,81.38,48.74,12.69,400.3,7.7,6,2,0,1,2,8,3,-0.6132,-0.7899,881.2,1065.7,10.89,22.32,839.0,1003.1,10.49,20.65,786.9,981.0,10.53,21.01,1147.8,1226.5,11.38,22.46,1201.0,1193.4,10.64,22.43,1416.4,1417.4,11.11,23.28,948.74,110.41,10.68,1012.09,109.18,10.8,1129.01,150.69,10.81,1315.96,234.41,11.07,-0.0834,-0.124,-0.0518,0.0625,0.098,0.9038,812.6,1108.1,1042.0,1174.2,11.15,21.11,1,CHARTER_NOW
2023-08-10,982.5,812.6,21.21,9.78,100.02,262.56,86.23,663.18,4664.7,7.129,81.35,48.88,12.36,400.3,7.43,6,3,0,1,3,8,3,-0.6267,-0.7792,1052.1,1164.1,10.79,21.47,881.2,1065.7,10.89,22.32,839.0,1003.1,10.49,20.65,1002.5,1165.9,10.3,20.8,1068.4,1185.4,10.04,20.53,1446.4,1505.0,11.57,22.27,921.61,118.06,10.61,993.82,119.91,10.78,1107.88,149.08,10.75,1302.94,240.33,11.05,-0.1894,-0.2394,-0.0505,0.0678,0.1231,0.8271,1097.3,959.1,1116.2,1214.1,10.64,21.05,1,CHARTER_NOW
2023-08-11,1160.2,1097.3,22.12,11.33,99.6,273.4,87.22,681.25,4681.5,7.1344,81.13,48.21,12.56,400.3,7.32,6,4,0,1,4,8,3,-0.64,-0.7683,812.6,982.5,9.78,21.21,1052.1,1164.1,10.79,21.47,881.2,1065.7,10.89,22.32,1049.9,1241.0,11.07,21.17,972.5,1091.3,11.01,20.45,1434.4,1404.2,11.44,22.29,928.39,127.62,10.64,1002.74,122.81,10.81,1096.65,135.73,10.75,1292.86,235.94,11.05,0.0451,0.1283,0.0235,0.0601,0.0908,0.9458,966.2,1021.8,971.0,1183.9,10.85,22.09,-1,WAIT
2023-08-14,1042.5,966.2,21.1,10.26,102.09,250.71,87.97,674.6,4669.2,7.1376,81.32,48.29,12.35,400.4,7.21,5,3,0,1,0,8,3,-0.6788,-0.7343,1097.3,1160.2,11.33,22.12,812.6,982.5,9.78,21.21,1052.1,1164.1,10.79,21.47,1029.6,1070.7,10.69,21.05,1138.4,1124.5,11.15,22.58,1281.0,1289.0,10.98,21.82,919.33,121.34,10.58,990.44,116.65,10.74,1086.15,133.12,10.72,1281.28,234.61,11.03,-0.0616,-0.1513,-0.0402,0.0658,0.1057,0.9268,1035.9,962.2,1249.2,1320.9,10.67,22.35,0,HOLD_NEUTRAL
2023-08-15,1192.4,1035.9,20.89,11.09,102.01,256.23,87.08,668.18,4649.4,7.0751,81.32,48.19,12.49,400.5,7.2,6,3,0,1,1,8,3,-0.6914,-0.7225,966.2,1042.5,10.26,21.1,1097.3,1160.2,11.33,22.12,812.6,982.5,9.78,21.21,786.9,981.0,10.53,21.01,1124.0,1223.3,11.39,21.22,1109.3,1177.0,11.17,22.41,954.9,112.2,10.66,984.14,111.13,10.72,1083.71,133.36,10.72,1271.56,232.46,11.03,0.3164,-0.0784,0.0532,0.0603,0.0985,0.8688,1019.3,945.5,982.3,1356.6,9.82,21.56,-1,WAIT
2023-08-16,1155.3,1019.3,21.57,10.67,103.65,261.02,87.05,680.75,4627.0,7.1199,81.43,48.13,12.59,400.5,7.57,5,4,0,1,2,8,3,-0.7037,-0.7105,1035.9,1192.4,11.09,20.89,966.2,1042.5,10.26,21.1,1097.3,1160.2,11.33,22.12,839.0,1003.1,10.49,20.65,1057.4,1084.7,10.71,20.41,1167.9,1233.7,9.85,20.93,980.66,101.32,10.69,981.42,109.66,10.72,1078.75,132.88,10.75,1262.56,231.58,11.02,0.2149,-0.036,0.0172,0.0638,0.1017,0.8823,973.0,1233.9,1101.1,1205.0,10.88,22.9,1,CHARTER_NOW
2023-08-17,1148.6,973.0,21.39,10.96,101.42,265.7,85.7,666.81,4629.8,7.0894,81.96,48.98,12.55,400.5,7.51,6,3,0,1,3,8,3,-0.7158,-0.6983,1019.3,1155.3,10.67,21.57,1035.9,1192.4,11.09,20.89,966.2,1042.5,10.26,21.1,881.2,1065.7,10.89,22.32,1019.6,1139.6,10.77,19.95,1238.8,1231.4,10.33,21.57,993.77,91.8,10.7,978.09,109.11,10.73,1069.89,130.69,10.77,1251.77,229.69,11.01,0.1042,-0.0457,0.0064,0.0608,0.1042,0.8471,1108.1,1016.9,1162.3,1251.4,10.29,20.91,1,CHARTER_NOW
2023-08-18,1173.6,1108.1,21.11,11.15,96.56,256.12,85.76,666.95,4613.8,7.1324,81.53,47.95,12.71,400.6,7.39,5,3,0,1,4,8,3,-0.7277,-0.6859,973.0,1148.6,10.96,21.39,1019.3,1155.3,10.67,21.57,1035.9,1192.4,11.09,20.89,1052.1,1164.1,10.79,21.47,1147.8,1226.5,11.38,22.46,1222.3,1268.3,10.64,22.25,1001.77,99.82,10.75,975.26,104.8,10.71,1066.09,127.72,10.79,1241.93,222.77,11.0,0.0532,-0.0346,0.0334,0.0598,0.0871,0.9442,959.1,1042.0,1249.3,1323.7,10.71,21.72,-1,WAIT
2023-08-21,1061.0,959.1,21.05,10.64,101.22,239.59,84.41,659.59,4648.1,7.1354,81.66,48.45,12.55,400.7,7.5,5,3,0,1,0,8,3,-0.7621,-0.6474,1108.1,1173.6,11.15,21.11,973.0,1148.6,10.96,21.39,1019.3,1155.3,10.67,21.57,812.6,982.5,9.78,21.21,1002.5,1165.9,10.3,20.8,1186.3,1261.8,10.42,20.4,1022.7,61.58,10.87,972.16,104.57,10.74,1058.51,127.08,10.79,1230.29,218.91,10.97,0.1803,-0.0433,0.0879,0.062,0.1055,0.904,1021.8,1116.2,1223.6,1355.5,10.46,22.55,1,CHARTER_NOW
2023-08-22,1080.1,1021.8,22.09,10.85,105.32,271.55,90.06,673.96,4673.5,7.0861,81.67,48.1,12.45,400.7,7.42,6,3,0,1,1,8,3,-0.7731,-0.6342,959.1,1061.0,10.64,21.05,1108.1,1173.6,11.15,21.11,973.0,1148.6,10.96,21.39,1097.3,1160.2,11.33,22.12,1049.9,1241.0,11.07,21.17,1112.2,1202.3,10.85,20.86,1011.91,52.24,10.8,970.15,103.22,10.72,1055.5,126.84,10.79,1219.26,212.27,10.96,-0.0688,-0.0268,-0.0424,0.0621,0.1031,0.946,962.2,971.0,1237.5,1323.9,10.12,20.45,-1,WAIT
2023-08-23,1113.8,962.2,22.35,10.67,102.0,267.58,84.64,664.64,4624.8,7.1505,82.01,47.8,12.3,400.7,7.58,5,2,0,1,2,8,3,-0.7839,-0.6208,1021.8,1080.1,10.85,22.09,959.1,1061.0,10.64,21.05,1108.1,1173.6,11.15,21.11,966.2,1042.5,10.26,21.1,1029.6,1070.7,10.69,21.05,1103.5,1209.1,10.87,21.41,1011.34,52.84,10.86,965.34,101.8,10.72,1050.79,127.62,10.79,1209.18,209.81,10.96,-0.0041,-0.0655,0.04,0.0623,0.106,0.8639,945.5,1249.2,1234.5,1264.4,11.65,21.85,1,CHARTER_NOW
2023-08-24,1033.1,945.5,21.56,9.82,102.34,249.33,85.6,669.45,4650.1,7.1919,81.47,49.08,12.36,400.8,7.58,5,3,0,1,3,8,3,-0.7945,-0.6073,962.2,1113.8,10.67,22.35,1021.8,1080.1,10.85,22.09,959.1,1061.0,10.64,21.05,1035.9,1192.4,11.09,20.89,786.9,981.0,10.53,21.01,1223.1,1284.5,11.2,21.51,998.43,56.74,10.68,976.66,88.35,10.67,1041.54,124.72,10.74,1200.2,209.36,10.94,-0.0873,0.2016,-0.1145,0.0682,0.1082,0.9152,1233.9,982.3,1160.9,1383.8,10.97,22.27,0,HOLD_NEUTRAL
2023-08-25,1362.1,1233.9,22.9,10.88,106.47,258.37,85.52,649.36,4628.8,7.147,81.57,48.32,12.62,400.8,7.17,6,3,0,1,4,8,3,-0.8048,-0.5935,945.5,1033.1,9.82,21.56,962.2,1113.8,10.67,22.35,1021.8,1080.1,10.85,22.09,1019.3,1155.3,10.67,21.57,839.0,1003.1,10.49,20.65,1246.4,1189.1,11.15,21.36,1029.09,106.26,10.71,1004.87,102.87,10.7,1041.12,124.03,10.73,1195.46,205.21,10.94,0.2105,0.4707,0.0197,0.0597,0.0863,0.9059,1016.9,1101.1,1120.5,1505.9,10.81,20.95,-1,WAIT
2023-08-28,1065.4,1016.9,20.91,10.29,101.23,275.22,88.39,678.12,4663.3,7.1177,81.62,48.71,12.16,400.9,7.43,6,3,0,1,0,8,3,-0.8344,-0.5512,1233.9,1362.1,10.88,22.9,945.5,1033.1,9.82,21.56,962.2,1113.8,10.67,22.35,973.0,1148.6,10.96,21.39,881.2,1065.7,10.89,22.32,1215.1,1289.5,10.4,21.28,1035.36,103.66,10.61,1014.56,96.51,10.66,1034.51,119.65,10.73,1187.4,202.52,10.93,0.0451,0.154,-0.0611,0.0659,0.0995,0.9545,1042.0,1162.3,1343.5,1411.2,10.86,20.71,1,CHARTER_NOW
2023-08-29,1160.6,1042.0,21.72,10.71,98.77,274.85,86.21,665.74,4637.9,7.1133,81.93,47.77,12.68,400.9,7.04,6,3,0,1,1,8,3,-0.8437,-0.5368,1016.9,1065.4,10.29,20.91,1233.9,1362.1,10.88,22.9,945.5,1033.1,9.82,21.56,1108.1,1173.6,11.15,21.11,1052.1,1164.1,10.79,21.47,1242.8,1241.9,10.5,22.29,1025.91,98.83,10.55,1013.84,96.25,10.65,1027.82,113.03,10.74,1180.32,199.99,10.91,-0.0597,-0.0096,-0.0395,0.0622,0.0948,0.8978,1116.2,1249.3,1214.3,1339.6,10.99,23.13,1,CHARTER_NOW
2023-08-30,1272.7,1116.2,22.55,10.46,103.39,271.56,88.94,683.18,4632.4,7.1167,81.99,48.2,12.41,401.0,7.4,5,3,0,1,2,8,3,-0.8528,-0.5222,1042.0,1160.6,10.71,21.72,1016.9,1065.4,10.29,20.91,1233.9,1362.1,10.88,22.9,959.1,1061.0,10.64,21.05,812.6,982.5,9.78,21.21,1270.5,1238.3,11.14,21.78,1048.36,98.97,10.53,1035.53,80.3,10.7,1022.68,104.82,10.71,1172.92,193.83,10.9,0.1638,0.3736,-0.0169,0.0653,0.0926,0.877,971.0,1223.6,1308.4,1324.0,11.19,22.75,1,CHARTER_NOW
2023-08-31,1131.4,971.0,20.45,10.12,102.56,263.73,85.44,664.97,4635.6,7.1004,81.78,49.02,12.3,401.0,7.49,6,4,0,1,3,8,3,-0.8617,-0.5074,1116.2,1272.7,10.46,22.55,1042.0,1160.6,10.71,21.72,1016.9,1065.4,10.29,20.91,1021.8,1080.1,10.85,22.09,1097.3,1160.2,11.33,22.12,1201.0,1193.4,10.64,22.43,1041.1,103.02,10.42,1026.51,79.92,10.61,1015.01,99.61,10.7,1164.23,190.92,10.87,-0.0497,-0.1151,-0.0673,0.0657,0.1056,0.8582,1249.2,1237.5,1174.2,1467.4,10.81,22.35,1,CHARTER_NOW
2023-09-01,1288.3,1249.2,21.85,11.65,101.22,266.21,87.1,689.45,4678.2,7.131,81.98,50.03,12.25,401.0,7.1,6,3,0,1,4,9,3,-0.8703,-0.4925,971.0,1131.4,10.12,20.45,1116.2,1272.7,10.46,22.55,1042.0,1160.6,10.71,21.72,962.2,1113.8,10.67,22.35,966.2,1042.5,10.26,21.1,1068.4,1185.4,10.04,20.53,1082.1,121.79,10.56,1046.72,97.38,10.71,1021.04,108.06,10.75,1160.85,187.51,10.87,0.2983,0.2929,0.0918,0.0592,0.081,0.9696,982.3,1234.5,1214.1,1315.8,11.41,22.07,0,HOLD_NEUTRAL
2023-09-04,1060.3,982.3,22.27,10.97,103.97,265.14,85.04,671.25,4660.6,7.0899,81.74,47.52,12.61,401.1,7.27,6,3,0,1,0,9,3,-0.8945,-0.447,1249.2,1288.3,11.65,21.85,971.0,1131.4,10.12,20.45,1116.2,1272.7,10.46,22.55,945.5,1033.1,9.82,21.56,1035.9,1192.4,11.09,20.89,972.5,1091.3,11.01,20.45,1087.36,115.54,10.73,1042.89,98.88,10.7,1021.36,107.92,10.75,1154.18,186.61,10.86,0.0389,-0.0517,0.1171,0.0612,0.1058,0.9264,1101.1,1160.9,1183.9,1458.3,10.8,21.46,1,CHARTER_NOW
2023-09-05,1115.6,1101.1,20.95,10.81,106.32,275.12,90.35,678.62,4650.2,7.0676,81.65,48.5,12.47,401.1,7.36,6,3,0,1,1,9,3,-0.9021,-0.4315,982.3,1060.3,10.97,22.27,1249.2,1288.3,11.65,21.85,971.0,1131.4,10.12,20.45,1233.9,1362.1,10.88,22.9,1019.3,1155.3,10.67,21.57,1138.4,1124.5,11.15,22.58,1068.39,96.86,10.72,1048.74,99.79,10.71,1020.12,106.73,10.74,1150.36,185.28,10.85,-0.1076,0.0803,-0.0064,0.0628,0.0966,0.987,1162.3,1120.5,1320.9,1406.0,10.63,21.72,0,HOLD_NEUTRAL
2023-09-06,1262.4,1162.3,20.71,10.86,104.94,260.62,84.29,660.63,4675.5,7.1311,82.0,48.84,12.79,401.2,7.4,6,4,0,1,2,9,3,-0.9094,-0.4159,1101.1,1115.6,10.81,20.95,982.3,1060.3,10.97,22.27,1249.2,1288.3,11.65,21.85,1016.9,1065.4,10.29,20.91,973.0,1148.6,10.96,21.39,1124.0,1223.3,11.39,21.22,1089.16,99.53,10.8,1062.26,101.55,10.71,1021.4,108.24,10.72,1149.99,185.24,10.85,0.143,0.1946,0.0554,0.0608,0.0903,0.9207,1249.3,1343.5,1356.6,1599.4,11.15,23.33,1,CHARTER_NOW
2023-09-07,1354.9,1249.3,23.13,10.99,106.17,261.69,86.92,687.01,4653.0,7.1254,81.83,48.28,12.23,401.2,7.29,6,3,0,1,3,9,3,-0.9164,-0.4002,1162.3,1262.4,10.86,20.71,1101.1,1115.6,10.81,20.95,982.3,1060.3,10.97,22.27,1042.0,1160.6,10.71,21.72,1108.1,1173.6,11.15,21.11,1057.4,1084.7,10.71,20.41,1118.77,113.08,10.84,1072.34,112.83,10.69,1027.79,115.84,10.73,1149.84,185.15,10.85,0.1989,0.1274,0.0261,0.0625,0.085,0.9221,1223.6,1214.3,1205.0,1407.6,10.76,22.08,0,HOLD_NEUTRAL
2023-09-08,1241.1,1223.6,22.75,11.19,111.22,275.84,87.44,679.22,4708.1,7.1078,81.53,49.09,12.37,401.2,7.11,6,3,0,1,4,9,3,-0.9232,-0.3844,1249.3,1354.9,10.99,23.13,1162.3,1262.4,10.86,20.71,1101.1,1115.6,10.81,20.95,1116.2,1272.7,10.46,22.55,959.1,1061.0,10.64,21.05,1019.6,1139.6,10.77,19.95,1134.11,119.76,10.94,1091.24,114.54,10.73,1034.59,121.21,10.74,1147.62,183.41,10.85,0.0962,0.2758,0.0698,0.0607,0.0909,0.9859,1237.5,1308.4,1251.4,1522.4,11.3,23.76,1,CHARTER_NOW
2023-09-11,1215.1,1237.5,22.35,10.81,104.56,268.47,86.97,684.5,4638.0,7.0872,81.99,48.15,12.47,401.3,7.32,7,3,0,1,0,9,3,-0.9418,-0.3363,1223.6,1241.1,11.19,22.75,1249.3,1354.9,10.99,23.13,1162.3,1262.4,10.86,20.71,971.0,1131.4,10.12,20.45,1021.8,1080.1,10.85,22.09,1147.8,1226.5,11.38,22.46,1172.19,100.0,11.04,1106.64,118.91,10.73,1037.58,125.14,10.72,1145.52,181.62,10.84,0.2745,0.2111,0.0682,0.0633,0.0845,1.0184,1234.5,1174.2,1323.7,1478.7,10.57,20.94,-1,WAIT
2023-09-12,1147.2,1234.5,22.07,11.41,106.78,279.68,85.82,687.73,4666.7,7.1345,81.69,48.72,12.34,401.4,7.0,6,3,0,1,1,9,3,-0.9474,-0.32,1237.5,1215.1,10.81,22.35,1223.6,1241.1,11.19,22.75,1249.3,1354.9,10.99,23.13,1249.2,1288.3,11.65,21.85,962.2,1113.8,10.67,22.35,1002.5,1165.9,10.3,20.8,1170.09,98.25,11.01,1126.09,115.69,10.78,1045.32,129.97,10.76,1142.03,177.76,10.84,-0.0118,0.283,-0.0206,0.0603,0.0865,1.0761,1160.9,1214.1,1355.5,1592.4,11.05,21.77,0,HOLD_NEUTRAL
2023-09-13,1173.9,1160.9,21.46,10.8,104.5,264.84,85.85,676.03,4625.2,7.0964,81.67,48.35,12.49,401.4,7.28,6,4,0,1,2,9,3,-0.9528,-0.3037,1234.5,1147.2,11.41,22.07,1237.5,1215.1,10.81,22.35,1223.6,1241.1,11.19,22.75,982.3,1060.3,10.97,22.27,945.5,1033.1,9.82,21.56,1049.9,1241.0,11.07,21.17,1195.6,55.05,10.98,1141.48,103.51,10.85,1049.02,131.68,10.75,1136.86,172.45,10.83,0.1818,0.2278,-0.0155,0.0626,0.09,0.9889,1120.5,1183.9,1323.9,1466.7,11.19,21.3,0,HOLD_NEUTRAL
2023-09-14,1191.4,1120.5,21.72,10.63,103.66,270.01,86.08,668.33,4663.4,7.1221,81.98,49.31,12.56,401.4,7.24,7,3,0,1,3,9,3,-0.9579,-0.2873,1160.9,1173.9,10.8,21.46,1234.5,1147.2,11.41,22.07,1237.5,1215.1,10.81,22.35,1101.1,1115.6,10.81,20.95,1233.9,1362.1,10.88,22.9,1029.6,1070.7,10.69,21.05,1198.37,49.73,10.96,1133.38,100.1,10.84,1052.05,132.26,10.75,1131.42,167.59,10.82,0.0176,-0.0919,-0.0167,0.0629,0.0925,0.9405,1343.5,1320.9,1264.4,1524.4,11.07,21.9,1,CHARTER_NOW
2023-09-15,1419.8,1343.5,23.33,11.15,104.75,264.04,85.65,674.99,4617.9,7.1795,81.74,48.28,12.59,401.5,7.3,5,4,0,1,4,9,3,-0.9627,-0.2707,1120.5,1191.4,10.63,21.72,1160.9,1173.9,10.8,21.46,1234.5,1147.2,11.41,22.07,1162.3,1262.4,10.86,20.71,1016.9,1065.4,10.29,20.91,786.9,981.0,10.53,21.01,1224.26,70.6,11.0,1156.71,108.57,10.9,1070.6,132.82,10.77,1127.36,159.09,10.82,0.1559,0.3212,0.0267,0.0605,0.078,0.9463,1214.3,1356.6,1383.8,1678.9,11.01,22.05,0,HOLD_NEUTRAL
2023-09-18,1290.8,1214.3,22.08,10.76,105.34,271.55,87.57,677.21,4706.2,7.1467,81.88,48.46,12.8,401.6,7.2,6,3,0,1,0,9,3,-0.9753,-0.2207,1343.5,1419.8,11.15,23.33,1120.5,1191.4,10.63,21.72,1160.9,1173.9,10.8,21.46,1249.3,1354.9,10.99,23.13,1042.0,1160.6,10.71,21.72,839.0,1003.1,10.49,20.65,1219.26,69.77,10.96,1169.01,104.24,10.9,1083.11,127.83,10.78,1123.55,154.07,10.82,-0.028,0.1654,-0.0209,0.0629,0.0867,0.9407,1308.4,1205.0,1505.9,1711.5,11.03,22.01,0,HOLD_NEUTRAL
2023-09-19,1332.6,1308.4,23.76,11.3,108.27,260.94,89.73,690.42,4708.1,7.0863,81.96,49.18,12.24,401.6,7.01,6,3,0,1,1,9,3,-0.979,-0.2039,1214.3,1290.8,10.76,22.08,1343.5,1419.8,11.15,23.33,1120.5,1191.4,10.63,21.72,1223.6,1241.1,11.19,22.75,1116.2,1272.7,10.46,22.55,881.2,1065.7,10.89,22.32,1231.37,77.57,10.98,1182.74,109.29,10.96,1097.35,128.36,10.79,1119.25,144.82,10.81,0.0693,0.1722,0.0098,0.0611,0.0827,0.9818,1174.2,1251.4,1411.2,1635.1,10.91,22.44,-1,WAIT
2023-09-20,1211.5,1174.2,20.94,10.57,114.9,268.91,84.65,651.43,4709.9,7.0894,81.6,48.1,12.57,401.6,7.23,6,4,0,1,2,9,3,-0.9824,-0.187,1308.4,1332.6,11.3,23.76,1214.3,1290.8,10.76,22.08,1343.5,1419.8,11.15,23.33,1237.5,1215.1,10.81,22.35,971.0,1131.4,10.12,20.45,1052.1,1164.1,10.79,21.47,1222.33,80.38,10.95,1197.26,90.96,10.99,1101.42,128.81,10.79,1115.21,139.68,10.8,-0.0512,0.2093,-0.0222,0.0616,0.0979,0.9692,1214.1,1323.7,1339.6,1653.8,10.99,23.13,1,CHARTER_NOW
2023-09-21,1227.8,1214.1,21.77,11.05,105.35,262.34,83.1,663.83,4684.6,7.1324,81.9,48.71,12.38,401.7,7.49,6,4,0,1,3,9,3,-0.9854,-0.1701,1174.2,1211.5,10.57,20.94,1308.4,1332.6,11.3,23.76,1214.3,1290.8,10.76,22.08,1234.5,1147.2,11.41,22.07,1249.2,1288.3,11.65,21.85,812.6,982.5,9.78,21.21,1219.41,80.23,10.89,1194.75,89.9,10.95,1114.8,118.19,10.83,1111.34,133.42,10.79,-0.0165,-0.0281,-0.0316,0.0601,0.0868,0.9888,1183.9,1355.5,1324.0,1812.1,11.34,22.6,1,CHARTER_NOW
2023-09-22,1308.0,1183.9,21.3,11.19,106.57,278.85,85.31,650.28,4653.9,7.0868,82.15,47.68,12.59,401.7,7.55,6,3,0,1,4,9,3,-0.9882,-0.1531,1214.1,1227.8,11.05,21.77,1174.2,1211.5,10.57,20.94,1308.4,1332.6,11.3,23.76,1160.9,1173.9,10.8,21.46,982.3,1060.3,10.97,22.27,1097.3,1160.2,11.33,22.12,1222.7,77.87,10.95,1209.15,66.29,10.97,1117.69,118.8,10.82,1107.17,126.9,10.79,0.0198,0.2052,0.0361,0.0581,0.09,0.9051,1320.9,1323.9,1467.4,1897.8,11.57,23.11,1,CHARTER_NOW
2023-09-25,1335.4,1320.9,21.9,11.07,107.97,279.55,90.01,710.48,4660.2,7.0686,81.6,48.09,12.6,401.8,7.78,5,3,0,1,0,9,3,-0.9948,-0.102,1183.9,1308.0,11.19,21.3,1214.1,1227.8,11.05,21.77,1174.2,1211.5,10.57,20.94,1120.5,1191.4,10.63,21.72,1101.1,1115.6,10.81,20.95,966.2,1042.5,10.26,21.1,1251.33,70.53,11.01,1224.85,64.75,10.98,1129.51,120.84,10.85,1107.83,127.93,10.79,0.1788,0.1996,0.0414,0.0642,0.0817,0.9891,1356.6,1264.4,1315.8,1892.2,10.63,21.77,-1,WAIT
2023-09-26,1243.1,1356.6,22.05,11.01,109.71,261.74,83.82,655.99,4742.9,7.1449,81.95,48.91,12.32,401.8,7.63,6,4,0,1,1,9,3,-0.9964,-0.0848,1320.9,1335.4,11.07,21.9,1183.9,1308.0,11.19,21.3,1214.1,1227.8,11.05,21.77,1343.5,1419.8,11.15,23.33,1162.3,1262.4,10.86,20.71,1035.9,1192.4,11.09,20.89,1253.2,73.49,10.99,1238.73,70.84,11.0,1140.2,126.33,10.85,1111.96,131.9,10.78,0.0098,0.1672,-0.0126,0.0596,0.0809,1.0913,1205.0,1383.8,1458.3,2028.9,10.75,23.29,0,HOLD_NEUTRAL
2023-09-27,1217.5,1205.0,22.01,11.03,109.55,285.25,88.12,662.39,4740.7,7.1388,81.64,48.16,12.34,401.9,7.05,5,3,0,1,2,9,3,-0.9977,-0.0677,1356.6,1243.1,11.01,22.05,1320.9,1335.4,11.07,21.9,1183.9,1308.0,11.19,21.3,1214.3,1290.8,10.76,22.08,1249.3,1354.9,10.99,23.13,1019.3,1155.3,10.67,21.57,1251.87,74.39,11.03,1235.56,71.32,11.0,1146.39,124.74,10.86,1112.57,132.25,10.8,-0.0077,-0.0355,0.0251,0.0601,0.0909,0.9897,1251.4,1505.9,1406.0,1881.9,11.25,24.32,1,CHARTER_NOW
2023-09-28,1238.0,1251.4,22.44,10.91,113.09,294.51,88.08,683.35,4695.9,7.1429,82.11,48.41,12.62,401.9,7.2,5,3,0,1,3,9,3,-0.9987,-0.0505,1205.0,1217.5,11.03,22.01,1356.6,1243.1,11.01,22.05,1320.9,1335.4,11.07,21.9,1308.4,1332.6,11.3,23.76,1223.6,1241.1,11.19,22.75,973.0,1148.6,10.96,21.39,1243.73,70.17,10.98,1237.55,71.35,10.98,1155.67,121.72,10.86,1112.78,132.47,10.81,-0.0436,0.0227,-0.0345,0.0626,0.0904,1.0108,1323.7,1411.2,1599.4,1939.8,10.67,22.43,1,CHARTER_NOW
2023-09-29,1299.9,1323.7,23.13,10.99,101.49,276.65,83.95,625.68,4674.7,7.1375,82.11,48.99,12.53,401.9,7.28,5,3,0,1,4,9,3,-0.9994,-0.0333,1251.4,1238.0,10.91,22.44,1205.0,1217.5,11.03,22.01,1356.6,1243.1,11.01,22.05,1174.2,1211.5,10.57,20.94,1237.5,1215.1,10.81,22.35,1108.1,1173.6,11.15,21.11,1265.09,68.21,11.04,1243.71,74.97,10.99,1162.86,125.13,10.85,1114.47,134.52,10.82,0.1273,0.0697,0.0397,0.0569,0.0767,1.0183,1355.5,1339.6,1407.6,2060.7,11.08,21.19,0,HOLD_NEUTRAL
2023-10-02,1375.7,1355.5,22.6,11.34,101.9,272.03,85.86,671.37,4744.1,7.1283,81.79,48.41,12.48,402.0,7.25,4,4,0,0,0,10,4,-0.9998,0.0183,1323.7,1299.9,10.99,23.13,1251.4,1238.0,10.91,22.44,1205.0,1217.5,11.03,22.01,1214.1,1227.8,11.05,21.77,1234.5,1147.2,11.41,22.07,959.1,1061.0,10.64,21.05,1285.29,71.45,11.08,1252.35,80.59,10.99,1176.07,123.79,10.88,1117.29,137.78,10.84,0.1165,0.098,0.0262,0.0592,0.0752,0.9853,1323.9,1324.0,1522.4,1995.3,10.59,21.66,0,HOLD_NEUTRAL
2023-10-03,1321.9,1323.9,23.11,11.57,108.23,298.55,87.66,686.69,4673.1,7.1106,82.44,49.19,12.66,402.1,7.28,5,4,0,0,1,10,4,-0.9994,0.0355,1355.5,1375.7,11.34,22.6,1323.7,1299.9,10.99,23.13,1251.4,1238.0,10.91,22.44,1183.9,1308.0,11.19,21.3,1160.9,1173.9,10.8,21.46,1021.8,1080.1,10.85,22.09,1305.29,56.34,11.13,1263.99,78.1,11.04,1186.14,123.1,10.9,1120.82,140.34,10.85,0.1183,0.1404,0.034,0.0594,0.0818,1.0015,1264.4,1467.4,1478.7,2005.8,12.14,22.87,1,CHARTER_NOW
2023-10-04,1285.4,1264.4,21.77,10.63,113.61,268.0,83.93,643.59,4706.5,7.1462,82.17,48.87,12.68,402.1,7.75,4,3,0,0,2,10,4,-0.9986,0.0527,1323.9,1321.9,11.57,23.11,1355.5,1375.7,11.34,22.6,1323.7,1299.9,10.99,23.13,1320.9,1335.4,11.07,21.9,1120.5,1191.4,10.63,21.72,962.2,1113.8,10.67,22.35,1297.21,57.76,11.07,1274.27,66.35,11.04,1196.22,116.32,10.9,1123.5,141.53,10.84,-0.0428,0.1284,-0.0397,0.0605,0.0899,0.9837,1383.8,1315.8,1592.4,2203.1,11.35,22.15,1,CHARTER_NOW
2023-10-05,1431.3,1383.8,23.29,10.75,105.37,278.56,84.12,653.53,4747.0,7.1768,82.08,49.0,12.43,402.1,7.05,4,5,0,0,3,10,4,-0.9976,0.0698,1264.4,1285.4,10.63,21.77,1323.9,1321.9,11.57,23.11,1355.5,1375.7,11.34,22.6,1356.6,1243.1,11.01,22.05,1343.5,1419.8,11.15,23.33,945.5,1033.1,9.82,21.56,1301.1,63.09,11.03,1277.15,70.34,11.01,1210.83,111.15,10.93,1126.18,144.93,10.84,0.0201,0.03,-0.0236,0.0608,0.0761,0.9668,1505.9,1458.3,1466.7,1942.9,11.25,23.0,1,CHARTER_NOW
2023-10-06,1409.0,1505.9,24.32,11.25,101.05,280.28,83.32,670.05,4671.5,7.1161,82.07,49.45,12.36,402.2,7.12,5,4,0,0,4,10,4,-0.9962,0.087,1383.8,1431.3,10.75,23.29,1264.4,1285.4,10.63,21.77,1323.9,1321.9,11.57,23.11,1205.0,1217.5,11.03,22.01,1214.3,1290.8,10.76,22.08,1233.9,1362.1,10.88,22.9,1344.09,85.3,11.06,1297.98,90.56,11.05,1219.89,123.5,10.94,1130.51,152.26,10.84,0.2497,0.2401,0.0199,0.0596,0.0671,1.0688,1411.2,1406.0,1524.4,2109.9,11.36,22.48,-1,WAIT
2023-10-09,1476.4,1411.2,22.43,10.67,112.79,289.54,82.42,634.4,4733.3,7.1011,82.18,48.96,12.29,402.3,7.58,3,3,0,0,0,10,4,-0.9904,0.1383,1505.9,1409.0,11.25,24.32,1383.8,1431.3,10.75,23.29,1264.4,1285.4,10.63,21.77,1251.4,1238.0,10.91,22.44,1308.4,1332.6,11.3,23.76,1016.9,1065.4,10.29,20.91,1366.91,77.37,11.03,1305.32,95.51,11.0,1233.04,122.13,10.96,1133.78,156.17,10.84,0.1277,0.0786,-0.022,0.0595,0.0799,0.9558,1339.6,1599.4,1678.9,2219.3,10.75,22.76,1,CHARTER_NOW
2023-10-10,1303.8,1339.6,21.19,11.08,112.03,282.67,82.95,631.38,4723.6,7.0979,81.69,49.64,12.55,402.3,7.12,4,3,0,0,1,10,4,-0.9879,0.1553,1411.2,1476.4,10.67,22.43,1505.9,1409.0,11.25,24.32,1383.8,1431.3,10.75,23.29,1323.7,1299.9,10.99,23.13,1174.2,1211.5,10.57,20.94,1042.0,1160.6,10.71,21.72,1369.19,76.12,11.04,1317.14,87.97,11.04,1242.96,118.1,10.97,1135.39,157.8,10.85,0.012,0.1409,0.0082,0.057,0.0836,1.0275,1324.0,1407.6,1711.5,2019.0,11.98,21.83,1,CHARTER_NOW
2023-10-11,1331.8,1324.0,21.66,10.59,108.05,276.75,81.79,653.98,4705.2,7.1062,81.99,49.3,12.26,402.3,7.32,4,3,0,0,2,10,4,-0.9851,0.1722,1339.6,1303.8,11.08,21.19,1411.2,1476.4,10.67,22.43,1505.9,1409.0,11.25,24.32,1355.5,1375.7,11.34,22.6,1214.1,1227.8,11.05,21.77,1116.2,1272.7,10.46,22.55,1364.69,77.97,10.93,1324.99,82.82,11.01,1249.88,116.49,10.97,1136.28,158.73,10.84,-0.0232,0.0905,-0.0661,0.0618,0.0816,0.9941,1467.4,1522.4,1635.1,2213.1,10.97,22.7,1,CHARTER_NOW
2023-10-12,1405.1,1467.4,22.87,12.14,108.68,273.87,83.93,674.27,4673.0,7.1385,82.05,48.52,12.57,402.4,7.45,4,3,0,0,3,10,4,-0.9819,0.1892,1324.0,1331.8,10.59,21.66,1339.6,1303.8,11.08,21.19,1411.2,1476.4,10.67,22.43,1323.9,1321.9,11.57,23.11,1183.9,1308.0,11.19,21.3,971.0,1131.4,10.12,20.45,1385.19,84.08,11.02,1345.24,80.29,11.07,1266.43,110.62,11.04,1140.72,164.2,10.87,0.1084,0.2395,0.0493,0.0555,0.0741,1.0443,1315.8,1478.7,1653.8,2102.0,11.27,23.86,0,HOLD_NEUTRAL
2023-10-13,1328.3,1315.8,22.15,11.35,109.02,278.95,82.35,640.03,4683.5,7.0685,81.86,49.54,12.79,402.4,7.34,4,3,0,0,4,10,4,-0.9785,0.206,1467.4,1405.1,12.14,22.87,1324.0,1331.8,10.59,21.66,1339.6,1303.8,11.08,21.19,1264.4,1285.4,10.63,21.77,1320.9,1335.4,11.07,21.9,1249.2,1288.3,11.65,21.85,1392.53,73.34,11.12,1344.87,80.42,11.09,1268.65,110.93,11.03,1144.84,165.46,10.89,0.0407,-0.0039,0.0677,0.0564,0.0829,0.9906,1458.3,1592.4,1812.1,2051.1,10.8,23.64,1,CHARTER_NOW
2023-10-16,1435.5,1458.3,23.0,11.25,112.78,274.46,84.03,663.51,4722.5,7.1465,82.09,48.98,12.48,402.5,7.27,4,4,0,0,0,10,4,-0.9666,0.2562,1315.8,1328.3,11.35,22.15,1467.4,1405.1,12.14,22.87,1324.0,1331.8,10.59,21.66,1383.8,1431.3,10.75,23.29,1356.6,1243.1,11.01,22.05,982.3,1060.3,10.97,22.27,1403.17,77.16,11.19,1352.14,85.97,11.11,1284.52,102.26,11.04,1152.94,168.73,10.89,0.0538,0.075,0.0465,0.059,0.0773,1.0159,1406.0,1466.7,1897.8,2148.7,11.15,22.42,0,HOLD_NEUTRAL
2023-10-17,1401.6,1406.0,22.48,11.36,110.71,282.88,80.67,644.65,4663.7,7.1528,82.29,48.63,12.45,402.5,7.41,4,4,0,0,1,10,4,-0.9621,0.2728,1458.3,1435.5,11.25,23.0,1315.8,1328.3,11.35,22.15,1467.4,1405.1,12.14,22.87,1505.9,1409.0,11.25,24.32,1205.0,1217.5,11.03,22.01,1101.1,1115.6,10.81,20.95,1388.9,62.92,11.21,1366.49,75.67,11.13,1294.68,98.48,11.06,1157.4,171.85,10.9,-0.0663,0.1668,0.0098,0.0567,0.0787,1.0031,1599.4,1524.4,1892.2,2197.6,11.09,23.65,1,CHARTER_NOW
2023-10-18,1466.0,1599.4,22.76,10.75,114.6,278.79,83.93,641.82,4719.2,7.0798,81.89,49.01,12.96,402.6,7.05,5,4,0,0,2,10,4,-0.9572,0.2893,1406.0,1401.6,11.36,22.48,1458.3,1435.5,11.25,23.0,1315.8,1328.3,11.35,22.15,1411.2,1476.4,10.67,22.43,1251.4,1238.0,10.91,22.44,1162.3,1262.4,10.86,20.71,1415.79,102.07,11.22,1391.35,90.63,11.12,1309.25,109.9,11.05,1165.32,181.0,10.89,0.1334,0.2781,0.0075,0.0597,0.0717,1.091,1407.6,1678.9,2028.9,2235.0,11.46,22.73,1,CHARTER_NOW
2023-10-19,1324.7,1407.6,21.83,11.98,104.18,272.31,84.7,650.12,4734.7,7.1046,81.99,49.48,12.86,402.6,7.12,5,3,0,0,3,10,4,-0.9521,0.3057,1599.4,1466.0,10.75,22.76,1406.0,1401.6,11.36,22.48,1458.3,1435.5,11.25,23.0,1339.6,1303.8,11.08,21.19,1323.7,1299.9,10.99,23.13,1249.3,1354.9,10.99,23.13,1425.5,96.7,11.35,1397.34,88.57,11.19,1314.53,110.72,11.09,1171.16,183.09,10.91,0.0508,0.0634,0.0812,0.0543,0.074,1.0626,1522.4,1711.5,1881.9,2328.7,11.21,22.61,1,CHARTER_NOW
2023-10-20,1579.5,1522.4,22.7,10.97,110.87,293.43,79.47,635.16,4751.4,7.1366,81.8,49.14,12.41,402.6,7.32,4,3,0,0,4,10,4,-0.9467,0.3221,1407.6,1324.7,11.98,21.83,1599.4,1466.0,10.75,22.76,1406.0,1401.6,11.36,22.48,1324.0,1331.8,10.59,21.66,1355.5,1375.7,11.34,22.6,1223.6,1241.1,11.19,22.75,1453.84,90.9,11.4,1409.26,93.59,11.17,1324.49,115.59,11.08,1179.54,187.49,10.91,0.1498,0.1231,0.0359,0.0579,0.0728,0.9638,1478.7,1635.1,1939.8,2275.4,11.0,22.37,1,CHARTER_NOW
2023-10-23,1402.2,1478.7,23.86,11.27,110.31,280.77,83.59,668.64,4671.4,7.1305,81.58,49.9,12.6,402.7,6.79,3,4,0,0,0,10,4,-0.9288,0.3705,1522.4,1579.5,10.97,22.7,1407.6,1324.7,11.98,21.83,1599.4,1466.0,10.75,22.76,1467.4,1405.1,12.14,22.87,1323.9,1321.9,11.57,23.11,1237.5,1215.1,10.81,22.35,1455.46,91.28,11.28,1420.32,91.86,11.15,1332.53,117.7,11.09,1185.06,191.37,10.91,0.0077,0.1169,-0.0717,0.0593,0.0746,1.0546,1592.4,1653.8,2060.7,2389.9,11.25,23.06,1,CHARTER_NOW
2023-10-24,1534.1,1592.4,23.64,10.8,113.39,275.48,84.99,664.65,4767.6,7.1506,82.23,49.51,12.63,402.8,7.49,3,3,0,0,1,10,4,-0.9223,0.3864,1478.7,1402.2,11.27,23.86,1522.4,1579.5,10.97,22.7,1407.6,1324.7,11.98,21.83,1315.8,1328.3,11.35,22.15,1264.4,1285.4,10.63,21.77,1234.5,1147.2,11.41,22.07,1494.97,79.91,11.2,1443.75,90.85,11.16,1344.46,125.31,11.07,1194.89,196.91,10.92,0.2102,0.2594,-0.0485,0.0615,0.0712,1.038,1466.7,1812.1,1995.3,2329.2,11.75,23.2,1,CHARTER_NOW
2023-10-25,1338.3,1466.7,22.42,11.15,112.79,284.22,80.45,616.53,4782.0,7.131,82.03,49.21,12.61,402.8,7.26,5,4,0,0,2,10,4,-0.9155,0.4022,1592.4,1534.1,10.8,23.64,1478.7,1402.2,11.27,23.86,1522.4,1579.5,10.97,22.7,1458.3,1435.5,11.25,23.0,1383.8,1431.3,10.75,23.29,1160.9,1173.9,10.8,21.46,1496.17,79.32,11.18,1449.67,89.34,11.19,1354.65,122.27,11.09,1201.83,199.04,10.92,0.0058,0.0599,-0.0089,0.0553,0.0769,1.0959,1524.4,1897.8,2005.8,2423.8,11.34,24.52,1,CHARTER_NOW
2023-10-26,1441.6,1524.4,23.65,11.09,117.36,286.47,85.5,685.23,4738.2,7.1734,82.06,48.38,12.94,402.8,7.23,3,4,0,0,3,10,4,-0.9085,0.4179,1466.7,1338.3,11.15,22.42,1592.4,1534.1,10.8,23.64,1478.7,1402.2,11.27,23.86,1406.0,1401.6,11.36,22.48,1505.9,1409.0,11.25,24.32,1120.5,1191.4,10.63,21.72,1513.09,68.82,11.14,1450.99,90.36,11.18,1368.11,117.75,11.1,1210.08,202.02,10.93,0.0842,0.0123,-0.0238,0.0618,0.077,1.0574,1678.9,1892.2,2203.1,2476.6,11.42,23.22,1,CHARTER_NOW
2023-10-27,1548.1,1678.9,22.73,11.46,109.16,273.34,83.1,638.68,4688.6,7.1261,81.81,48.86,12.59,402.9,6.87,4,3,0,0,4,10,4,-0.9012,0.4335,1524.4,1441.6,11.09,23.65,1466.7,1338.3,11.15,22.42,1592.4,1534.1,10.8,23.64,1599.4,1466.0,10.75,22.76,1411.2,1476.4,10.67,22.43,1343.5,1419.8,11.15,23.33,1524.44,89.03,11.25,1470.11,107.91,11.23,1379.29,130.56,11.11,1224.95,203.16,10.94,0.0497,0.1897,0.066,0.0557,0.065,1.0845,1711.5,2028.9,1942.9,2443.1,12.15,23.51,1,CHARTER_NOW
2023-10-30,1599.0,1711.5,22.61,11.21,115.55,289.4,80.92,626.27,4716.9,7.1069,82.03,49.01,12.63,403.0,6.93,5,3,0,0,0,10,4,-0.8776,0.4794,1678.9,1548.1,11.46,22.73,1524.4,1441.6,11.09,23.65,1466.7,1338.3,11.15,22.42,1407.6,1324.7,11.98,21.83,1339.6,1303.8,11.08,21.19,1214.3,1290.8,10.76,22.08,1567.86,96.35,11.14,1496.68,118.56,11.24,1395.87,140.1,11.13,1239.49,206.27,10.95,0.2159,0.2776,-0.0643,0.0559,0.0675,1.0704,1635.1,1881.9,2109.9,2465.2,12.53,24.68,1,CHARTER_NOW
2023-10-31,1390.4,1635.1,22.37,11.0,117.5,279.53,81.95,641.34,4727.9,7.1047,82.35,49.37,12.72,403.0,7.1,3,3,0,0,1,10,4,-0.8692,0.4944,1711.5,1599.0,11.21,22.61,1678.9,1548.1,11.46,22.73,1524.4,1441.6,11.09,23.65,1522.4,1579.5,10.97,22.7,1324.0,1331.8,10.59,21.66,1308.4,1332.6,11.3,23.76,1583.96,96.91,11.14,1518.9,112.72,11.27,1406.76,145.65,11.12,1252.05,207.04,10.95,0.074,0.235,0.0027,0.0583,0.0719,1.176,1653.8,1939.8,2219.3,2353.1,11.74,23.07,1,CHARTER_NOW
2023-11-01,1546.8,1653.8,23.06,11.25,121.95,300.68,82.9,662.38,4740.2,7.1589,82.09,49.35,12.82,403.0,7.34,5,3,0,0,2,11,4,-0.8606,0.5093,1635.1,1390.4,11.0,22.37,1711.5,1599.0,11.21,22.61,1678.9,1548.1,11.46,22.73,1478.7,1402.2,11.27,23.86,1467.4,1405.1,12.14,22.87,1174.2,1211.5,10.57,20.94,1608.97,87.33,11.14,1532.21,117.09,11.21,1422.74,145.57,11.14,1262.08,211.71,10.96,0.1184,0.127,-0.0018,0.0589,0.0737,1.0692,1812.1,2060.7,2019.0,2437.3,11.53,24.01,1,CHARTER_NOW
2023-11-02,1582.3,1812.1,23.2,11.75,114.77,292.24,81.88,647.05,4732.6,7.1379,82.1,49.11,12.77,403.1,6.76,4,4,0,0,3,11,4,-0.8517,0.524,1653.8,1546.8,11.25,23.06,1635.1,1390.4,11.0,22.37,1711.5,1599.0,11.21,22.61,1592.4,1534.1,10.8,23.64,1315.8,1328.3,11.35,22.15,1214.1,1227.8,11.05,21.77,1640.36,115.36,11.27,1567.66,121.57,11.24,1442.68,156.54,11.16,1278.74,215.04,11.0,0.138,0.3772,0.088,0.0551,0.0633,1.1452,1897.8,1995.3,2213.1,2495.0,11.67,24.08,1,CHARTER_NOW
2023-11-03,1710.8,1897.8,24.52,11.34,117.64,285.76,82.56,646.42,4742.9,7.1563,82.15,49.1,12.7,403.1,7.33,3,3,0,0,4,11,4,-0.8426,0.5386,1812.1,1582.3,11.75,23.2,1653.8,1546.8,11.25,23.06,1635.1,1390.4,11.0,22.37,1466.7,1338.3,11.15,22.42,1458.3,1435.5,11.25,23.0,1183.9,1308.0,11.19,21.3,1701.94,122.08,11.3,1599.06,145.54,11.24,1466.47,169.57,11.17,1292.08,228.03,11.0,0.2939,0.3014,0.017,0.057,0.062,1.1093,1892.2,2005.8,2102.0,2315.7,11.86,23.15,1,CHARTER_NOW
2023-11-06,1639.2,1892.2,23.22,11.42,111.13,283.63,79.79,628.1,4733.3,7.1563,81.81,49.44,12.28,403.2,7.09,4,3,0,0,0,11,4,-0.8137,0.5813,1897.8,1710.8,11.34,24.52,1812.1,1582.3,11.75,23.2,1653.8,1546.8,11.25,23.06,1524.4,1441.6,11.09,23.65,1406.0,1401.6,11.36,22.48,1320.9,1335.4,11.07,21.9,1754.49,111.64,11.35,1633.79,153.71,11.25,1485.52,184.11,11.18,1307.51,236.77,11.01,0.2413,0.3458,0.0298,0.055,0.0587,1.1543,2028.9,2203.1,2051.1,2501.5,12.11,25.47,1,CHARTER_NOW
2023-11-07,1735.7,2028.9,23.51,12.15,109.55,288.88,81.6,635.37,4746.9,7.0775,82.28,48.59,12.5,403.2,7.12,4,3,0,0,1,11,4,-0.8035,0.5952,1892.2,1639.2,11.42,23.22,1897.8,1710.8,11.34,24.52,1812.1,1582.3,11.75,23.2,1678.9,1548.1,11.46,22.73,1599.4,1466.0,10.75,22.76,1356.6,1243.1,11.01,22.05,1804.49,145.41,11.45,1664.46,185.83,11.35,1507.93,207.33,11.22,1324.06,251.7,11.03,0.2085,0.2685,0.0602,0.0523,0.054,1.1689,1881.9,1942.9,2148.7,2531.4,12.08,24.12,-1,WAIT
2023-11-08,1670.7,1881.9,24.68,12.53,120.2,294.7,78.59,621.13,4722.6,7.1041,81.82,50.01,12.76,403.3,7.21,4,4,0,0,2,11,4,-0.7932,0.609,2028.9,1735.7,12.15,23.51,1892.2,1639.2,11.42,23.22,1897.8,1710.8,11.34,24.52,1711.5,1599.0,11.21,22.61,1407.6,1324.7,11.98,21.83,1205.0,1217.5,11.03,22.01,1828.83,141.46,11.63,1698.34,178.48,11.38,1530.49,210.04,11.27,1338.44,258.54,11.06,0.0996,0.337,0.1178,0.0496,0.0639,1.1264,1939.8,2109.9,2197.6,2577.1,12.1,25.26,1,CHARTER_NOW
2023-11-09,1668.9,1939.8,23.07,11.74,117.77,290.35,80.78,598.97,4728.1,7.1079,81.91,47.97,12.65,403.3,7.21,4,3,0,0,3,11,4,-0.7826,0.6225,1881.9,1670.7,12.53,24.68,2028.9,1735.7,12.15,23.51,1892.2,1639.2,11.42,23.22,1635.1,1390.4,11.0,22.37,1522.4,1579.5,10.97,22.7,1251.4,1238.0,10.91,22.44,1872.36,116.61,11.74,1728.16,181.67,11.44,1553.44,216.02,11.29,1354.56,265.41,11.08,0.1863,0.2742,0.0673,0.051,0.0607,1.1623,2060.7,2219.3,2235.0,2439.4,12.54,24.21,1,CHARTER_NOW
2023-11-10,1775.1,2060.7,24.01,11.53,121.86,289.35,79.2,615.02,4720.9,7.1143,81.89,49.91,12.77,403.3,7.01,3,3,0,0,4,11,4,-0.7718,0.6359,1939.8,1668.9,11.74,23.07,1881.9,1670.7,12.53,24.68,2028.9,1735.7,12.15,23.51,1653.8,1546.8,11.25,23.06,1478.7,1402.2,11.27,23.86,1323.7,1299.9,10.99,23.13,1930.49,87.21,11.78,1769.73,186.71,11.46,1578.0,230.42,11.31,1370.43,278.58,11.08,0.246,0.3936,0.0249,0.0533,0.0591,1.1609,1995.3,2019.0,2328.7,2667.0,11.77,24.02,0,HOLD_NEUTRAL
2023-11-13,1697.3,1995.3,24.08,11.67,113.98,291.85,79.35,622.48,4811.6,7.1268,82.13,49.1,12.98,403.4,7.27,4,4,0,0,0,11,4,-0.7379,0.6749,2060.7,1775.1,11.53,24.01,1939.8,1668.9,11.74,23.07,1881.9,1670.7,12.53,24.68,1812.1,1582.3,11.75,23.2,1592.4,1534.1,10.8,23.64,1355.5,1375.7,11.34,22.6,1956.66,71.91,11.77,1798.51,188.32,11.52,1599.33,238.58,11.32,1387.7,284.7,11.1,0.1011,0.253,-0.0068,0.0533,0.0571,1.1756,2005.8,2213.1,2275.4,2828.9,12.57,24.48,1,CHARTER_NOW
2023-11-14,1672.1,2005.8,23.15,11.86,120.33,287.3,82.74,628.85,4796.9,7.1696,82.09,49.7,12.37,403.4,6.68,3,3,0,0,1,11,4,-0.7262,0.6875,1995.3,1697.3,11.67,24.08,2060.7,1775.1,11.53,24.01,1939.8,1668.9,11.74,23.07,1897.8,1710.8,11.34,24.52,1466.7,1338.3,11.15,22.42,1323.9,1321.9,11.57,23.11,1972.09,68.69,11.84,1837.01,169.42,11.57,1622.06,243.86,11.33,1404.1,291.53,11.12,0.0569,0.3676,0.0459,0.053,0.06,1.1996,2203.1,2102.0,2389.9,2701.1,12.04,24.56,1,CHARTER_NOW
2023-11-15,1940.9,2203.1,25.47,12.11,124.94,289.68,82.33,644.47,4766.3,7.1758,82.18,49.36,12.84,403.5,7.05,4,4,0,0,2,11,4,-0.7143,0.6998,2005.8,1672.1,11.86,23.15,1995.3,1697.3,11.67,24.08,2060.7,1775.1,11.53,24.01,1892.2,1639.2,11.42,23.22,1524.4,1441.6,11.09,23.65,1264.4,1285.4,10.63,21.77,2016.5,101.23,11.94,1885.49,170.19,11.64,1653.35,256.29,11.38,1424.78,303.42,11.14,0.1643,0.4452,0.0604,0.0532,0.0567,1.1351,1942.9,2051.1,2329.2,2678.2,11.51,22.97,-1,WAIT
2023-11-16,1658.6,1942.9,24.12,12.08,120.59,277.02,81.31,630.42,4794.4,7.1313,81.96,49.37,12.55,403.5,7.17,3,3,0,0,3,11,4,-0.7021,0.712,2203.1,1940.9,12.11,25.47,2005.8,1672.1,11.86,23.15,1995.3,1697.3,11.67,24.08,2028.9,1735.7,12.15,23.51,1678.9,1548.1,11.46,22.73,1383.8,1431.3,10.75,23.29,2004.21,104.64,11.93,1904.35,159.85,11.69,1671.99,256.34,11.43,1441.41,304.04,11.18,-0.0424,0.1572,-0.0058,0.0522,0.0621,1.1714,2109.9,2148.7,2423.8,2650.9,12.79,24.34,1,CHARTER_NOW
2023-11-17,1821.4,2109.9,25.26,12.1,120.42,300.37,78.09,632.06,4777.1,7.1328,82.45,49.5,12.8,403.5,7.06,4,3,0,0,4,11,4,-0.6898,0.724,1942.9,1658.6,12.08,24.12,2203.1,1940.9,12.11,25.47,2005.8,1672.1,11.86,23.15,1881.9,1670.7,12.53,24.68,1711.5,1599.0,11.21,22.61,1505.9,1409.0,11.25,24.32,2036.79,95.29,11.87,1932.81,158.33,11.75,1692.12,266.37,11.46,1456.01,314.75,11.2,0.1212,0.2328,-0.0343,0.0522,0.0571,1.1584,2219.3,2197.6,2476.6,2683.4,11.35,23.3,1,CHARTER_NOW
2023-11-20,1938.0,2219.3,24.21,12.54,119.85,295.71,79.33,638.31,4758.9,7.1198,82.43,49.66,12.61,403.6,6.76,4,3,0,0,0,11,4,-0.6515,0.7586,2109.9,1821.4,12.1,25.26,1942.9,1658.6,12.08,24.12,2203.1,1940.9,12.11,25.47,1939.8,1668.9,11.74,23.07,1635.1,1390.4,11.0,22.37,1411.2,1476.4,10.67,22.43,2076.71,105.85,11.98,1974.54,150.63,11.86,1719.06,277.6,11.52,1476.05,324.45,11.24,0.1441,0.3573,0.0681,0.0509,0.054,1.1451,2019.0,2235.0,2443.1,2676.5,11.78,24.58,0,HOLD_NEUTRAL
2023-11-21,1741.4,2019.0,24.02,11.77,115.08,288.07,81.93,631.51,4701.0,7.1439,82.18,49.05,13.05,403.7,7.27,4,4,0,0,1,11,4,-0.6384,0.7697,2219.3,1938.0,12.54,24.21,2109.9,1821.4,12.1,25.26,1942.9,1658.6,12.08,24.12,2060.7,1775.1,11.53,24.01,1653.8,1546.8,11.25,23.06,1339.6,1303.8,11.08,21.19,2070.76,108.05,12.02,2000.62,119.15,11.9,1741.7,273.26,11.54,1492.33,326.8,11.25,-0.0202,0.2208,0.0208,0.0537,0.057,1.1594,2213.1,2328.7,2465.2,2664.9,12.06,23.43,1,CHARTER_NOW
2023-11-22,1855.1,2213.1,24.48,12.57,124.72,308.5,79.84,621.12,4745.7,7.1475,82.11,49.82,12.65,403.7,6.87,4,3,0,0,2,11,4,-0.625,0.7806,2019.0,1741.4,11.77,24.02,2219.3,1938.0,12.54,24.21,2109.9,1821.4,12.1,25.26,1995.3,1697.3,11.67,24.08,1812.1,1582.3,11.75,23.2,1324.0,1331.8,10.59,21.66,2101.87,113.9,12.15,2029.26,118.54,11.96,1771.34,274.61,11.61,1510.61,335.96,11.29,0.1092,0.2213,0.0771,0.0494,0.0564,1.193,2102.0,2275.4,2353.1,2804.9,13.13,23.54,0,HOLD_NEUTRAL
2023-11-23,1836.6,2102.0,24.56,12.04,118.71,295.3,83.61,647.64,4744.3,7.1658,82.09,48.67,12.5,403.7,7.1,5,4,0,0,3,11,4,-0.6115,0.7912,2213.1,1855.1,12.57,24.48,2019.0,1741.4,11.77,24.02,2219.3,1938.0,12.54,24.21,2005.8,1672.1,11.86,23.15,1897.8,1710.8,11.34,24.52,1467.4,1405.1,12.14,22.87,2115.61,105.9,12.17,2043.85,113.58,12.01,1792.49,274.83,11.6,1529.46,336.89,11.32,0.048,0.1076,0.0152,0.0538,0.0565,1.1445,2051.1,2389.9,2437.3,2856.6,12.96,25.47,1,CHARTER_NOW
2023-11-24,1848.6,2051.1,22.97,11.51,122.56,287.25,79.99,618.48,4717.5,7.1658,82.17,49.28,12.71,403.8,7.14,3,4,0,0,4,11,4,-0.5978,0.8016,2102.0,1836.6,12.04,24.56,2213.1,1855.1,12.57,24.48,2019.0,1741.4,11.77,24.02,2203.1,1940.9,12.11,25.47,1892.2,1639.2,11.42,23.22,1315.8,1328.3,11.35,22.15,2093.9,100.41,12.09,2055.2,104.87,12.01,1817.0,263.4,11.61,1542.83,341.46,11.32,-0.069,0.084,-0.0495,0.0537,0.0598,1.1095,2148.7,2329.2,2495.0,2542.7,12.75,24.38,1,CHARTER_NOW
2023-11-27,1796.7,2148.7,24.34,12.79,116.21,301.82,79.47,622.73,4708.6,7.0734,81.92,49.77,12.7,403.9,7.11,4,3,0,0,0,11,4,-0.5557,0.8314,2051.1,1848.6,11.51,22.97,2102.0,1836.6,12.04,24.56,2213.1,1855.1,12.57,24.48,1942.9,1658.6,12.08,24.12,2028.9,1735.7,12.15,23.51,1458.3,1435.5,11.25,23.0,2123.3,75.99,12.19,2063.76,107.41,12.06,1840.02,261.13,11.66,1562.27,342.21,11.35,0.1059,0.059,0.0588,0.0487,0.0541,1.1959,2197.6,2423.8,2315.7,2684.0,12.1,24.11,1,CHARTER_NOW
2023-11-28,1879.0,2197.6,23.3,11.35,117.71,298.75,78.41,604.1,4779.0,7.1381,82.03,49.87,12.86,403.9,7.33,2,3,0,0,1,11,4,-0.5413,0.8408,2148.7,1796.7,12.79,24.34,2051.1,1848.6,11.51,22.97,2102.0,1836.6,12.04,24.56,2109.9,1821.4,12.1,25.26,1881.9,1670.7,12.53,24.68,1406.0,1401.6,11.36,22.48,2135.83,80.51,12.08,2086.31,99.11,11.98,1866.4,255.7,11.66,1580.54,346.42,11.36,0.0416,0.1678,-0.062,0.0532,0.0536,1.1696,2235.0,2476.6,2501.5,2518.3,13.16,25.78,1,CHARTER_NOW
2023-11-29,1823.8,2235.0,24.58,11.78,126.35,299.09,79.06,604.01,4774.3,7.1845,82.49,49.6,12.73,403.9,7.09,4,3,0,0,2,11,4,-0.5268,0.85,2197.6,1879.0,11.35,23.3,2148.7,1796.7,12.79,24.34,2051.1,1848.6,11.51,22.97,2219.3,1938.0,12.54,24.21,1939.8,1668.9,11.74,23.07,1599.4,1466.0,10.75,22.76,2138.07,83.39,11.97,2107.39,96.92,11.98,1887.59,259.12,11.69,1598.42,352.1,11.37,0.0071,0.1522,-0.0606,0.0513,0.0565,1.2255,2328.7,2443.1,2531.4,2695.3,12.6,25.42,1,CHARTER_NOW
2023-11-30,1950.7,2328.7,23.43,12.06,120.91,293.29,78.39,620.51,4723.2,7.13,82.36,49.15,13.14,404.0,7.18,4,4,0,0,3,11,4,-0.5121,0.859,2235.0,1823.8,11.78,24.58,2197.6,1879.0,11.35,23.3,2148.7,1796.7,12.79,24.34,2019.0,1741.4,11.77,24.02,2060.7,1775.1,11.53,24.01,1407.6,1324.7,11.98,21.83,2182.31,91.45,12.01,2126.54,112.25,12.02,1918.29,254.82,11.7,1616.41,361.41,11.39,0.1534,0.1301,0.0246,0.0515,0.0519,1.1938,2275.4,2465.2,2577.1,2699.4,12.66,25.52,1,CHARTER_NOW
2023-12-01,1938.0,2275.4,23.54,13.13,126.94,300.21,79.78,630.09,4739.1,7.1776,82.7,49.88,12.62,404.0,7.08,4,4,0,0,4,12,4,-0.4972,0.8676,2328.7,1950.7,12.06,23.43,2235.0,1823.8,11.78,24.58,2197.6,1879.0,11.35,23.3,2213.1,1855.1,12.57,24.48,1995.3,1697.3,11.67,24.08,1522.4,1579.5,10.97,22.7,2191.21,97.76,12.09,2146.54,112.02,12.12,1943.39,251.54,11.77,1633.94,367.49,11.42,0.0282,0.1404,0.0446,0.048,0.0558,1.1741,2389.9,2353.1,2439.4,2648.2,12.17,24.41,0,HOLD_NEUTRAL
2023-12-04,1966.8,2389.9,25.47,12.96,122.3,295.21,80.08,614.89,4809.3,7.1348,82.24,49.04,12.63,404.1,7.2,4,3,0,0,0,12,4,-0.4518,0.8921,2275.4,1938.0,13.13,23.54,2328.7,1950.7,12.06,23.43,2235.0,1823.8,11.78,24.58,2102.0,1836.6,12.04,24.56,2005.8,1672.1,11.86,23.15,1478.7,1402.2,11.27,23.86,2232.34,113.3,12.23,2173.98,121.53,12.2,1973.77,248.49,11.82,1653.15,376.43,11.46,0.137,0.1915,0.0764,0.0474,0.0512,1.2151,2329.2,2437.3,2667.0,2737.4,12.32,26.72,0,HOLD_NEUTRAL
2023-12-05,1947.8,2329.2,24.38,12.75,116.91,301.68,76.79,612.93,4739.1,7.1495,82.23,50.39,12.53,404.1,7.36,5,4,0,0,1,12,4,-0.4364,0.8998,2389.9,1966.8,12.96,25.47,2275.4,1938.0,13.13,23.54,2328.7,1950.7,12.06,23.43,2051.1,1848.6,11.51,22.97,2203.1,1940.9,12.11,25.47,1592.4,1534.1,10.8,23.64,2272.07,84.17,12.4,2182.99,128.34,12.24,1998.33,245.9,11.89,1671.39,382.28,11.48,0.1356,0.0572,0.1077,0.0481,0.0502,1.1958,2423.8,2495.0,2828.9,2810.4,12.5,25.07,1,CHARTER_NOW
2023-12-06,1960.8,2423.8,24.11,12.1,125.91,283.55,75.66,586.92,4776.9,7.1104,82.23,49.4,12.67,404.2,7.1,4,4,0,0,2,12,4,-0.4208,0.9071,2329.2,1947.8,12.75,24.38,2389.9,1966.8,12.96,25.47,2275.4,1938.0,13.13,23.54,2148.7,1796.7,12.79,24.34,1942.9,1658.6,12.08,24.12,1466.7,1338.3,11.15,22.42,2311.37,81.13,12.3,2217.34,123.4,12.25,2030.23,236.45,11.92,1692.44,388.41,11.5,0.128,0.2475,-0.0539,0.0485,0.0519,1.2361,2476.6,2315.7,2701.1,2741.1,12.07,25.7,-1,WAIT
2023-12-07,2068.9,2476.6,25.78,13.16,121.42,294.91,74.6,590.34,4765.5,7.1117,82.25,48.62,12.7,404.2,7.23,4,4,0,0,3,12,4,-0.4052,0.9142,2423.8,1960.8,12.1,24.11,2329.2,1947.8,12.75,24.38,2389.9,1966.8,12.96,25.47,2197.6,1879.0,11.35,23.3,2109.9,1821.4,12.1,25.26,1524.4,1441.6,11.09,23.65,2351.23,84.39,12.56,2243.53,137.0,12.32,2061.97,230.03,11.99,1715.04,393.98,11.55,0.127,0.1738,0.1595,0.0449,0.049,1.1971,2443.1,2501.5,2678.2,2721.0,12.65,25.14,0,HOLD_NEUTRAL
2023-12-08,2096.4,2443.1,25.42,12.6,125.8,311.39,78.67,624.83,4791.0,7.1667,82.18,48.83,12.71,404.2,7.36,4,3,0,0,4,12,4,-0.3894,0.9211,2476.6,2068.9,13.16,25.78,2423.8,1960.8,12.1,24.11,2329.2,1947.8,12.75,24.38,2235.0,1823.8,11.78,24.58,2219.3,1938.0,12.54,24.21,1678.9,1548.1,11.46,22.73,2380.96,72.43,12.68,2259.51,146.68,12.33,2087.44,228.46,12.03,1733.37,401.9,11.57,0.0931,0.1008,0.0696,0.0496,0.0515,1.1654,2465.2,2531.4,2650.9,2766.1,12.59,24.16,0,HOLD_NEUTRAL
2023-12-11,2002.9,2465.2,25.52,12.66,123.88,293.04,75.63,593.86,4746.8,7.172,82.43,49.53,12.67,404.3,7.33,4,3,0,0,0,12,4,-0.3413,0.9399,2443.1,2096.4,12.6,25.42,2476.6,2068.9,13.16,25.78,2423.8,1960.8,12.1,24.11,2328.7,1950.7,12.06,23.43,2019.0,1741.4,11.77,24.02,1711.5,1599.0,11.21,22.61,2400.46,74.37,12.77,2291.39,138.65,12.39,2112.57,227.13,12.08,1754.22,406.93,11.6,0.0586,0.221,0.0498,0.0469,0.0503,1.2308,2353.1,2577.1,2683.4,2786.1,12.4,25.49,1,CHARTER_NOW
2023-12-12,1954.9,2353.1,24.41,12.17,119.11,294.56,73.59,585.89,4781.0,7.1466,82.38,49.6,12.54,404.4,6.98,4,4,0,0,1,12,4,-0.3251,0.9457,2465.2,2002.9,12.66,25.52,2443.1,2096.4,12.6,25.42,2476.6,2068.9,13.16,25.78,2275.4,1938.0,13.13,23.54,2213.1,1855.1,12.57,24.48,1635.1,1390.4,11.0,22.37,2411.56,56.16,12.63,2301.39,137.62,12.36,2136.5,212.43,12.12,1771.63,409.87,11.62,0.0341,0.0633,-0.0731,0.0481,0.0506,1.2037,2437.3,2439.4,2676.5,2714.0,12.88,25.2,0,HOLD_NEUTRAL
2023-12-13,2065.0,2437.3,26.72,12.32,124.81,296.03,78.02,604.36,4784.9,7.1092,82.25,50.63,12.49,404.4,7.26,5,3,0,0,2,12,4,-0.3088,0.9511,2353.1,1954.9,12.17,24.41,2465.2,2002.9,12.66,25.52,2443.1,2096.4,12.6,25.42,2389.9,1966.8,12.96,25.47,2102.0,1836.6,12.04,24.56,1653.8,1546.8,11.25,23.06,2418.33,55.97,12.54,2325.34,129.16,12.38,2162.62,198.77,12.15,1792.68,411.1,11.64,0.0198,0.1595,-0.0494,0.0491,0.0512,1.1803,2495.0,2667.0,2664.9,2774.8,11.57,24.89,1,CHARTER_NOW
2023-12-14,2137.4,2495.0,25.07,12.5,131.54,290.56,81.67,632.98,4788.2,7.1475,82.69,49.0,12.59,404.4,7.1,4,3,0,0,3,12,4,-0.2924,0.9563,2437.3,2065.0,12.32,26.72,2353.1,1954.9,12.17,24.41,2465.2,2002.9,12.66,25.52,2329.2,1947.8,12.75,24.38,2051.1,1848.6,11.51,22.97,1812.1,1582.3,11.75,23.2,2442.01,46.19,12.5,2357.04,109.68,12.45,2185.38,196.33,12.18,1814.03,413.8,11.67,0.0712,0.2164,-0.0196,0.0506,0.0527,1.1673,2315.7,2828.9,2804.9,2784.9,13.06,25.54,1,CHARTER_NOW
2023-12-15,1887.4,2315.7,25.7,12.07,126.32,283.4,77.03,601.32,4784.1,7.1842,82.86,49.61,12.9,404.5,7.27,3,3,0,0,4,12,4,-0.2759,0.9612,2495.0,2137.4,12.5,25.07,2437.3,2065.0,12.32,26.72,2353.1,1954.9,12.17,24.41,2423.8,1960.8,12.1,24.11,2148.7,1796.7,12.79,24.34,1897.8,1710.8,11.34,24.52,2426.57,66.78,12.5,2368.97,93.11,12.4,2199.31,189.94,12.2,1832.89,410.37,11.68,-0.0446,0.0777,-0.0025,0.0498,0.0545,1.2269,2501.5,2701.1,2856.6,2709.2,12.94,25.72,1,CHARTER_NOW
2023-12-18,2072.5,2501.5,25.14,12.65,124.79,298.5,78.41,604.21,4796.8,7.1994,82.7,49.03,12.95,404.6,7.15,3,4,0,0,0,12,4,-0.226,0.9741,2315.7,1887.4,12.07,25.7,2495.0,2137.4,12.5,25.07,2437.3,2065.0,12.32,26.72,2476.6,2068.9,13.16,25.78,2197.6,1879.0,11.35,23.3,1892.2,1639.2,11.42,23.22,2430.13,70.45,12.42,2390.68,85.17,12.49,2219.62,188.54,12.24,1852.57,413.7,11.71,0.0101,0.1383,-0.0388,0.0478,0.0499,1.207,2531.4,2678.2,2542.7,2820.0,13.0,25.78,1,CHARTER_NOW
2023-12-19,2114.2,2531.4,24.16,12.59,128.64,301.52,76.91,600.85,4862.6,7.1378,82.56,49.36,12.66,404.6,7.09,4,4,0,0,1,12,4,-0.2092,0.9779,2501.5,2072.5,12.65,25.14,2315.7,1887.4,12.07,25.7,2495.0,2137.4,12.5,25.07,2443.1,2096.4,12.6,25.42,2235.0,1823.8,11.78,24.58,2028.9,1735.7,12.15,23.51,2442.74,80.37,12.42,2411.85,80.19,12.55,2236.37,193.28,12.26,1872.15,417.61,11.74,0.0361,0.1326,-0.0008,0.0477,0.0508,1.1973,2577.1,2650.9,2684.0,2899.6,12.69,24.14,1,CHARTER_NOW
2023-12-20,2124.2,2577.1,25.49,12.4,126.09,300.37,76.44,581.24,4876.7,7.0977,82.61,50.58,12.49,404.6,7.12,5,4,0,0,2,12,4,-0.1923,0.9813,2531.4,2114.2,12.59,24.16,2501.5,2072.5,12.65,25.14,2315.7,1887.4,12.07,25.7,2465.2,2002.9,12.66,25.52,2328.7,1950.7,12.06,23.43,1881.9,1670.7,12.53,24.68,2458.73,95.32,12.39,2429.59,87.52,12.58,2259.54,190.97,12.25,1895.02,418.02,11.76,0.0454,0.1067,-0.0205,0.0469,0.0489,1.2132,2439.4,2683.4,2518.3,2874.2,12.77,26.42,1,CHARTER_NOW
2023-12-21,1917.4,2439.4,25.2,12.88,126.3,299.93,78.14,605.47,4765.8,7.173,82.89,49.05,12.66,404.7,7.08,3,4,0,0,3,12,4,-0.1754,0.9845,2577.1,2124.2,12.4,25.49,2531.4,2114.2,12.59,24.16,2501.5,2072.5,12.65,25.14,2353.1,1954.9,12.17,24.41,2275.4,1938.0,13.13,23.54,1939.8,1668.9,11.74,23.07,2471.06,84.32,12.49,2441.31,75.44,12.56,2276.2,183.78,12.29,1914.82,415.15,11.79,0.0367,0.0721,0.0583,0.047,0.0518,1.2722,2667.0,2676.5,2695.3,2833.9,12.88,25.12,1,CHARTER_NOW
2023-12-22,2212.0,2667.0,24.89,11.57,122.34,301.58,75.83,592.23,4708.2,7.1397,82.63,50.02,13.1,404.7,7.09,5,4,0,0,4,12,4,-0.1585,0.9874,2439.4,1917.4,12.88,25.2,2577.1,2124.2,12.4,25.49,2531.4,2114.2,12.59,24.16,2437.3,2065.0,12.32,26.72,2389.9,1966.8,12.96,25.47,2060.7,1775.1,11.53,24.01,2503.87,109.83,12.38,2461.1,94.78,12.46,2296.41,192.4,12.29,1937.21,418.93,11.8,0.0942,0.1159,-0.0609,0.0512,0.0459,1.2057,2828.9,2664.9,2699.4,2752.7,13.08,24.62,0,HOLD_NEUTRAL
2023-12-25,2366.5,2828.9,25.54,13.06,126.79,309.17,76.7,598.51,4813.7,7.1769,82.31,49.93,12.89,404.8,6.99,5,4,0,0,0,12,4,-0.1073,0.9942,2667.0,2212.0,11.57,24.89,2439.4,1917.4,12.88,25.2,2577.1,2124.2,12.4,25.49,2495.0,2137.4,12.5,25.07,2329.2,1947.8,12.75,24.38,1995.3,1697.3,11.67,24.08,2551.57,164.33,12.46,2496.79,129.15,12.48,2324.19,207.05,12.34,1961.76,427.35,11.83,0.1338,0.2145,0.0448,0.0458,0.0448,1.1954,2701.1,2804.9,2648.2,2803.7,12.57,26.37,0,HOLD_NEUTRAL
2023-12-26,2214.6,2701.1,25.72,12.94,129.56,300.3,76.67,598.46,4800.5,7.1573,82.56,49.73,12.8,404.8,6.97,6,3,0,0,1,12,4,-0.0902,0.9959,2828.9,2366.5,13.06,25.54,2667.0,2212.0,11.57,24.89,2439.4,1917.4,12.88,25.2,2315.7,1887.4,12.07,25.7,2423.8,1960.8,12.1,24.11,2005.8,1672.1,11.86,23.15,2606.63,133.87,12.58,2516.6,138.05,12.54,2347.37,209.08,12.37,1984.72,429.49,11.85,0.1664,0.1144,0.0721,0.0462,0.048,1.2197,2678.2,2856.6,2737.4,2692.5,12.94,26.08,1,CHARTER_NOW
2023-12-27,2142.5,2678.2,25.78,13.0,123.76,297.65,74.76,587.64,4832.2,7.1226,82.63,50.05,12.88,404.9,7.37,5,4,0,0,2,12,4,-0.073,0.9973,2701.1,2214.6,12.94,25.72,2828.9,2366.5,13.06,25.54,2667.0,2212.0,11.57,24.89,2501.5,2072.5,12.65,25.14,2476.6,2068.9,13.16,25.78,2203.1,1940.9,12.11,25.47,2631.87,127.24,12.63,2531.0,143.95,12.53,2363.21,215.67,12.4,2008.28,428.09,11.89,0.0706,0.0814,0.0277,0.0452,0.0462,1.25,2650.9,2542.7,2810.4,2680.3,12.98,25.91,-1,WAIT
2023-12-28,2150.9,2650.9,24.14,12.69,131.19,300.06,77.62,613.59,4806.2,7.151,82.23,49.14,13.0,404.9,7.11,5,3,0,0,3,12,4,-0.0559,0.9984,2678.2,2142.5,13.0,25.78,2701.1,2214.6,12.94,25.72,2828.9,2366.5,13.06,25.54,2531.4,2114.2,12.59,24.16,2443.1,2096.4,12.6,25.42,1942.9,1658.6,12.08,24.12,2648.94,119.28,12.65,2545.84,144.89,12.54,2386.81,206.64,12.42,2029.4,428.01,11.93,0.0472,0.0851,0.0079,0.0484,0.0495,1.2325,2683.4,2684.0,2741.1,2677.7,11.9,25.93,0,HOLD_NEUTRAL
2023-12-29,2285.9,2683.4,26.42,12.77,126.52,306.72,75.4,603.21,4799.5,7.1888,82.41,50.72,12.47,404.9,6.89,3,4,0,0,4,12,4,-0.0387,0.9993,2650.9,2150.9,12.69,24.14,2678.2,2142.5,13.0,25.78,2701.1,2214.6,12.94,25.72,2577.1,2124.2,12.4,25.49,2465.2,2002.9,12.66,25.52,2109.9,1821.4,12.1,25.26,2664.13,115.31,12.7,2561.43,147.27,12.54,2405.92,206.67,12.45,2049.02,430.59,11.95,0.0412,0.0885,0.0298,0.0472,0.0471,1.1739,2676.5,2518.3,2721.0,2707.9,12.07,24.97,-1,WAIT
2024-01-01,2238.5,2676.5,25.12,12.88,124.16,313.17,74.23,576.98,4840.7,7.1457,82.78,50.89,12.62,405.0,6.94,6,4,0,0,0,1,1,0.0172,0.9999,2683.4,2285.9,12.77,26.42,2650.9,2150.9,12.69,24.14,2678.2,2142.5,13.0,25.78,2439.4,1917.4,12.88,25.2,2353.1,1954.9,12.17,24.41,2219.3,1938.0,12.54,24.21,2698.0,59.71,12.7,2584.53,137.09,12.59,2421.16,209.27,12.46,2070.11,429.8,11.99,0.0972,0.1374,0.0,0.0448,0.0464,1.1957,2664.9,2695.3,2766.1,2675.0,13.11,25.46,0,HOLD_NEUTRAL
2024-01-02,2217.5,2664.9,24.62,13.08,130.37,298.06,76.44,585.34,4846.7,7.1194,82.06,49.88,12.6,405.1,7.21,4,3,0,0,1,1,1,0.0344,0.9994,2676.5,2238.5,12.88,25.12,2683.4,2285.9,12.77,26.42,2650.9,2150.9,12.69,24.14,2667.0,2212.0,11.57,24.89,2437.3,2065.0,12.32,26.72,2019.0,1741.4,11.77,24.02,2697.7,59.9,12.92,2600.79,131.68,12.65,2442.69,199.46,12.5,2092.2,425.66,12.02,-0.0008,0.0934,0.1305,0.0448,0.0489,1.2018,2804.9,2699.4,2786.1,2631.9,13.08,26.07,0,HOLD_NEUTRAL
2024-01-03,2292.9,2804.9,26.37,12.57,126.43,303.7,73.74,568.91,4754.9,7.103,82.21,51.2,12.82,405.1,6.84,4,4,0,0,2,1,1,0.0516,0.9987,2664.9,2217.5,13.08,24.62,2676.5,2238.5,12.88,25.12,2683.4,2285.9,12.77,26.42,2828.9,2366.5,13.06,25.54,2495.0,2137.4,12.5,25.07,2213.1,1855.1,12.57,24.48,2694.27,51.19,12.85,2622.92,138.4,12.65,2462.42,205.16,12.5,2116.88,423.29,12.05,-0.0085,0.1242,-0.0375,0.0453,0.0451,1.2233,2856.6,2648.2,2714.0,2608.6,12.87,25.44,-1,WAIT
2024-01-04,2275.2,2856.6,26.08,12.94,129.95,305.67,75.29,586.13,4776.0,7.1277,82.48,49.67,12.74,405.1,6.69,4,4,0,0,3,1,1,0.0688,0.9976,2804.9,2292.9,12.57,26.37,2664.9,2217.5,13.08,24.62,2676.5,2238.5,12.88,25.12,2701.1,2214.6,12.94,25.72,2315.7,1887.4,12.07,25.7,2102.0,1836.6,12.04,24.56,2716.49,80.18,12.85,2661.56,120.36,12.72,2487.57,205.7,12.53,2140.03,425.15,12.07,0.0576,0.2336,0.0,0.0453,0.0455,1.2555,2542.7,2737.4,2774.8,2743.0,12.52,25.18,-1,WAIT
2024-01-05,2097.3,2542.7,25.91,12.98,126.75,295.86,75.11,586.53,4802.1,7.1388,82.62,50.14,12.86,405.2,6.7,5,4,0,0,4,1,1,0.0859,0.9963,2856.6,2275.2,12.94,26.08,2804.9,2292.9,12.57,26.37,2664.9,2217.5,13.08,24.62,2678.2,2142.5,13.0,25.78,2501.5,2072.5,12.65,25.14,2051.1,1848.6,11.51,22.97,2697.13,103.83,12.84,2664.5,116.59,12.74,2503.96,188.6,12.58,2160.48,414.2,12.09,-0.0506,0.0165,-0.0015,0.0452,0.0498,1.2124,2684.0,2810.4,2784.9,2520.9,12.44,26.3,1,CHARTER_NOW
2024-01-08,2193.8,2684.0,25.93,11.9,127.65,303.62,76.97,594.16,4812.6,7.1764,82.22,50.73,12.61,405.3,6.63,6,3,0,0,0,1,1,0.1372,0.9905,2542.7,2097.3,12.98,25.91,2856.6,2275.2,12.94,26.08,2804.9,2292.9,12.57,26.37,2650.9,2150.9,12.69,24.14,2531.4,2114.2,12.59,24.16,2148.7,1796.7,12.79,24.34,2701.86,102.11,12.73,2675.4,110.15,12.69,2521.8,178.91,12.55,2180.91,409.18,12.1,0.0125,0.0603,-0.0623,0.0499,0.0476,1.2234,2518.3,2741.1,2709.2,2493.8,12.31,25.35,0,HOLD_NEUTRAL
2024-01-09,2119.2,2518.3,24.97,12.07,129.57,292.63,75.76,579.63,4802.4,7.1183,82.53,49.71,12.99,405.3,6.71,4,3,0,0,1,1,1,0.1542,0.988,2684.0,2193.8,11.9,25.93,2542.7,2097.3,12.98,25.91,2856.6,2275.2,12.94,26.08,2683.4,2285.9,12.77,26.42,2577.1,2124.2,12.4,25.49,2197.6,1879.0,11.35,23.3,2678.27,123.84,12.63,2671.2,115.19,12.67,2532.49,168.12,12.57,2199.45,398.53,12.12,-0.0615,-0.0228,-0.0548,0.048,0.0515,1.1883,2695.3,2721.0,2820.0,2408.0,13.1,25.54,1,CHARTER_NOW
2024-01-10,2280.5,2695.3,25.46,13.11,129.07,290.5,74.76,582.88,4826.7,7.1988,82.86,49.22,12.71,405.3,6.73,5,4,0,0,2,1,1,0.1712,0.9852,2518.3,2119.2,12.07,24.97,2684.0,2193.8,11.9,25.93,2542.7,2097.3,12.98,25.91,2676.5,2238.5,12.88,25.12,2439.4,1917.4,12.88,25.2,2235.0,1823.8,11.78,24.58,2680.96,124.0,12.66,2689.48,93.92,12.68,2547.84,160.89,12.62,2217.71,395.67,12.16,0.007,0.1049,0.0179,0.0445,0.0479,1.1819,2699.4,2766.1,2899.6,2430.2,12.4,26.35,0,HOLD_NEUTRAL
2024-01-11,2263.6,2699.4,26.07,13.08,121.89,306.65,76.17,600.14,4847.5,7.1123,82.59,49.12,12.86,405.4,7.24,4,4,0,0,3,1,1,0.1881,0.9821,2695.3,2280.5,13.11,25.46,2518.3,2119.2,12.07,24.97,2684.0,2193.8,11.9,25.93,2664.9,2217.5,13.08,24.62,2667.0,2212.0,11.57,24.89,2328.7,1950.7,12.06,23.43,2685.89,123.94,12.66,2691.79,93.72,12.79,2560.19,157.68,12.65,2239.24,385.87,12.17,0.0129,0.0121,0.0,0.0459,0.0452,1.1925,2648.2,2786.1,2874.2,2482.8,12.76,25.77,0,HOLD_NEUTRAL
2024-01-12,2103.9,2648.2,25.44,12.87,124.83,301.15,77.1,611.43,4874.1,7.2226,82.82,51.16,12.96,405.4,6.95,4,3,0,0,4,1,1,0.205,0.9788,2699.4,2263.6,13.08,26.07,2695.3,2280.5,13.11,25.46,2518.3,2119.2,12.07,24.97,2804.9,2292.9,12.57,26.37,2828.9,2366.5,13.06,25.54,2275.4,1938.0,13.13,23.54,2663.5,112.49,12.71,2678.89,85.46,12.78,2572.62,148.91,12.64,2258.01,377.7,12.21,-0.0559,-0.0639,0.0239,0.0475,0.0471,1.2587,2737.4,2714.0,2833.9,2530.5,12.22,25.38,0,HOLD_NEUTRAL
2024-01-15,2243.1,2737.4,25.18,12.52,131.52,305.67,75.51,586.75,4837.5,7.2051,82.45,49.76,12.95,405.5,6.88,5,5,0,0,0,1,1,0.2552,0.9669,2648.2,2103.9,12.87,25.44,2699.4,2263.6,13.08,26.07,2695.3,2280.5,13.11,25.46,2856.6,2275.2,12.94,26.08,2701.1,2214.6,12.94,25.72,2389.9,1966.8,12.96,25.47,2646.47,83.73,12.65,2681.48,86.73,12.75,2584.2,147.71,12.63,2278.98,368.53,12.23,-0.0417,0.0134,-0.0325,0.0469,0.048,1.2204,2810.4,2774.8,2752.7,2458.4,12.98,25.37,0,HOLD_NEUTRAL
2024-01-16,2315.5,2810.4,26.3,12.44,128.25,304.13,74.43,581.14,4788.6,7.1577,82.41,49.97,12.8,405.5,6.66,4,4,0,0,1,1,1,0.2718,0.9624,2737.4,2243.1,12.52,25.18,2648.2,2103.9,12.87,25.44,2699.4,2263.6,13.08,26.07,2542.7,2097.3,12.98,25.91,2678.2,2142.5,13.0,25.78,2329.2,1947.8,12.75,24.38,2684.71,89.38,12.57,2690.92,93.29,12.71,2600.24,145.17,12.62,2299.28,363.58,12.25,0.1053,0.0494,-0.0416,0.0467,0.0456,1.2137,2741.1,2784.9,2803.7,2461.6,12.59,26.22,0,HOLD_NEUTRAL
2024-01-17,2265.2,2741.1,25.35,12.31,127.12,297.05,71.95,558.16,4814.4,7.1043,82.83,49.49,12.9,405.6,6.92,5,3,0,0,2,1,1,0.2883,0.9575,2810.4,2315.5,12.44,26.3,2737.4,2243.1,12.52,25.18,2648.2,2103.9,12.87,25.44,2684.0,2193.8,11.9,25.93,2650.9,2150.9,12.69,24.14,2423.8,1960.8,12.1,24.11,2692.87,91.87,12.63,2697.36,93.43,12.68,2610.82,143.42,12.63,2320.52,351.13,12.27,0.0213,0.034,0.0345,0.0453,0.0464,1.2101,2721.0,2709.2,2692.5,2537.7,12.58,25.83,0,HOLD_NEUTRAL
2024-01-18,2190.0,2721.0,25.54,13.1,124.56,304.13,72.31,571.32,4818.1,7.1523,82.72,50.64,13.08,405.6,6.6,5,4,0,0,3,1,1,0.3047,0.9524,2741.1,2265.2,12.31,25.35,2810.4,2315.5,12.44,26.3,2737.4,2243.1,12.52,25.18,2518.3,2119.2,12.07,24.97,2683.4,2285.9,12.77,26.42,2476.6,2068.9,13.16,25.78,2721.83,50.15,12.78,2700.05,93.54,12.7,2618.97,142.47,12.62,2340.47,338.91,12.31,0.0805,0.014,0.0853,0.0436,0.0458,1.2425,2766.1,2820.0,2680.3,2552.1,12.4,26.92,0,HOLD_NEUTRAL
2024-01-19,2396.0,2766.1,26.35,12.4,125.56,295.31,73.59,570.23,4839.9,7.1426,82.33,49.71,12.84,405.6,6.87,5,5,0,0,4,1,1,0.3211,0.9471,2721.0,2190.0,13.1,25.54,2741.1,2265.2,12.31,25.35,2810.4,2315.5,12.44,26.3,2695.3,2280.5,13.11,25.46,2676.5,2238.5,12.88,25.12,2443.1,2096.4,12.6,25.42,2731.94,51.04,12.67,2706.45,94.86,12.67,2629.73,140.92,12.62,2358.59,331.94,12.32,0.0263,0.0335,-0.0542,0.046,0.0454,1.1545,2786.1,2899.6,2677.7,2618.8,12.34,25.85,1,CHARTER_NOW
2024-01-22,2199.2,2786.1,25.77,12.76,122.65,315.07,72.96,582.99,4838.9,7.1166,82.45,49.9,12.6,405.7,7.35,5,3,1,0,0,1,1,0.3695,0.9292,2766.1,2396.0,12.4,26.35,2721.0,2190.0,13.1,25.54,2741.1,2265.2,12.31,25.35,2699.4,2263.6,13.08,26.07,2664.9,2217.5,13.08,24.62,2465.2,2002.9,12.66,25.52,2744.33,52.33,12.63,2715.11,96.3,12.65,2640.43,140.18,12.62,2376.5,325.35,12.35,0.0321,0.0455,-0.0245,0.0457,0.044,1.2669,2714.0,2874.2,2707.9,2804.6,12.63,25.41,0,HOLD_NEUTRAL
2024-01-23,2162.8,2714.0,25.38,12.22,128.9,294.54,73.64,559.31,4898.2,7.1638,83.05,50.35,12.86,405.8,7.06,6,4,1,0,1,1,1,0.3854,0.9227,2786.1,2199.2,12.76,25.77,2766.1,2396.0,12.4,26.35,2721.0,2190.0,13.1,25.54,2648.2,2103.9,12.87,25.44,2804.9,2292.9,12.57,26.37,2353.1,1954.9,12.17,24.41,2753.73,35.33,12.54,2708.61,92.78,12.62,2652.46,129.77,12.62,2394.48,313.27,12.37,0.0248,-0.0324,-0.0505,0.0458,0.0475,1.2549,2774.8,2833.9,2675.0,2597.1,12.24,26.34,1,CHARTER_NOW
2024-01-24,2267.5,2774.8,25.37,12.98,127.4,303.31,74.0,578.88,4811.4,7.1305,82.43,49.63,12.74,405.8,6.89,4,4,1,0,2,1,1,0.4012,0.916,2714.0,2162.8,12.22,25.38,2786.1,2199.2,12.76,25.77,2766.1,2396.0,12.4,26.35,2737.4,2243.1,12.52,25.18,2856.6,2275.2,12.94,26.08,2437.3,2065.0,12.32,26.72,2759.07,35.27,12.6,2702.77,84.99,12.62,2663.71,125.02,12.64,2413.16,301.56,12.4,0.0137,-0.0286,0.0367,0.0446,0.0459,1.2237,2784.9,2752.7,2631.9,2646.1,13.26,25.62,0,HOLD_NEUTRAL
2024-01-25,2368.2,2784.9,26.22,12.59,126.31,297.02,74.78,592.09,4842.2,7.134,82.9,50.14,12.28,405.8,7.06,4,4,1,0,3,1,1,0.4169,0.9089,2774.8,2267.5,12.98,25.37,2714.0,2162.8,12.22,25.38,2786.1,2199.2,12.76,25.77,2810.4,2315.5,12.44,26.3,2542.7,2097.3,12.98,25.91,2495.0,2137.4,12.5,25.07,2755.43,30.01,12.62,2720.07,73.82,12.6,2673.37,122.71,12.65,2429.38,294.77,12.41,-0.0091,0.0953,0.0121,0.047,0.0454,1.176,2709.2,2803.7,2608.6,2838.5,11.91,25.1,0,HOLD_NEUTRAL
2024-01-26,2172.1,2709.2,25.83,12.58,129.26,309.16,73.62,582.85,4912.3,7.1496,82.56,51.03,12.84,405.9,6.82,3,4,1,0,4,1,1,0.4325,0.9016,2784.9,2368.2,12.59,26.22,2774.8,2267.5,12.98,25.37,2714.0,2162.8,12.22,25.38,2741.1,2265.2,12.31,25.35,2684.0,2193.8,11.9,25.93,2315.7,1887.4,12.07,25.7,2750.87,34.62,12.66,2721.87,73.17,12.64,2686.49,102.53,12.66,2442.9,288.52,12.43,-0.0116,0.0094,0.0219,0.0463,0.0477,1.2473,2820.0,2692.5,2743.0,2724.7,12.27,26.33,0,HOLD_NEUTRAL
2024-01-29,2271.5,2820.0,26.92,12.4,130.72,302.44,74.56,619.31,4812.9,7.1391,82.7,50.52,12.78,406.0,6.75,6,4,1,0,0,1,1,0.4784,0.8781,2709.2,2172.1,12.58,25.83,2784.9,2368.2,12.59,26.22,2774.8,2267.5,12.98,25.37,2721.0,2190.0,13.1,25.54,2518.3,2119.2,12.07,24.97,2501.5,2072.5,12.65,25.14,2765.01,40.16,12.56,2743.42,49.06,12.67,2697.11,99.15,12.66,2458.36,283.32,12.45,0.0364,0.1198,-0.0534,0.0499,0.0464,1.2415,2899.6,2680.3,2520.9,2726.9,12.72,24.67,-1,WAIT
2024-01-30,2389.6,2899.6,25.85,12.34,136.33,301.06,73.73,585.58,4839.6,7.2189,82.78,50.38,12.99,406.0,7.25,4,4,1,0,1,1,1,0.4935,0.8698,2820.0,2271.5,12.4,26.92,2709.2,2172.1,12.58,25.83,2784.9,2368.2,12.59,26.22,2766.1,2396.0,12.4,26.35,2695.3,2280.5,13.11,25.46,2531.4,2114.2,12.59,24.16,2784.09,64.86,12.55,2758.01,62.26,12.61,2709.38,100.7,12.65,2472.88,283.25,12.45,0.0483,0.0758,-0.0048,0.0475,0.047,1.2134,2874.2,2677.7,2493.8,2824.4,12.46,26.05,-1,WAIT
2024-01-31,2318.6,2874.2,25.41,12.63,124.85,311.38,70.0,543.94,4802.6,7.1407,82.19,50.44,12.61,406.0,6.68,5,5,1,0,2,1,1,0.5084,0.8611,2899.6,2389.6,12.34,25.85,2820.0,2271.5,12.4,26.92,2709.2,2172.1,12.58,25.83,2786.1,2199.2,12.76,25.77,2699.4,2263.6,13.08,26.07,2577.1,2124.2,12.4,25.49,2796.67,73.32,12.53,2770.5,66.95,12.58,2719.28,101.85,12.66,2489.41,277.06,12.45,0.0316,0.0648,-0.0102,0.0431,0.0434,1.2396,2833.9,2707.9,2408.0,2631.5,12.17,24.68,-1,WAIT
2024-02-01,2277.0,2833.9,26.34,12.24,133.46,305.21,71.8,567.13,4839.7,7.1702,82.35,50.14,12.46,406.1,6.83,4,4,1,0,3,2,1,0.5231,0.8523,2874.2,2318.6,12.63,25.41,2899.6,2389.6,12.34,25.85,2820.0,2271.5,12.4,26.92,2714.0,2162.8,12.22,25.38,2648.2,2103.9,12.87,25.44,2439.4,1917.4,12.88,25.2,2813.8,64.23,12.54,2783.76,58.75,12.54,2732.43,89.14,12.63,2504.32,270.97,12.46,0.0442,0.0701,0.0016,0.0463,0.0471,1.2446,2752.7,2675.0,2430.2,2659.9,12.26,26.78,-1,WAIT
2024-02-02,2270.0,2752.7,25.62,13.26,132.91,308.87,73.18,556.31,4810.6,7.1616,82.75,51.47,12.8,406.1,6.96,5,4,1,0,4,2,1,0.5377,0.8432,2833.9,2277.0,12.24,26.34,2874.2,2318.6,12.63,25.41,2899.6,2389.6,12.34,25.85,2774.8,2267.5,12.98,25.37,2737.4,2243.1,12.52,25.18,2667.0,2212.0,11.57,24.89,2810.64,66.95,12.58,2784.86,57.96,12.59,2735.29,88.34,12.69,2515.85,266.46,12.49,-0.008,0.0056,0.0216,0.042,0.0483,1.2126,2803.7,2631.9,2482.8,2592.4,12.25,24.54,-1,WAIT
2024-02-05,2288.0,2803.7,25.1,11.91,127.35,297.64,71.21,563.26,4878.0,7.1685,82.57,49.95,12.85,406.2,6.7,4,3,1,0,0,2,1,0.5805,0.8143,2752.7,2270.0,13.26,25.62,2833.9,2277.0,12.24,26.34,2874.2,2318.6,12.63,25.41,2784.9,2368.2,12.59,26.22,2810.4,2315.5,12.44,26.3,2828.9,2366.5,13.06,25.54,2813.33,66.11,12.48,2784.38,57.76,12.55,2734.45,87.54,12.65,2529.32,260.05,12.49,0.0068,-0.0024,-0.054,0.0473,0.0454,1.2254,2692.5,2608.6,2530.5,2386.6,12.28,25.89,-1,WAIT
2024-02-06,2254.7,2692.5,26.33,12.27,130.54,294.45,74.42,576.04,4847.7,7.171,83.0,50.53,12.79,406.2,7.02,4,4,1,0,1,2,1,0.5944,0.8042,2803.7,2288.0,11.91,25.1,2752.7,2270.0,13.26,25.62,2833.9,2277.0,12.24,26.34,2709.2,2172.1,12.58,25.83,2741.1,2265.2,12.31,25.35,2701.1,2214.6,12.94,25.72,2810.94,70.64,12.44,2780.91,61.87,12.55,2734.16,87.66,12.63,2540.77,251.6,12.5,-0.0062,-0.0177,-0.0246,0.0469,0.0485,1.1942,2680.3,2743.0,2458.4,2484.7,13.4,25.74,0,HOLD_NEUTRAL
2024-02-07,2260.0,2680.3,24.67,12.72,128.46,305.77,76.05,608.1,4811.0,7.1848,82.36,50.5,12.78,406.2,6.82,4,4,1,0,2,2,1,0.6081,0.7938,2692.5,2254.7,12.27,26.33,2803.7,2288.0,11.91,25.1,2752.7,2270.0,13.26,25.62,2820.0,2271.5,12.4,26.92,2721.0,2190.0,13.1,25.54,2678.2,2142.5,13.0,25.78,2790.99,85.77,12.48,2778.0,65.74,12.52,2734.23,87.62,12.62,2548.72,248.26,12.51,-0.0495,-0.015,0.0258,0.0478,0.0479,1.186,2677.7,2520.9,2461.6,2583.0,12.36,24.78,-1,WAIT
2024-02-08,2209.1,2677.7,26.05,12.46,130.54,302.55,75.44,586.41,4874.3,7.1665,82.91,51.02,12.56,406.3,7.02,4,4,1,0,3,2,1,0.6217,0.7833,2680.3,2260.0,12.72,24.67,2692.5,2254.7,12.27,26.33,2803.7,2288.0,11.91,25.1,2899.6,2389.6,12.34,25.85,2766.1,2396.0,12.4,26.35,2650.9,2150.9,12.69,24.14,2759.29,79.73,12.5,2771.69,71.0,12.53,2735.13,86.87,12.61,2560.97,235.68,12.52,-0.0765,-0.032,0.0097,0.0471,0.0488,1.2121,2707.9,2493.8,2537.7,2530.6,12.68,25.0,-1,WAIT
2024-02-09,2227.7,2707.9,24.68,12.17,134.8,309.61,72.83,573.81,4852.3,7.1655,82.43,51.09,12.75,406.3,7.0,5,4,1,0,4,2,1,0.6351,0.7725,2677.7,2209.1,12.46,26.05,2680.3,2260.0,12.72,24.67,2692.5,2254.7,12.27,26.33,2874.2,2318.6,12.63,25.41,2786.1,2199.2,12.76,25.77,2683.4,2285.9,12.77,26.42,2735.53,62.75,12.43,2766.1,72.84,12.48,2735.94,86.48,12.59,2570.93,228.82,12.52,-0.0579,-0.0281,-0.0364,0.0471,0.0498,1.2156,2675.0,2408.0,2552.1,2580.0,12.35,25.07,-1,WAIT
2024-02-12,2202.7,2675.0,26.78,12.26,131.92,304.27,75.86,588.2,4882.8,7.1612,82.71,50.49,12.71,406.4,6.82,4,4,1,0,0,2,1,0.6741,0.7387,2707.9,2227.7,12.17,24.68,2677.7,2209.1,12.46,26.05,2680.3,2260.0,12.72,24.67,2833.9,2277.0,12.24,26.34,2714.0,2162.8,12.22,25.38,2676.5,2238.5,12.88,25.12,2712.83,48.32,12.44,2763.31,75.67,12.49,2735.89,86.52,12.57,2578.53,224.47,12.51,-0.0561,-0.0144,0.0016,0.048,0.0493,1.2144,2631.9,2430.2,2618.8,2463.0,12.59,24.15,-1,WAIT
2024-02-13,2188.9,2631.9,24.54,12.25,131.62,306.35,73.41,600.04,4810.4,7.1555,82.54,50.69,13.0,406.4,7.21,5,4,1,0,1,2,1,0.6867,0.727,2675.0,2202.7,12.26,26.78,2707.9,2227.7,12.17,24.68,2677.7,2209.1,12.46,26.05,2752.7,2270.0,13.26,25.62,2774.8,2267.5,12.98,25.37,2664.9,2217.5,13.08,24.62,2695.57,53.05,12.29,2753.11,83.26,12.43,2734.79,87.66,12.54,2588.74,212.19,12.52,-0.0439,-0.0515,-0.0762,0.049,0.05,1.2024,2608.6,2482.8,2804.6,2376.3,11.13,24.05,-1,WAIT
2024-02-14,2152.2,2608.6,25.89,12.28,128.62,292.58,72.5,569.18,4864.7,7.1325,83.28,50.73,12.86,406.5,6.73,4,4,1,0,2,2,1,0.6991,0.715,2631.9,2188.9,12.25,24.54,2675.0,2202.7,12.26,26.78,2707.9,2227.7,12.17,24.68,2803.7,2288.0,11.91,25.1,2784.9,2368.2,12.59,26.22,2804.9,2292.9,12.57,26.37,2667.7,34.92,12.34,2740.51,91.05,12.41,2728.25,89.55,12.53,2595.34,206.39,12.52,-0.0696,-0.0633,0.0311,0.0464,0.0493,1.2121,2743.0,2530.5,2597.1,2477.2,12.22,25.42,0,HOLD_NEUTRAL
2024-02-15,2235.5,2743.0,25.74,13.4,125.25,318.85,71.98,591.46,4880.0,7.1582,82.48,49.32,12.73,406.5,7.13,4,4,1,0,3,2,1,0.7113,0.7029,2608.6,2152.2,12.28,25.89,2631.9,2188.9,12.25,24.54,2675.0,2202.7,12.26,26.78,2692.5,2254.7,12.27,26.33,2709.2,2172.1,12.58,25.83,2856.6,2275.2,12.94,26.08,2674.91,44.74,12.51,2742.93,90.6,12.47,2724.46,86.28,12.55,2606.02,196.78,12.54,0.0188,0.0125,0.0921,0.0441,0.0457,1.227,2520.9,2458.4,2646.1,2337.2,12.81,23.9,-1,WAIT
2024-02-16,2153.2,2520.9,24.78,12.36,129.32,303.38,72.52,582.89,4839.2,7.1675,82.79,49.72,13.13,406.5,7.09,4,3,0,0,4,2,1,0.7233,0.6906,2743.0,2235.5,13.4,25.74,2608.6,2152.2,12.28,25.89,2631.9,2188.9,12.25,24.54,2680.3,2260.0,12.72,24.67,2820.0,2271.5,12.4,26.92,2542.7,2097.3,12.98,25.91,2652.14,73.11,12.45,2721.56,105.13,12.47,2723.74,87.94,12.53,2613.85,183.21,12.55,-0.0595,-0.1061,-0.0283,0.0472,0.0513,1.1708,2493.8,2461.6,2838.5,2401.6,12.08,24.5,0,HOLD_NEUTRAL
2024-02-19,2151.8,2493.8,25.0,12.68,133.84,309.76,72.34,577.73,4813.4,7.173,82.41,50.29,12.74,406.6,7.2,6,3,0,0,0,2,1,0.7579,0.6523,2520.9,2153.2,12.36,24.78,2743.0,2235.5,13.4,25.74,2608.6,2152.2,12.28,25.89,2677.7,2209.1,12.46,26.05,2899.6,2389.6,12.34,25.85,2684.0,2193.8,11.9,25.93,2625.87,92.79,12.49,2692.58,108.17,12.49,2717.4,97.26,12.56,2619.6,173.52,12.55,-0.0687,-0.14,0.0177,0.0456,0.0537,1.1589,2408.0,2537.7,2724.7,2336.3,12.73,26.61,0,HOLD_NEUTRAL
2024-02-20,1945.7,2408.0,25.07,12.35,125.07,298.17,73.33,583.1,4857.2,7.1666,83.25,50.33,12.91,406.7,6.88,4,3,0,0,1,2,1,0.769,0.6392,2493.8,2151.8,12.68,25.0,2520.9,2153.2,12.36,24.78,2743.0,2235.5,13.4,25.74,2707.9,2227.7,12.17,24.68,2874.2,2318.6,12.63,25.41,2518.3,2119.2,12.07,24.97,2583.03,115.14,12.51,2659.28,119.16,12.47,2713.72,106.68,12.56,2623.11,166.84,12.57,-0.1108,-0.1622,0.0148,0.0472,0.0519,1.2376,2430.2,2552.1,2726.9,2460.1,12.68,24.08,1,CHARTER_NOW
2024-02-21,2035.8,2430.2,24.15,12.59,126.55,306.65,73.3,583.2,4902.8,7.1544,82.96,50.0,12.77,406.7,6.69,3,4,0,0,2,2,1,0.7799,0.6259,2408.0,1945.7,12.35,25.07,2493.8,2151.8,12.68,25.0,2520.9,2153.2,12.36,24.78,2675.0,2202.7,12.26,26.78,2833.9,2277.0,12.24,26.34,2695.3,2280.5,13.11,25.46,2548.06,119.64,12.56,2630.44,122.45,12.5,2704.88,118.57,12.55,2626.36,160.95,12.58,-0.0915,-0.1425,0.0269,0.0463,0.0521,1.1937,2482.8,2618.8,2824.4,2494.4,12.47,26.33,1,CHARTER_NOW
2024-02-22,2034.5,2482.8,24.05,11.13,130.3,294.46,73.01,553.35,4900.4,7.1599,82.9,51.1,13.13,406.7,7.26,4,3,0,0,3,2,1,0.7906,0.6124,2430.2,2035.8,12.59,24.15,2408.0,1945.7,12.35,25.07,2493.8,2151.8,12.68,25.0,2631.9,2188.9,12.25,24.54,2752.7,2270.0,13.26,25.62,2699.4,2263.6,13.08,26.07,2526.76,115.43,12.4,2611.16,122.97,12.34,2697.66,125.32,12.48,2628.93,157.3,12.57,-0.0567,-0.098,-0.0914,0.0497,0.0525,1.2203,2530.5,2804.6,2631.5,2322.8,12.53,25.44,1,CHARTER_NOW
2024-02-23,2083.9,2530.5,25.42,12.22,126.71,307.5,73.79,578.41,4847.1,7.1452,83.24,50.71,12.82,406.8,6.77,4,4,0,0,4,2,1,0.801,0.5987,2482.8,2034.5,11.13,24.05,2430.2,2035.8,12.59,24.15,2408.0,1945.7,12.35,25.07,2608.6,2152.2,12.28,25.89,2803.7,2288.0,11.91,25.1,2648.2,2103.9,12.87,25.44,2515.6,109.84,12.39,2591.65,111.17,12.37,2693.74,128.72,12.46,2633.18,150.9,12.55,-0.0299,-0.0974,-0.0049,0.0473,0.0501,1.2143,2458.4,2597.1,2659.9,2363.3,12.04,25.48,0,HOLD_NEUTRAL
2024-02-26,2073.5,2458.4,23.9,12.81,127.28,301.32,75.14,601.12,4820.6,7.1719,82.93,50.61,12.83,406.9,6.67,5,3,0,0,0,2,1,0.8308,0.5566,2530.5,2083.9,12.22,25.42,2482.8,2034.5,11.13,24.05,2430.2,2035.8,12.59,24.15,2743.0,2235.5,13.4,25.74,2692.5,2254.7,12.27,26.33,2737.4,2243.1,12.52,25.18,2474.94,45.41,12.31,2574.93,112.44,12.41,2684.44,135.36,12.47,2634.32,149.28,12.55,-0.1038,-0.0869,-0.044,0.0469,0.0518,1.1856,2461.6,2646.1,2592.4,2407.8,12.25,25.74,1,CHARTER_NOW
2024-02-27,2088.9,2461.6,24.5,12.08,128.41,304.07,74.71,587.45,4851.6,7.1561,82.95,50.06,12.78,406.9,6.79,5,4,0,0,1,2,1,0.8402,0.5422,2458.4,2073.5,12.81,23.9,2530.5,2083.9,12.22,25.42,2482.8,2034.5,11.13,24.05,2520.9,2153.2,12.36,24.78,2680.3,2260.0,12.72,24.67,2810.4,2315.5,12.44,26.3,2466.47,40.7,12.27,2559.31,111.86,12.36,2672.81,139.1,12.46,2636.53,145.63,12.54,-0.0235,-0.0816,-0.0227,0.0486,0.0522,1.1784,2537.7,2838.5,2386.6,2391.4,12.18,26.4,1,CHARTER_NOW
2024-02-28,2098.5,2537.7,26.61,12.73,125.34,308.95,70.33,541.41,4851.4,7.1683,82.94,50.75,12.85,406.9,6.63,4,4,0,0,2,2,1,0.8495,0.5277,2461.6,2088.9,12.08,24.5,2458.4,2073.5,12.81,23.9,2530.5,2083.9,12.22,25.42,2493.8,2151.8,12.68,25.0,2677.7,2209.1,12.46,26.05,2741.1,2265.2,12.31,25.35,2472.74,48.28,12.27,2549.31,106.6,12.38,2666.03,140.6,12.47,2638.43,143.54,12.55,0.0176,-0.0523,0.0039,0.0425,0.0494,1.2093,2552.1,2724.7,2484.7,2390.0,12.67,25.32,1,CHARTER_NOW
2024-02-29,2017.7,2552.1,24.08,12.68,126.53,294.32,68.42,544.61,4884.6,7.1932,83.05,49.35,13.05,407.0,6.92,6,4,0,0,3,2,1,0.8584,0.513,2537.7,2098.5,12.73,26.61,2461.6,2088.9,12.08,24.5,2458.4,2073.5,12.81,23.9,2408.0,1945.7,12.35,25.07,2707.9,2227.7,12.17,24.68,2721.0,2190.0,13.1,25.54,2493.33,46.77,12.32,2538.18,96.41,12.42,2660.4,141.7,12.46,2639.68,142.42,12.54,0.0598,-0.0575,0.0267,0.043,0.0496,1.2649,2618.8,2726.9,2583.0,2501.3,12.09,26.87,1,CHARTER_NOW
2024-03-01,2107.8,2618.8,26.33,12.47,131.83,298.27,74.71,608.47,4866.5,7.1421,82.79,50.72,12.99,407.0,6.7,4,4,0,0,4,3,1,0.8671,0.4981,2552.1,2017.7,12.68,24.08,2537.7,2098.5,12.73,26.61,2461.6,2088.9,12.08,24.5,2430.2,2035.8,12.59,24.15,2675.0,2202.7,12.26,26.78,2766.1,2396.0,12.4,26.35,2520.27,57.45,12.3,2534.16,91.31,12.43,2655.49,140.46,12.46,2642.61,140.1,12.54,0.0776,-0.021,-0.0095,0.0488,0.0503,1.2424,2804.6,2824.4,2530.6,2423.4,13.03,25.65,1,CHARTER_NOW
2024-03-04,2319.8,2804.6,25.44,12.53,125.33,306.67,70.58,574.92,4847.2,7.1819,82.88,50.87,12.83,407.1,6.75,5,5,0,0,0,3,1,0.8916,0.4527,2618.8,2107.8,12.47,26.33,2552.1,2017.7,12.68,24.08,2537.7,2098.5,12.73,26.61,2482.8,2034.5,11.13,24.05,2631.9,2188.9,12.25,24.54,2786.1,2199.2,12.76,25.77,2566.24,118.64,12.5,2546.5,114.3,12.45,2656.11,141.09,12.45,2648.27,139.66,12.54,0.1296,0.0656,0.1258,0.0459,0.0447,1.209,2597.1,2631.5,2580.0,2258.4,12.48,25.09,-1,WAIT
2024-03-05,2005.2,2597.1,25.48,12.04,124.32,318.81,72.66,573.32,4913.4,7.1652,83.15,50.99,13.16,407.1,7.0,4,4,0,0,1,3,1,0.8993,0.4373,2804.6,2319.8,12.53,25.44,2618.8,2107.8,12.47,26.33,2552.1,2017.7,12.68,24.08,2530.5,2083.9,12.22,25.42,2608.6,2152.2,12.28,25.89,2714.0,2162.8,12.22,25.38,2575.76,117.96,12.48,2545.68,113.86,12.43,2652.21,141.05,12.45,2652.34,134.38,12.53,0.0263,-0.0044,-0.0147,0.0476,0.0479,1.2952,2646.1,2659.9,2463.0,2253.3,11.88,25.46,0,HOLD_NEUTRAL
2024-03-06,2232.9,2646.1,25.74,12.25,127.33,301.86,70.98,574.06,4880.8,7.2251,83.02,50.02,13.0,407.2,6.93,3,4,0,0,2,3,1,0.9067,0.4218,2597.1,2005.2,12.04,25.48,2804.6,2319.8,12.53,25.44,2618.8,2107.8,12.47,26.33,2458.4,2073.5,12.81,23.9,2743.0,2235.5,13.4,25.74,2774.8,2267.5,12.98,25.37,2602.57,107.73,12.4,2538.76,103.41,12.35,2647.92,139.14,12.42,2655.82,131.38,12.53,0.0764,-0.0353,-0.0437,0.0469,0.0481,1.1851,2838.5,2592.4,2376.3,2126.6,12.97,24.48,0,HOLD_NEUTRAL
2024-03-07,2322.7,2838.5,26.4,12.18,131.6,307.14,69.87,550.69,4892.3,7.1582,82.93,51.02,12.74,407.2,6.8,4,3,0,0,3,3,1,0.9138,0.4061,2646.1,2232.9,12.25,25.74,2597.1,2005.2,12.04,25.48,2804.6,2319.8,12.53,25.44,2461.6,2088.9,12.08,24.5,2520.9,2153.2,12.36,24.78,2784.9,2368.2,12.59,26.22,2656.41,119.11,12.41,2561.44,130.48,12.34,2649.71,141.29,12.41,2661.54,131.74,12.53,0.1531,0.126,0.0083,0.0452,0.0464,1.2221,2724.7,2386.6,2477.2,2185.4,12.32,24.42,-1,WAIT
2024-03-08,2289.6,2724.7,25.32,12.67,128.53,301.71,74.11,563.52,4817.8,7.1857,82.62,50.34,12.55,407.2,6.83,2,3,0,0,4,3,1,0.9207,0.3904,2838.5,2322.7,12.18,26.4,2646.1,2232.9,12.25,25.74,2597.1,2005.2,12.04,25.48,2537.7,2098.5,12.73,26.61,2493.8,2151.8,12.68,25.0,2709.2,2172.1,12.58,25.83,2683.13,108.55,12.4,2577.94,135.76,12.34,2650.23,141.54,12.41,2668.36,123.89,12.54,0.0737,0.0926,-0.0047,0.0445,0.0472,1.19,2726.9,2484.7,2337.2,2014.2,12.65,25.2,-1,WAIT
2024-03-11,2215.3,2726.9,26.87,12.09,127.57,316.87,74.54,575.76,4796.8,7.166,83.36,50.49,12.75,407.3,6.79,6,3,0,0,0,3,1,0.9396,0.3424,2724.7,2289.6,12.67,25.32,2838.5,2322.7,12.18,26.4,2646.1,2232.9,12.25,25.74,2552.1,2017.7,12.68,24.08,2408.0,1945.7,12.35,25.07,2820.0,2271.5,12.4,26.92,2708.1,92.27,12.32,2600.71,131.75,12.32,2647.12,138.68,12.4,2672.12,122.15,12.53,0.0685,0.1324,-0.0465,0.0476,0.0468,1.2309,2824.4,2583.0,2401.6,2065.7,12.3,25.17,-1,WAIT
2024-03-12,2184.5,2824.4,25.65,13.03,129.09,288.99,72.17,589.51,4832.5,7.1241,82.83,51.35,12.92,407.4,6.7,5,3,0,0,1,3,1,0.9453,0.3261,2726.9,2215.3,12.09,26.87,2724.7,2289.6,12.67,25.32,2838.5,2322.7,12.18,26.4,2618.8,2107.8,12.47,26.33,2430.2,2035.8,12.59,24.15,2899.6,2389.6,12.34,25.85,2737.47,91.83,12.4,2628.87,134.6,12.35,2644.62,134.58,12.42,2677.0,122.29,12.54,0.0785,0.1622,0.0449,0.0452,0.0457,1.2929,2631.5,2530.6,2336.3,2055.6,12.58,26.66,-1,WAIT
2024-03-13,2185.7,2631.5,25.09,12.48,123.25,302.58,68.58,543.07,4867.1,7.1504,83.25,52.09,12.96,407.4,6.78,4,4,0,0,2,3,1,0.9508,0.3098,2824.4,2184.5,13.03,25.65,2726.9,2215.3,12.09,26.87,2724.7,2289.6,12.67,25.32,2804.6,2319.8,12.53,25.44,2482.8,2034.5,11.13,24.05,2874.2,2318.6,12.63,25.41,2712.74,94.02,12.39,2639.49,127.88,12.45,2636.53,127.41,12.42,2677.9,121.73,12.54,-0.0617,0.0599,-0.004,0.0435,0.0468,1.204,2659.9,2580.0,2460.1,1801.7,12.83,24.68,0,HOLD_NEUTRAL
2024-03-14,2246.1,2659.9,25.46,11.88,130.3,289.46,72.31,568.76,4905.3,7.1926,83.05,51.03,13.11,407.4,6.88,5,3,0,0,3,3,1,0.956,0.2934,2631.5,2185.7,12.48,25.09,2824.4,2184.5,13.03,25.65,2726.9,2215.3,12.09,26.87,2597.1,2005.2,12.04,25.48,2530.5,2083.9,12.22,25.42,2833.9,2277.0,12.24,26.34,2721.71,83.56,12.37,2648.74,124.02,12.42,2630.73,121.96,12.41,2681.58,117.67,12.52,0.0242,0.0511,-0.0133,0.0479,0.049,1.1842,2592.4,2463.0,2494.4,1813.2,12.03,25.26,-1,WAIT
2024-03-15,2185.4,2592.4,24.48,12.97,129.82,282.62,74.04,579.87,4804.3,7.1534,82.69,50.57,12.62,407.5,6.75,4,4,0,0,4,3,1,0.9609,0.2769,2659.9,2246.1,11.88,25.46,2631.5,2185.7,12.48,25.09,2824.4,2184.5,13.03,25.65,2646.1,2232.9,12.25,25.74,2458.4,2073.5,12.81,23.9,2752.7,2270.0,13.26,25.62,2714.04,93.53,12.47,2658.31,112.87,12.43,2625.38,119.92,12.4,2680.34,118.22,12.54,-0.0203,0.0545,0.0588,0.0447,0.0501,1.1862,2386.6,2376.3,2322.8,1936.9,13.01,25.44,-1,WAIT
2024-03-18,1974.3,2386.6,24.42,12.32,127.15,303.4,70.72,583.76,4945.4,7.1005,83.35,51.14,12.76,407.6,6.85,5,4,0,0,0,3,1,0.9739,0.227,2592.4,2185.4,12.97,24.48,2659.9,2246.1,11.88,25.46,2631.5,2185.7,12.48,25.09,2838.5,2322.7,12.18,26.4,2461.6,2088.9,12.08,24.5,2803.7,2288.0,11.91,25.1,2649.49,138.47,12.49,2652.95,124.14,12.45,2611.48,122.68,12.41,2672.96,122.51,12.53,-0.1592,-0.0305,0.0115,0.0474,0.0533,1.2088,2484.7,2477.2,2363.3,1884.8,12.19,24.69,0,HOLD_NEUTRAL
2024-03-19,2074.5,2484.7,25.2,12.65,131.55,301.97,73.77,601.12,4896.8,7.1664,83.1,51.57,12.62,407.6,6.59,5,4,0,0,1,3,1,0.9777,0.2102,2386.6,1974.3,12.32,24.42,2592.4,2185.4,12.97,24.48,2659.9,2246.1,11.88,25.46,2724.7,2289.6,12.67,25.32,2537.7,2098.5,12.73,26.61,2692.5,2254.7,12.27,26.33,2615.2,146.24,12.49,2649.16,128.65,12.45,2604.55,123.81,12.42,2669.36,124.83,12.53,-0.0881,-0.0209,-0.0016,0.0475,0.0529,1.1977,2583.0,2337.2,2407.8,1752.0,12.48,23.9,-1,WAIT
2024-03-20,2106.5,2583.0,25.17,12.3,124.58,298.53,73.46,606.18,4939.6,7.1348,83.38,51.42,12.59,407.6,6.64,4,3,0,0,2,3,1,0.9811,0.1934,2484.7,2074.5,12.65,25.2,2386.6,1974.3,12.32,24.42,2592.4,2185.4,12.97,24.48,2726.9,2215.3,12.09,26.87,2552.1,2017.7,12.68,24.08,2680.3,2260.0,12.72,24.67,2594.64,137.79,12.52,2651.37,127.11,12.42,2601.31,123.03,12.41,2667.77,125.32,12.52,-0.0528,0.0121,0.0174,0.0493,0.0482,1.2262,2530.6,2401.6,2391.4,1671.6,12.12,23.88,-1,WAIT
2024-03-21,2058.7,2530.6,26.66,12.58,131.65,299.61,74.59,585.33,4862.1,7.1717,83.01,52.6,12.73,407.7,6.61,4,4,0,0,3,3,1,0.9843,0.1765,2583.0,2106.5,12.3,25.17,2484.7,2074.5,12.65,25.2,2386.6,1974.3,12.32,24.42,2824.4,2184.5,13.03,25.65,2618.8,2107.8,12.47,26.33,2677.7,2209.1,12.46,26.05,2552.67,93.89,12.45,2645.07,130.98,12.43,2596.41,122.81,12.41,2665.77,126.55,12.51,-0.104,-0.0337,-0.0345,0.0465,0.052,1.2292,2580.0,2336.3,2390.0,1773.7,12.2,23.98,-1,WAIT
2024-03-22,2179.0,2580.0,24.68,12.83,128.39,323.37,73.83,585.58,4911.9,7.2145,83.24,50.72,12.93,407.7,6.64,5,3,0,0,4,3,1,0.9872,0.1595,2530.6,2058.7,12.58,26.66,2583.0,2106.5,12.3,25.17,2484.7,2074.5,12.65,25.2,2631.5,2185.7,12.48,25.09,2804.6,2319.8,12.53,25.44,2707.9,2227.7,12.17,24.68,2545.31,88.55,12.5,2629.03,123.48,12.45,2592.14,121.02,12.44,2664.04,127.01,12.51,-0.0196,-0.0801,0.028,0.0456,0.0498,1.184,2463.0,2460.1,2501.3,1786.2,11.55,23.46,-1,WAIT
2024-03-25,1996.4,2463.0,25.26,12.03,126.66,297.92,71.93,550.9,4900.7,7.1917,82.64,51.27,13.02,407.8,7.0,5,3,0,0,0,3,1,0.9941,0.1084,2580.0,2179.0,12.83,24.68,2530.6,2058.7,12.58,26.66,2583.0,2106.5,12.3,25.17,2659.9,2246.1,11.88,25.46,2597.1,2005.2,12.04,25.48,2675.0,2202.7,12.26,26.78,2517.19,76.55,12.53,2619.45,131.11,12.45,2585.08,122.2,12.43,2660.48,129.62,12.5,-0.074,-0.0516,0.0126,0.0458,0.0514,1.2337,2376.3,2494.4,2423.4,1473.7,12.38,24.2,0,HOLD_NEUTRAL
2024-03-26,1956.1,2376.3,25.44,13.01,127.51,303.4,75.9,613.84,4927.5,7.2149,82.96,52.0,12.68,407.8,6.89,4,4,0,0,1,3,1,0.9958,0.0913,2463.0,1996.4,12.03,25.26,2580.0,2179.0,12.83,24.68,2530.6,2058.7,12.58,26.66,2592.4,2185.4,12.97,24.48,2646.1,2232.9,12.25,25.74,2631.9,2188.9,12.25,24.54,2486.31,84.34,12.53,2600.18,145.89,12.5,2576.56,127.61,12.45,2655.68,134.71,12.5,-0.0834,-0.102,0.0031,0.0472,0.0537,1.2148,2477.2,2322.8,2258.4,1494.5,11.89,23.61,0,HOLD_NEUTRAL
2024-03-27,2010.2,2477.2,24.69,12.19,127.07,294.41,73.53,566.01,4891.9,7.1522,82.78,51.99,12.7,407.9,6.52,6,3,0,0,2,3,1,0.9972,0.0741,2376.3,1956.1,13.01,25.44,2463.0,1996.4,12.03,25.26,2580.0,2179.0,12.83,24.68,2386.6,1974.3,12.32,24.42,2838.5,2322.7,12.18,26.4,2608.6,2152.2,12.28,25.89,2499.26,72.62,12.51,2574.37,131.76,12.5,2572.18,128.72,12.45,2650.21,135.2,12.49,0.038,-0.1273,-0.0106,0.0464,0.0513,1.2323,2337.2,2363.3,2253.3,1629.6,11.69,25.18,-1,WAIT
2024-03-28,1901.3,2337.2,23.9,12.48,131.14,301.2,73.84,584.73,4917.8,7.165,83.01,50.11,12.51,407.9,6.82,4,4,0,0,3,3,1,0.9984,0.057,2477.2,2010.2,12.19,24.69,2376.3,1956.1,13.01,25.44,2463.0,1996.4,12.03,25.26,2484.7,2074.5,12.65,25.2,2724.7,2289.6,12.67,25.32,2743.0,2235.5,13.4,25.74,2478.19,95.38,12.49,2546.69,138.29,12.49,2558.65,131.44,12.42,2641.56,138.35,12.49,-0.0594,-0.1422,-0.0134,0.0469,0.0561,1.2293,2401.6,2407.8,2126.6,1586.4,12.74,25.0,0,HOLD_NEUTRAL
2024-03-29,2024.3,2401.6,23.88,12.12,123.62,296.89,72.29,558.4,4940.9,7.1382,83.23,51.2,12.91,407.9,6.65,4,4,0,0,4,3,1,0.9992,0.0398,2337.2,1901.3,12.48,23.9,2477.2,2010.2,12.19,24.69,2376.3,1956.1,13.01,25.44,2583.0,2106.5,12.3,25.17,2726.9,2215.3,12.09,26.87,2520.9,2153.2,12.36,24.78,2452.27,86.38,12.46,2523.46,132.9,12.49,2554.67,134.4,12.41,2639.21,141.23,12.47,-0.0702,-0.1193,-0.0146,0.0461,0.0515,1.1864,2336.3,2391.4,2185.4,1460.2,12.12,25.22,0,HOLD_NEUTRAL
2024-04-01,2033.3,2336.3,23.98,12.2,124.44,295.29,73.25,571.05,4883.0,7.1496,82.98,52.04,12.73,408.0,6.59,5,3,0,0,0,4,2,0.9999,-0.0118,2401.6,2024.3,12.12,23.88,2337.2,1901.3,12.48,23.9,2477.2,2010.2,12.19,24.69,2530.6,2058.7,12.58,26.66,2824.4,2184.5,13.03,25.65,2493.8,2151.8,12.68,25.0,2424.51,88.21,12.41,2488.59,109.92,12.43,2549.42,139.82,12.4,2633.41,146.4,12.48,-0.0768,-0.1728,-0.0302,0.0468,0.0533,1.149,2460.1,2390.0,2014.2,1481.7,11.82,25.04,0,HOLD_NEUTRAL
2024-04-02,2045.2,2460.1,23.46,11.55,130.01,311.69,72.54,563.23,4915.4,7.1426,83.35,52.83,13.21,408.1,6.42,4,3,0,0,1,4,2,0.9996,-0.029,2336.3,2033.3,12.2,23.98,2401.6,2024.3,12.12,23.88,2337.2,1901.3,12.48,23.9,2580.0,2179.0,12.83,24.68,2631.5,2185.7,12.48,25.09,2408.0,1945.7,12.35,25.07,2407.39,60.17,12.23,2476.35,102.04,12.36,2551.16,138.32,12.37,2632.44,147.36,12.47,-0.0465,-0.0651,-0.0998,0.0488,0.0528,1.2029,2494.4,2501.3,2065.7,1335.7,12.25,25.19,0,HOLD_NEUTRAL
2024-04-03,2001.1,2494.4,24.2,12.38,124.6,306.55,73.91,575.28,4842.0,7.1314,82.93,51.64,12.96,408.1,6.91,5,4,0,0,2,4,2,0.9989,-0.0462,2460.1,2045.2,11.55,23.46,2336.3,2033.3,12.2,23.98,2401.6,2024.3,12.12,23.88,2463.0,1996.4,12.03,25.26,2659.9,2246.1,11.88,25.46,2430.2,2035.8,12.59,24.15,2411.87,65.91,12.28,2464.53,87.72,12.4,2553.3,136.88,12.36,2629.09,148.19,12.46,0.0127,-0.0622,0.0291,0.0465,0.05,1.2465,2322.8,2423.4,2055.6,1233.2,11.81,25.8,0,HOLD_NEUTRAL
2024-04-04,2008.6,2322.8,23.61,11.89,129.19,298.42,77.39,599.78,4933.8,7.2118,83.37,51.07,12.85,408.1,6.44,4,4,0,0,3,4,2,0.998,-0.0634,2494.4,2001.1,12.38,24.2,2460.1,2045.2,11.55,23.46,2336.3,2033.3,12.2,23.98,2376.3,1956.1,13.01,25.44,2592.4,2185.4,12.97,24.48,2482.8,2034.5,11.13,24.05,2404.23,73.4,12.12,2445.27,87.08,12.32,2547.97,142.71,12.39,2622.82,153.06,12.44,-0.0225,-0.104,-0.0861,0.0504,0.0556,1.1564,2363.3,2258.4,1801.7,1234.3,12.4,23.7,0,HOLD_NEUTRAL
2024-04-05,2076.8,2363.3,25.18,11.69,131.55,279.77,71.93,562.56,4978.8,7.1083,83.48,50.74,12.76,408.2,6.7,4,3,0,0,4,4,2,0.9968,-0.0805,2322.8,2008.6,11.89,23.61,2494.4,2001.1,12.38,24.2,2460.1,2045.2,11.55,23.46,2477.2,2010.2,12.19,24.69,2386.6,1974.3,12.32,24.42,2530.5,2083.9,12.22,25.42,2387.96,66.86,12.04,2443.61,88.5,12.28,2542.39,146.63,12.37,2618.07,156.64,12.42,-0.046,-0.0098,-0.041,0.0481,0.0557,1.138,2407.8,2253.3,1813.2,1194.8,11.86,24.54,-1,WAIT
2024-04-08,1988.7,2407.8,25.0,12.74,124.62,294.0,71.59,576.82,4870.3,7.2128,83.43,52.53,12.59,408.3,6.51,5,4,0,0,0,4,2,0.9913,-0.1319,2363.3,2076.8,11.69,25.18,2322.8,2008.6,11.89,23.61,2494.4,2001.1,12.38,24.2,2337.2,1901.3,12.48,23.9,2484.7,2074.5,12.65,25.2,2458.4,2073.5,12.81,23.9,2398.04,63.15,12.08,2438.11,88.14,12.28,2540.71,147.91,12.37,2612.57,158.15,12.42,0.0302,-0.0309,0.0208,0.0453,0.0518,1.2107,2391.4,2126.6,1936.9,1221.5,12.12,24.59,-1,WAIT
2024-04-09,1986.6,2391.4,25.22,12.12,127.88,316.63,77.24,591.98,4911.8,7.2093,83.1,51.72,12.62,408.3,6.85,4,4,0,0,1,4,2,0.9889,-0.1489,2407.8,1988.7,12.74,25.0,2363.3,2076.8,11.69,25.18,2322.8,2008.6,11.89,23.61,2401.6,2024.3,12.12,23.88,2583.0,2106.5,12.3,25.17,2461.6,2088.9,12.08,24.5,2396.59,63.17,12.08,2424.43,78.23,12.27,2538.37,149.75,12.37,2605.59,158.52,12.41,-0.0042,-0.0742,0.0,0.0488,0.0535,1.2038,2390.0,2185.4,1884.8,1102.0,12.35,23.17,-1,WAIT
2024-04-10,2035.4,2390.0,25.04,11.82,121.8,294.27,74.32,588.0,4947.0,7.1871,82.66,50.87,12.77,408.3,6.63,4,3,0,0,2,4,2,0.9861,-0.1659,2391.4,1986.6,12.12,25.22,2407.8,1988.7,12.74,25.0,2363.3,2076.8,11.69,25.18,2336.3,2033.3,12.2,23.98,2530.6,2058.7,12.58,26.66,2537.7,2098.5,12.73,26.61,2404.26,57.65,12.03,2414.39,72.36,12.22,2533.44,152.18,12.34,2599.74,159.91,12.41,0.023,-0.0556,-0.0311,0.0497,0.051,1.1742,2501.3,2014.2,1752.0,1095.3,11.59,25.76,-1,WAIT
2024-04-11,2161.9,2501.3,25.19,12.25,127.69,303.91,73.59,595.04,4918.4,7.1389,83.34,51.24,12.76,408.4,6.67,5,3,0,0,3,4,2,0.9831,-0.1828,2390.0,2035.4,11.82,25.04,2391.4,1986.6,12.12,25.22,2407.8,1988.7,12.74,25.0,2460.1,2045.2,11.55,23.46,2580.0,2179.0,12.83,24.68,2552.1,2017.7,12.68,24.08,2410.14,65.82,12.13,2408.76,60.6,12.18,2531.75,152.25,12.32,2596.08,159.6,12.39,0.0167,-0.0305,0.0606,0.0486,0.051,1.157,2423.4,2065.7,1671.6,1176.3,11.91,23.71,-1,WAIT
2024-04-12,2005.0,2423.4,25.8,11.81,125.69,306.08,76.77,595.9,4924.2,7.1251,83.17,51.54,12.7,408.4,6.67,4,4,0,0,4,4,2,0.9799,-0.1997,2501.3,2161.9,12.25,25.19,2390.0,2035.4,11.82,25.04,2391.4,1986.6,12.12,25.22,2494.4,2001.1,12.38,24.2,2463.0,1996.4,12.03,25.26,2618.8,2107.8,12.47,26.33,2400.0,55.3,12.05,2405.94,58.77,12.16,2525.24,152.58,12.3,2590.36,159.54,12.38,-0.0285,-0.0161,-0.046,0.0505,0.0519,1.2087,2258.4,2055.6,1773.7,1167.3,11.34,23.73,-1,WAIT
2024-04-15,1858.7,2258.4,23.7,12.4,126.34,296.53,73.92,574.04,4908.2,7.1568,82.98,51.69,12.98,408.5,6.74,4,4,0,0,0,4,2,0.9683,-0.25,2423.4,2005.0,11.81,25.8,2501.3,2161.9,12.25,25.19,2390.0,2035.4,11.82,25.04,2322.8,2008.6,11.89,23.61,2376.3,1956.1,13.01,25.44,2804.6,2319.8,12.53,25.44,2390.8,72.86,12.12,2397.51,70.6,12.12,2507.03,150.67,12.3,2581.57,163.07,12.38,-0.0277,-0.0496,0.0429,0.0463,0.0559,1.215,2253.3,1801.7,1786.2,1200.2,12.28,23.84,-1,WAIT
2024-04-16,1953.7,2253.3,24.54,11.86,122.53,288.2,78.41,610.4,4908.1,7.1922,83.09,50.91,13.01,408.5,6.68,5,3,0,0,1,4,2,0.9638,-0.2666,2258.4,1858.7,12.4,23.7,2423.4,2005.0,11.81,25.8,2501.3,2161.9,12.25,25.19,2363.3,2076.8,11.69,25.18,2477.2,2010.2,12.19,24.69,2597.1,2005.2,12.04,25.48,2375.09,89.69,12.14,2381.52,76.29,12.09,2495.57,156.54,12.29,2573.89,167.52,12.37,-0.0465,-0.0904,0.0145,0.0515,0.0544,1.1534,2126.6,1813.2,1473.7,1171.8,11.83,23.76,-1,WAIT
2024-04-17,1881.0,2126.6,24.59,12.12,119.05,275.86,76.45,614.03,4921.2,7.1737,83.6,51.08,12.82,408.5,6.67,5,3,0,0,2,4,2,0.9591,-0.2831,2253.3,1953.7,11.86,24.54,2258.4,1858.7,12.4,23.7,2423.4,2005.0,11.81,25.8,2407.8,1988.7,12.74,25.0,2337.2,1901.3,12.48,23.9,2646.1,2232.9,12.25,25.74,2334.91,127.57,12.05,2366.48,102.1,12.07,2478.25,167.65,12.29,2563.09,175.07,12.36,-0.1168,-0.0901,-0.0487,0.0507,0.056,1.1306,2185.4,1936.9,1494.5,1002.8,11.59,23.53,-1,WAIT
2024-04-18,1879.0,2185.4,23.17,12.35,125.74,298.86,74.47,588.72,4926.8,7.1426,82.96,50.52,13.3,408.6,6.57,5,4,0,0,3,4,2,0.9541,-0.2996,2126.6,1881.0,12.12,24.59,2253.3,1953.7,11.86,24.54,2258.4,1858.7,12.4,23.7,2391.4,1986.6,12.12,25.22,2401.6,2024.3,12.12,23.88,2838.5,2322.7,12.18,26.4,2305.49,135.86,12.09,2351.04,112.23,12.08,2456.48,161.55,12.29,2553.1,179.26,12.35,-0.0861,-0.09,0.019,0.0477,0.0575,1.1631,2014.2,1884.8,1629.6,974.0,11.16,23.17,-1,WAIT
2024-04-19,1741.2,2014.2,25.76,11.59,117.29,287.22,79.35,613.19,4885.1,7.2085,83.37,52.02,12.56,408.6,6.35,4,3,0,0,4,4,2,0.9488,-0.316,2185.4,1879.0,12.35,23.17,2126.6,1881.0,12.12,24.59,2253.3,1953.7,11.86,24.54,2390.0,2035.4,11.82,25.04,2336.3,2033.3,12.2,23.98,2724.7,2289.6,12.67,25.32,2251.8,167.47,12.05,2328.03,144.0,12.04,2432.8,172.58,12.26,2541.51,191.07,12.33,-0.1572,-0.1379,-0.0195,0.0529,0.0582,1.1568,2065.7,1752.0,1586.4,1085.1,11.14,21.59,-1,WAIT
2024-04-22,1851.8,2065.7,23.71,11.91,122.63,294.25,74.49,592.37,4927.6,7.2253,83.33,51.27,12.93,408.7,6.44,5,4,0,0,0,4,2,0.9312,-0.3645,2014.2,1741.2,11.59,25.76,2185.4,1879.0,12.35,23.17,2126.6,1881.0,12.12,24.59,2501.3,2161.9,12.25,25.19,2460.1,2045.2,11.55,23.46,2726.9,2215.3,12.09,26.87,2189.57,137.57,12.01,2299.86,154.38,12.07,2410.76,175.92,12.25,2528.94,197.15,12.33,-0.1741,-0.1603,-0.0278,0.0497,0.0594,1.1155,2055.6,1671.6,1460.2,1108.9,11.14,22.31,-1,WAIT
2024-04-23,1822.0,2055.6,23.73,11.34,126.41,283.14,77.04,590.66,4986.0,7.1682,83.19,51.73,12.87,408.7,6.8,4,3,0,0,1,4,2,0.9248,-0.3804,2065.7,1851.8,11.91,23.71,2014.2,1741.2,11.59,25.76,2185.4,1879.0,12.35,23.17,2423.4,2005.0,11.81,25.8,2494.4,2001.1,12.38,24.2,2824.4,2184.5,13.03,25.65,2137.03,97.9,11.94,2268.51,156.38,11.99,2385.13,169.46,12.2,2514.88,200.34,12.31,-0.1518,-0.1759,-0.0398,0.0521,0.0615,1.1282,1801.7,1773.7,1481.7,1130.0,12.07,23.27,-1,WAIT
2024-04-24,1594.7,1801.7,23.84,12.28,123.76,290.11,76.37,607.48,4917.6,7.1785,83.45,52.27,12.81,408.8,6.59,4,2,0,0,2,4,2,0.9181,-0.3963,2055.6,1822.0,11.34,23.73,2065.7,1851.8,11.91,23.71,2014.2,1741.2,11.59,25.76,2258.4,1858.7,12.4,23.7,2322.8,2008.6,11.89,23.61,2631.5,2185.7,12.48,25.09,2071.79,144.58,11.92,2231.29,198.74,12.02,2357.47,193.83,12.19,2497.0,215.04,12.3,-0.2022,-0.2243,-0.0097,0.0495,0.0687,1.1298,1813.2,1786.2,1335.7,975.2,11.04,23.39,0,HOLD_NEUTRAL
2024-04-25,1642.9,1813.2,23.76,11.83,129.13,291.93,78.3,617.34,4890.1,7.1301,83.7,51.62,12.78,408.8,6.52,5,3,0,0,3,4,2,0.9112,-0.412,1801.7,1594.7,12.28,23.84,2055.6,1822.0,11.34,23.73,2065.7,1851.8,11.91,23.71,2253.3,1953.7,11.86,24.54,2363.3,2076.8,11.69,25.18,2659.9,2246.1,11.88,25.46,2008.91,148.14,11.92,2192.0,223.47,12.03,2329.25,209.3,12.19,2479.99,227.93,12.3,-0.1953,-0.2328,-0.0025,0.0522,0.0712,1.1037,1936.9,1473.7,1233.2,972.0,11.0,22.82,-1,WAIT
2024-04-26,1652.0,1936.9,23.53,11.59,125.92,293.27,78.89,612.79,4929.2,7.1632,83.23,51.45,12.92,408.8,6.37,4,3,0,0,4,4,2,0.9039,-0.4276,1813.2,1642.9,11.83,23.76,1801.7,1594.7,12.28,23.84,2055.6,1822.0,11.34,23.73,2126.6,1881.0,12.12,24.59,2407.8,1988.7,12.74,25.0,2592.4,2185.4,12.97,24.48,1981.81,140.16,11.84,2158.36,223.93,11.95,2307.4,215.02,12.14,2466.39,235.59,12.27,-0.0892,-0.1956,-0.0437,0.0529,0.065,1.1725,1884.8,1494.5,1234.3,989.7,10.77,21.64,-1,WAIT
2024-04-29,1720.5,1884.8,23.17,11.16,120.29,282.46,76.27,588.58,4913.0,7.1916,83.26,51.63,12.88,408.9,6.29,4,4,0,0,0,4,2,0.8807,-0.4737,1936.9,1652.0,11.59,23.53,1813.2,1642.9,11.83,23.76,1801.7,1594.7,12.28,23.84,2185.4,1879.0,12.35,23.17,2391.4,1986.6,12.12,25.22,2386.6,1974.3,12.32,24.42,1938.87,110.24,11.67,2122.18,224.31,11.88,2290.67,227.78,12.1,2451.08,243.04,12.26,-0.1375,-0.2118,-0.0964,0.0527,0.0638,1.0955,1752.0,1629.6,1194.8,1140.8,11.08,21.51,-1,WAIT
2024-04-30,1588.1,1752.0,21.59,11.14,122.2,299.37,74.99,579.29,4892.3,7.1871,83.48,51.58,12.85,409.0,6.49,4,3,0,0,1,4,2,0.8724,-0.4888,1884.8,1720.5,11.16,23.17,1936.9,1652.0,11.59,23.53,1813.2,1642.9,11.83,23.76,2014.2,1741.2,11.59,25.76,2390.0,2035.4,11.82,25.04,2484.7,2074.5,12.65,25.2,1901.41,124.06,11.61,2076.61,230.44,11.83,2266.25,244.9,12.05,2435.4,257.12,12.24,-0.1302,-0.2669,-0.0388,0.052,0.0697,1.1032,1671.6,1586.4,1221.5,1177.2,10.96,22.84,-1,WAIT
2024-05-01,1528.1,1671.6,22.31,11.14,121.7,285.47,77.31,612.11,4945.2,7.1615,83.56,52.24,12.67,409.0,6.81,3,3,0,0,2,5,2,0.8639,-0.5037,1752.0,1588.1,11.14,21.59,1884.8,1720.5,11.16,23.17,1936.9,1652.0,11.59,23.53,2065.7,1851.8,11.91,23.71,2501.3,2161.9,12.25,25.19,2583.0,2106.5,12.3,25.17,1845.11,126.48,11.5,2017.34,219.23,11.75,2235.87,260.3,12.01,2418.59,273.31,12.21,-0.1908,-0.3317,-0.0647,0.0549,0.0728,1.0939,1773.7,1460.2,1102.0,1229.3,10.74,22.64,-1,WAIT
2024-05-02,1613.6,1773.7,23.27,12.07,116.52,276.95,75.39,607.43,4916.6,7.1687,83.31,51.74,12.61,409.0,6.52,5,4,0,0,3,5,2,0.8551,-0.5185,1671.6,1528.1,11.14,22.31,1752.0,1588.1,11.14,21.59,1884.8,1720.5,11.16,23.17,2055.6,1822.0,11.34,23.73,2423.4,2005.0,11.81,25.8,2530.6,2058.7,12.58,26.66,1804.84,87.01,11.6,1970.94,193.98,11.77,2210.64,267.33,12.0,2403.52,283.51,12.21,-0.1371,-0.2681,0.0644,0.0503,0.0657,1.0992,1786.2,1481.7,1095.3,1290.7,11.28,22.65,-1,WAIT
2024-05-03,1625.2,1786.2,23.39,11.04,118.3,288.24,80.38,618.91,4920.7,7.1637,83.27,51.28,12.88,409.1,6.71,4,3,0,0,4,5,2,0.846,-0.5331,1773.7,1613.6,12.07,23.27,1671.6,1528.1,11.14,22.31,1752.0,1588.1,11.14,21.59,1801.7,1594.7,12.28,23.84,2258.4,1858.7,12.4,23.7,2580.0,2179.0,12.83,24.68,1802.63,87.3,11.42,1937.21,180.75,11.67,2184.18,268.79,11.94,2388.16,291.59,12.19,-0.0086,-0.2091,-0.101,0.0561,0.0662,1.0991,1473.7,1335.7,1176.3,1272.6,10.86,21.31,-1,WAIT
2024-05-06,1467.9,1473.7,22.82,11.0,119.24,288.86,77.14,610.02,4951.4,7.1695,82.81,52.16,12.86,409.2,6.5,3,3,0,0,0,5,2,0.8174,-0.5761,1786.2,1625.2,11.04,23.39,1773.7,1613.6,12.07,23.27,1671.6,1528.1,11.14,22.31,1813.2,1642.9,11.83,23.76,2253.3,1953.7,11.86,24.54,2463.0,1996.4,12.03,25.26,1754.13,151.3,11.31,1881.52,195.37,11.61,2151.2,293.0,11.9,2368.14,312.08,12.17,-0.1872,-0.346,-0.0702,0.0555,0.0809,1.004,1494.5,1233.2,1167.3,1312.7,10.69,21.85,-1,WAIT
2024-05-07,1466.1,1494.5,21.64,10.77,114.25,289.35,76.37,574.29,4893.5,7.1907,83.18,52.28,12.91,409.2,6.74,4,4,0,0,1,5,2,0.8074,-0.59,1473.7,1467.9,11.0,22.82,1786.2,1625.2,11.04,23.39,1773.7,1613.6,12.07,23.27,1936.9,1652.0,11.59,23.53,2126.6,1881.0,12.12,24.59,2376.3,1956.1,13.01,25.44,1690.93,154.59,11.19,1836.37,207.07,11.52,2121.81,313.18,11.83,2349.18,329.83,12.14,-0.2284,-0.2972,-0.0708,0.0533,0.0764,1.0194,1629.6,1234.3,1200.2,1274.8,9.57,23.56,-1,WAIT
2024-05-08,1515.1,1629.6,21.51,11.08,120.64,297.9,77.5,600.01,4887.4,7.1192,83.1,50.87,12.93,409.2,6.54,4,3,0,0,2,5,2,0.7971,-0.6038,1494.5,1466.1,10.77,21.64,1473.7,1467.9,11.0,22.82,1786.2,1625.2,11.04,23.39,1884.8,1720.5,11.16,23.17,2185.4,1879.0,12.35,23.17,2477.2,2010.2,12.19,24.69,1654.47,129.27,11.18,1796.67,187.34,11.42,2093.56,318.2,11.79,2332.87,340.81,12.12,-0.1354,-0.2543,-0.0072,0.0542,0.074,1.0756,1586.4,1194.8,1171.8,1169.0,10.59,21.12,-1,WAIT
2024-05-09,1533.5,1586.4,22.84,10.96,119.41,285.44,74.89,588.88,4973.0,7.1762,83.56,52.46,12.84,409.3,6.36,5,3,0,0,3,5,2,0.7866,-0.6175,1629.6,1515.1,11.08,21.51,1494.5,1466.1,10.77,21.64,1473.7,1467.9,11.0,22.82,1752.0,1588.1,11.14,21.59,2014.2,1741.2,11.59,25.76,2337.2,1901.3,12.48,23.9,1630.81,123.47,11.15,1766.11,183.99,11.38,2068.53,327.76,11.74,2313.59,349.81,12.08,-0.0945,-0.2124,-0.0162,0.0537,0.0753,1.0345,1460.2,1221.5,1002.8,1137.1,9.92,20.24,-1,WAIT
2024-05-10,1434.6,1460.2,22.64,10.74,114.57,285.85,75.71,583.91,4883.1,7.1892,83.34,51.83,12.91,409.3,6.55,3,4,0,0,4,5,2,0.7759,-0.6309,1586.4,1533.5,10.96,22.84,1629.6,1515.1,11.08,21.51,1494.5,1466.1,10.77,21.64,1671.6,1528.1,11.14,22.31,2065.7,1851.8,11.91,23.71,2401.6,2024.3,12.12,23.88,1600.61,136.95,11.09,1722.86,179.26,11.3,2037.15,339.63,11.69,2295.91,365.6,12.05,-0.1265,-0.2931,-0.0359,0.0544,0.0785,1.0178,1481.7,1102.0,974.0,1203.9,10.69,20.58,-1,WAIT
2024-05-13,1407.0,1481.7,22.65,11.28,120.93,278.0,79.77,611.17,4919.9,7.1622,83.35,51.8,12.79,409.4,6.96,4,4,0,0,0,5,2,0.7423,-0.6701,1460.2,1434.6,10.74,22.64,1586.4,1533.5,10.96,22.84,1629.6,1515.1,11.08,21.51,1773.7,1613.6,12.07,23.27,2055.6,1822.0,11.34,23.73,2336.3,2033.3,12.2,23.98,1558.9,118.69,10.98,1681.87,162.12,11.29,2008.66,349.37,11.66,2279.04,379.41,12.03,-0.1646,-0.2792,-0.0655,0.0542,0.0816,1.0531,1335.7,1095.3,1085.1,1193.2,10.92,21.26,-1,WAIT
2024-05-14,1328.6,1335.7,21.31,10.86,121.64,291.94,76.57,592.66,4892.2,7.1652,83.42,52.2,13.26,409.4,6.95,4,3,0,0,1,5,2,0.7306,-0.6828,1481.7,1407.0,11.28,22.65,1460.2,1434.6,10.74,22.64,1586.4,1533.5,10.96,22.84,1786.2,1625.2,11.04,23.39,1801.7,1594.7,12.28,23.84,2460.1,2045.2,11.55,23.46,1494.54,94.59,10.96,1648.59,182.21,11.19,1971.18,359.44,11.64,2261.17,398.03,12.0,-0.2522,-0.2586,-0.0163,0.0546,0.0911,1.0053,1233.2,1176.3,1108.9,1188.2,9.93,19.59,-1,WAIT
2024-05-15,1261.8,1233.2,21.85,10.69,119.79,286.69,76.01,600.41,4939.4,7.1663,83.21,51.35,12.8,409.5,6.69,4,3,0,0,2,5,2,0.7188,-0.6952,1335.7,1328.6,10.86,21.31,1481.7,1407.0,11.28,22.65,1460.2,1434.6,10.74,22.64,1473.7,1467.9,11.0,22.82,1813.2,1642.9,11.83,23.76,2494.4,2001.1,12.38,24.2,1460.19,137.41,10.91,1607.16,206.26,11.11,1929.14,369.74,11.58,2241.22,418.86,11.97,-0.1632,-0.3199,-0.0282,0.0562,0.0971,0.9773,1234.3,1167.3,1130.0,1225.1,10.53,21.38,-1,WAIT
2024-05-16,1295.2,1234.3,23.56,9.57,117.74,281.67,79.01,615.05,4972.5,7.1656,83.83,52.19,12.89,409.5,6.56,4,3,0,0,3,5,2,0.7067,-0.7075,1233.2,1261.8,10.69,21.85,1335.7,1328.6,10.86,21.31,1481.7,1407.0,11.28,22.65,1494.5,1466.1,10.77,21.64,1936.9,1652.0,11.59,23.53,2322.8,2008.6,11.89,23.61,1423.01,159.93,10.74,1556.97,205.33,10.96,1892.86,382.95,11.51,2220.41,437.27,11.95,-0.1741,-0.3627,-0.1114,0.0643,0.0954,0.953,1194.8,1200.2,975.2,1238.4,10.33,21.39,0,HOLD_NEUTRAL
2024-05-17,1226.3,1194.8,21.12,10.59,120.38,270.05,80.33,599.4,4962.6,7.1804,83.77,51.47,12.82,409.5,6.65,3,4,0,0,4,5,2,0.6945,-0.7195,1234.3,1295.2,9.57,23.56,1233.2,1261.8,10.69,21.85,1335.7,1328.6,10.86,21.31,1629.6,1515.1,11.08,21.51,1884.8,1720.5,11.16,23.17,2363.3,2076.8,11.69,25.18,1360.9,150.48,10.67,1507.69,203.39,10.92,1853.91,392.75,11.47,2198.15,454.86,11.92,-0.2668,-0.3661,-0.0442,0.0566,0.1008,0.9743,1221.5,1171.8,972.0,1140.3,11.08,22.32,0,HOLD_NEUTRAL
2024-05-20,1242.2,1221.5,20.24,9.92,120.37,294.67,79.64,596.12,5045.9,7.1848,83.87,50.88,12.82,409.6,6.64,5,3,0,0,0,5,2,0.6564,-0.7544,1194.8,1226.3,10.59,21.12,1234.3,1295.2,9.57,23.56,1233.2,1261.8,10.69,21.85,1586.4,1533.5,10.96,22.84,1752.0,1588.1,11.14,21.59,2407.8,1988.7,12.74,25.0,1308.77,119.32,10.52,1469.79,203.79,10.84,1814.37,394.77,11.38,2177.54,470.62,11.87,-0.23,-0.3028,-0.0949,0.0601,0.0985,0.9833,1102.0,1002.8,989.7,1027.9,10.42,21.64,-1,WAIT
2024-05-21,1283.7,1102.0,20.58,10.69,118.88,274.14,80.29,618.71,5001.3,7.1181,83.64,51.15,12.98,409.7,6.56,4,3,0,0,1,5,2,0.6433,-0.7656,1221.5,1242.2,9.92,20.24,1194.8,1226.3,10.59,21.12,1234.3,1295.2,9.57,23.56,1460.2,1434.6,10.74,22.64,1671.6,1528.1,11.14,22.31,2391.4,1986.6,12.12,25.22,1257.6,120.36,10.51,1429.11,216.84,10.8,1771.39,399.94,11.33,2154.88,489.08,11.85,-0.2453,-0.3408,-0.0047,0.0579,0.1079,0.8585,1095.3,974.0,1140.8,1083.9,10.96,21.26,-1,WAIT
2024-05-22,1228.0,1095.3,21.26,10.92,114.96,278.41,77.29,611.07,4931.8,7.2009,83.47,52.02,12.95,409.7,6.66,5,3,0,0,2,5,2,0.6301,-0.7765,1102.0,1283.7,10.69,20.58,1221.5,1242.2,9.92,20.24,1194.8,1226.3,10.59,21.12,1481.7,1407.0,11.28,22.65,1773.7,1613.6,12.07,23.27,2390.0,2035.4,11.82,25.04,1202.4,83.37,10.46,1380.65,209.59,10.72,1728.23,400.74,11.3,2130.84,505.13,11.82,-0.2608,-0.3825,-0.0319,0.056,0.105,0.8919,1176.3,1085.1,1177.2,873.7,10.64,19.61,0,HOLD_NEUTRAL
2024-05-23,1194.8,1176.3,19.59,9.93,118.19,285.03,76.25,565.5,4923.7,7.1728,83.89,51.19,12.88,409.7,6.61,4,3,0,0,3,5,2,0.6166,-0.7873,1095.3,1228.0,10.92,21.26,1102.0,1283.7,10.69,20.58,1221.5,1242.2,9.92,20.24,1335.7,1328.6,10.86,21.31,1786.2,1625.2,11.04,23.39,2501.3,2161.9,12.25,25.19,1179.63,59.15,10.33,1337.09,180.12,10.64,1684.06,385.32,11.22,2107.91,516.78,11.77,-0.1193,-0.3415,-0.0856,0.0569,0.1005,0.9845,1167.3,1108.9,1229.3,846.3,10.59,21.63,-1,WAIT
2024-05-24,1255.6,1167.3,21.38,10.53,120.83,272.86,81.66,629.3,5061.5,7.2397,83.32,52.6,12.92,409.8,6.5,4,3,0,0,4,5,2,0.603,-0.7978,1176.3,1194.8,9.93,19.59,1095.3,1228.0,10.92,21.26,1102.0,1283.7,10.69,20.58,1233.2,1261.8,10.69,21.85,1473.7,1467.9,11.0,22.82,2423.4,2005.0,11.81,25.8,1170.21,54.24,10.31,1315.2,180.86,10.61,1642.19,370.16,11.18,2083.71,526.34,11.74,-0.0534,-0.2079,-0.015,0.0598,0.1035,0.9297,1200.2,1130.0,1290.7,997.4,10.57,21.58,0,HOLD_NEUTRAL
2024-05-27,1254.0,1200.2,21.39,10.33,114.8,270.13,78.53,607.7,5007.4,7.1467,83.3,52.38,12.84,409.9,6.32,3,3,0,0,0,5,2,0.561,-0.8278,1167.3,1255.6,10.53,21.38,1176.3,1194.8,9.93,19.59,1095.3,1228.0,10.92,21.26,1234.3,1295.2,9.57,23.56,1494.5,1466.1,10.77,21.64,2258.4,1858.7,12.4,23.7,1165.34,48.78,10.42,1294.18,175.44,10.58,1606.92,359.68,11.11,2056.98,529.84,11.7,-0.0276,-0.1969,0.0794,0.0588,0.0957,0.9571,1171.8,975.2,1272.6,963.6,10.68,20.94,-1,WAIT
2024-05-28,1249.5,1171.8,22.32,11.08,123.13,264.89,78.82,632.61,4992.0,7.1566,83.37,52.47,13.07,409.9,6.46,4,4,0,0,1,5,2,0.5467,-0.8373,1200.2,1254.0,10.33,21.39,1167.3,1255.6,10.53,21.38,1176.3,1194.8,9.93,19.59,1194.8,1226.3,10.59,21.12,1629.6,1515.1,11.08,21.51,2253.3,1953.7,11.86,24.54,1162.06,47.22,10.49,1261.48,148.74,10.58,1570.87,346.62,11.08,2033.22,537.11,11.69,-0.0193,-0.2809,0.0463,0.0571,0.1051,0.9378,1002.8,972.0,1312.7,851.1,9.75,19.58,-1,WAIT
2024-05-29,1128.7,1002.8,21.64,10.42,114.43,285.71,81.81,631.71,4975.1,7.1768,83.66,51.81,13.4,409.9,6.71,5,3,0,0,2,5,2,0.5322,-0.8466,1171.8,1249.5,11.08,22.32,1200.2,1254.0,10.33,21.39,1167.3,1255.6,10.53,21.38,1221.5,1242.2,9.92,20.24,1586.4,1533.5,10.96,22.84,2126.6,1881.0,12.12,24.59,1130.81,68.77,10.56,1219.79,131.45,10.54,1533.41,345.22,11.03,2005.83,547.14,11.66,-0.179,-0.3679,0.0504,0.0606,0.1141,0.8885,974.0,989.7,1274.8,881.4,10.67,20.72,0,HOLD_NEUTRAL
2024-05-30,1162.8,974.0,21.26,10.96,115.92,275.7,80.58,632.53,4983.2,7.1955,83.34,51.89,12.81,410.0,6.54,5,2,0,0,3,5,2,0.5176,-0.8556,1002.8,1128.7,10.42,21.64,1171.8,1249.5,11.08,22.32,1200.2,1254.0,10.33,21.39,1102.0,1283.7,10.69,20.58,1460.2,1434.6,10.74,22.64,2185.4,1879.0,12.35,23.17,1112.53,91.1,10.6,1185.06,127.21,10.56,1493.03,337.08,10.98,1974.76,551.97,11.64,-0.1162,-0.333,0.0253,0.0577,0.119,0.8376,1085.1,1140.8,1169.0,917.4,10.51,20.36,1,CHARTER_NOW
2024-05-31,1191.8,1085.1,19.61,10.64,113.36,301.23,80.55,629.46,4922.9,7.1248,83.5,51.09,13.07,410.0,6.6,4,2,0,0,4,5,2,0.5028,-0.8644,974.0,1162.8,10.96,21.26,1002.8,1128.7,10.42,21.64,1171.8,1249.5,11.08,22.32,1095.3,1228.0,10.92,21.26,1481.7,1407.0,11.28,22.65,2014.2,1741.2,11.59,25.76,1111.07,91.5,10.56,1156.74,96.53,10.51,1462.06,330.15,10.95,1947.43,554.79,11.6,-0.0093,-0.2677,-0.0256,0.0592,0.1045,0.9105,1108.9,1177.2,1137.1,982.2,11.05,20.28,1,CHARTER_NOW
2024-06-03,1186.6,1108.9,21.63,10.59,115.93,271.29,83.79,624.17,4983.7,7.1591,83.16,52.3,13.01,410.1,6.48,4,3,0,1,0,6,2,0.4575,-0.8892,1085.1,1191.8,10.64,19.61,974.0,1162.8,10.96,21.26,1002.8,1128.7,10.42,21.64,1176.3,1194.8,9.93,19.59,1335.7,1328.6,10.86,21.31,2065.7,1851.8,11.91,23.71,1101.44,86.92,10.65,1140.54,82.14,10.49,1430.17,315.73,10.9,1920.46,555.58,11.58,-0.0573,-0.1698,0.0665,0.0589,0.1045,0.9345,1130.0,1229.3,1203.9,1112.7,10.67,21.51,1,CHARTER_NOW
2024-06-04,1255.3,1130.0,21.58,10.57,109.34,271.32,78.89,625.64,4981.9,7.2019,83.69,51.97,13.13,410.1,6.32,6,4,0,1,1,6,2,0.4422,-0.8969,1108.9,1186.6,10.59,21.63,1085.1,1191.8,10.64,19.61,974.0,1162.8,10.96,21.26,1167.3,1255.6,10.53,21.38,1233.2,1261.8,10.69,21.85,2055.6,1822.0,11.34,23.73,1096.11,83.28,10.66,1133.16,77.7,10.48,1399.31,297.18,10.88,1892.22,551.91,11.54,-0.032,-0.0837,0.0038,0.0592,0.0968,0.9002,975.2,1290.7,1193.2,1110.3,10.55,21.34,1,CHARTER_NOW
2024-06-05,1115.8,975.2,20.94,10.68,112.87,273.46,81.87,639.3,4948.9,7.1559,83.2,52.08,13.14,410.2,6.48,6,3,0,1,2,6,2,0.4267,-0.9044,1130.0,1255.3,10.57,21.58,1108.9,1186.6,10.59,21.63,1085.1,1191.8,10.64,19.61,1200.2,1254.0,10.33,21.39,1234.3,1295.2,9.57,23.56,1801.7,1594.7,12.28,23.84,1063.97,79.76,10.71,1114.66,82.47,10.56,1371.76,296.9,10.83,1864.62,555.71,11.51,-0.1875,-0.2099,0.0339,0.0599,0.1157,0.874,972.0,1272.6,1188.2,1052.6,10.77,23.29,1,CHARTER_NOW
2024-06-06,1108.2,972.0,19.58,9.75,110.82,279.0,80.46,633.21,4962.8,7.2257,83.35,52.7,13.04,410.2,6.32,6,3,0,1,3,6,2,0.4111,-0.9116,975.2,1115.8,10.68,20.94,1130.0,1255.3,10.57,21.58,1108.9,1186.6,10.59,21.63,1171.8,1249.5,11.08,22.32,1194.8,1226.3,10.59,21.12,1813.2,1642.9,11.83,23.76,1035.43,69.88,10.52,1098.74,87.18,10.5,1343.72,293.48,10.76,1836.49,557.49,11.47,-0.1705,-0.1865,-0.12,0.0649,0.114,0.8771,989.7,1312.7,1225.1,965.1,10.39,21.5,1,CHARTER_NOW
2024-06-07,1129.1,989.7,20.72,10.67,114.45,273.12,80.99,677.87,5035.9,7.1712,83.89,51.44,13.0,410.2,6.3,6,3,0,1,4,6,2,0.3953,-0.9185,972.0,1108.2,9.75,19.58,975.2,1115.8,10.68,20.94,1130.0,1255.3,10.57,21.58,1002.8,1128.7,10.42,21.64,1221.5,1242.2,9.92,20.24,1936.9,1652.0,11.59,23.53,1033.56,71.06,10.55,1082.19,84.02,10.55,1312.15,278.01,10.73,1809.78,559.05,11.43,-0.0131,-0.1898,0.024,0.0635,0.1156,0.8765,1140.8,1274.8,1238.4,1001.4,10.02,22.3,1,CHARTER_NOW
2024-06-10,1205.5,1140.8,20.36,10.51,116.9,280.71,83.42,622.22,4981.9,7.1585,83.9,51.71,12.92,410.3,6.75,6,3,0,1,0,6,2,0.3474,-0.9377,989.7,1129.1,10.67,20.72,972.0,1108.2,9.75,19.58,975.2,1115.8,10.68,20.94,974.0,1162.8,10.96,21.26,1102.0,1283.7,10.69,20.58,1884.8,1720.5,11.16,23.17,1057.39,75.59,10.49,1084.96,85.36,10.54,1287.35,257.6,10.7,1789.01,560.4,11.4,0.1713,0.0352,-0.0411,0.0592,0.1025,0.9463,1177.2,1169.0,1140.3,1148.8,10.8,20.11,0,HOLD_NEUTRAL
2024-06-11,1233.9,1177.2,20.28,11.05,115.49,268.25,81.73,656.49,5059.9,7.204,83.71,51.96,12.86,410.4,6.43,6,3,0,1,1,6,2,0.3312,-0.9436,1140.8,1205.5,10.51,20.36,989.7,1129.1,10.67,20.72,972.0,1108.2,9.75,19.58,1085.1,1191.8,10.64,19.61,1095.3,1228.0,10.92,21.26,1752.0,1588.1,11.14,21.59,1070.54,88.18,10.55,1090.81,88.86,10.55,1268.19,242.8,10.7,1767.22,558.31,11.38,0.0849,0.0748,0.0385,0.0594,0.0981,0.954,1229.3,1137.1,1027.9,1127.1,10.86,20.99,0,HOLD_NEUTRAL
2024-06-12,1237.4,1229.3,21.51,10.67,105.53,264.7,81.94,633.76,4927.7,7.2341,83.69,51.27,12.99,410.4,6.36,6,4,0,1,2,6,2,0.3149,-0.9491,1177.2,1233.9,11.05,20.28,1140.8,1205.5,10.51,20.36,989.7,1129.1,10.67,20.72,1108.9,1186.6,10.59,21.63,1176.3,1194.8,9.93,19.59,1671.6,1528.1,11.14,22.31,1087.74,106.71,10.56,1094.59,93.77,10.6,1253.45,230.58,10.69,1744.66,552.1,11.35,0.1086,0.0451,0.0076,0.0594,0.0858,0.9935,1290.7,1203.9,1083.9,1093.1,10.86,21.49,0,HOLD_NEUTRAL
2024-06-13,1268.5,1290.7,21.34,10.55,119.36,261.04,83.06,648.25,4971.5,7.1986,83.5,51.69,12.76,410.4,6.83,5,3,0,1,3,6,2,0.2986,-0.9544,1229.3,1237.4,10.67,21.51,1177.2,1233.9,11.05,20.28,1140.8,1205.5,10.51,20.36,1130.0,1255.3,10.57,21.58,1167.3,1255.6,10.53,21.38,1773.7,1613.6,12.07,23.27,1110.7,131.68,10.55,1103.41,106.12,10.6,1237.35,208.83,10.63,1723.99,545.35,11.32,0.1422,0.1057,-0.0019,0.0614,0.0925,1.0175,1272.6,1193.2,873.7,1164.2,11.12,20.78,-1,WAIT
2024-06-14,1244.5,1272.6,23.29,10.77,113.47,257.31,80.62,627.7,4936.7,7.2242,83.44,52.06,12.9,410.5,6.66,6,3,0,1,4,6,2,0.2821,-0.9594,1290.7,1268.5,10.55,21.34,1229.3,1237.4,10.67,21.51,1177.2,1233.9,11.05,20.28,975.2,1115.8,10.68,20.94,1200.2,1254.0,10.33,21.39,1786.2,1625.2,11.04,23.39,1153.19,128.61,10.57,1108.58,112.75,10.64,1220.23,181.56,10.63,1702.2,536.61,11.28,0.305,0.0603,0.0084,0.0583,0.0892,1.0226,1312.7,1188.2,846.3,1163.6,10.38,21.0,-1,WAIT
2024-06-17,1250.5,1312.7,21.5,10.39,109.75,269.57,79.92,618.39,4952.0,7.2373,83.57,51.61,13.25,410.6,6.42,7,5,0,1,0,6,2,0.2322,-0.9727,1272.6,1244.5,10.77,23.29,1290.7,1268.5,10.55,21.34,1229.3,1237.4,10.67,21.51,972.0,1108.2,9.75,19.58,1171.8,1249.5,11.08,22.32,1473.7,1467.9,11.0,22.82,1201.86,112.01,10.66,1118.64,124.51,10.59,1214.86,176.11,10.61,1683.03,529.47,11.25,0.3505,0.1202,0.0656,0.0595,0.0836,1.0497,1274.8,1225.1,997.4,1188.4,10.26,21.42,-1,WAIT
2024-06-18,1251.9,1274.8,22.3,10.02,112.44,270.66,79.71,615.16,4966.5,7.1596,83.29,52.52,13.05,410.6,6.57,6,3,0,1,1,6,2,0.2155,-0.9765,1312.7,1250.5,10.39,21.5,1272.6,1244.5,10.77,23.29,1290.7,1268.5,10.55,21.34,989.7,1129.1,10.67,20.72,1002.8,1128.7,10.42,21.64,1494.5,1466.1,10.77,21.64,1242.59,63.22,10.57,1138.07,126.25,10.56,1207.54,168.48,10.58,1664.67,524.1,11.2,0.2881,0.2712,-0.0609,0.0614,0.0882,1.0183,1169.0,1238.4,963.6,1318.3,10.92,21.74,0,HOLD_NEUTRAL
2024-06-19,1219.5,1169.0,20.11,10.8,112.21,267.64,78.2,615.7,5007.7,7.2156,83.73,50.97,13.21,410.6,6.44,6,3,0,1,2,6,2,0.1986,-0.9801,1274.8,1251.9,10.02,22.3,1312.7,1250.5,10.39,21.5,1272.6,1244.5,10.77,23.29,1140.8,1205.5,10.51,20.36,974.0,1162.8,10.96,21.26,1629.6,1515.1,11.08,21.51,1246.61,56.16,10.61,1152.0,117.19,10.55,1192.18,148.49,10.57,1642.87,516.88,11.18,0.0247,0.2002,0.0276,0.057,0.096,0.9586,1137.1,1140.3,851.1,1226.4,10.56,22.58,0,HOLD_NEUTRAL
2024-06-20,1212.9,1137.1,20.99,10.86,109.22,281.17,85.59,643.79,5007.1,7.142,83.69,52.42,13.32,410.7,6.34,6,4,0,1,3,6,2,0.1818,-0.9833,1169.0,1219.5,10.8,20.11,1274.8,1251.9,10.02,22.3,1312.7,1250.5,10.39,21.5,1177.2,1233.9,11.05,20.28,1085.1,1191.8,10.64,19.61,1586.4,1533.5,10.96,22.84,1240.89,65.66,10.58,1155.71,115.72,10.56,1177.21,128.7,10.57,1622.87,512.76,11.15,-0.0341,0.0479,-0.0172,0.0593,0.0961,0.9375,1203.9,1027.9,881.4,1200.7,10.19,21.2,-1,WAIT
2024-06-21,1236.9,1203.9,21.49,10.86,111.7,280.52,80.05,633.35,4975.2,7.2006,83.45,52.16,13.0,410.7,6.57,6,3,0,1,4,6,2,0.1648,-0.9863,1137.1,1212.9,10.86,20.99,1169.0,1219.5,10.8,20.11,1274.8,1251.9,10.02,22.3,1229.3,1237.4,10.67,21.51,1108.9,1186.6,10.59,21.63,1460.2,1434.6,10.74,22.64,1237.26,67.09,10.61,1162.5,115.55,10.58,1168.66,117.27,10.57,1602.91,505.19,11.13,-0.0207,0.0857,0.0178,0.0583,0.0928,0.9733,1193.2,1083.9,917.4,1215.0,10.5,21.37,-1,WAIT
2024-06-24,1125.9,1193.2,20.78,11.12,108.83,268.26,81.79,631.15,4924.4,7.1864,84.1,51.49,13.08,410.8,6.41,4,4,0,1,0,6,2,0.1137,-0.9935,1203.9,1236.9,10.86,21.49,1137.1,1212.9,10.86,20.99,1169.0,1219.5,10.8,20.11,1290.7,1268.5,10.55,21.34,1130.0,1255.3,10.57,21.58,1481.7,1407.0,11.28,22.65,1223.33,64.21,10.69,1167.01,115.41,10.62,1159.05,101.48,10.57,1583.86,498.58,11.11,-0.0755,0.0559,0.054,0.0568,0.0912,1.0598,1188.2,873.7,982.2,1191.5,10.14,21.01,-1,WAIT
2024-06-25,1319.2,1188.2,21.0,10.38,109.19,256.77,81.83,622.91,5055.3,7.2261,83.86,51.29,12.98,410.8,6.48,6,3,0,1,1,6,2,0.0966,-0.9953,1193.2,1125.9,11.12,20.78,1203.9,1236.9,10.86,21.49,1137.1,1212.9,10.86,20.99,1272.6,1244.5,10.77,23.29,975.2,1115.8,10.68,20.94,1335.7,1328.6,10.86,21.31,1211.27,61.27,10.63,1182.23,101.37,10.6,1154.13,96.05,10.55,1562.66,487.61,11.1,-0.0663,0.2184,-0.0362,0.06,0.0919,0.9007,1225.1,846.3,1112.7,1278.1,9.64,20.9,-1,WAIT
2024-06-26,1318.4,1225.1,21.42,10.26,108.0,265.44,83.03,639.21,4994.7,7.2242,83.89,50.66,12.88,410.8,6.67,6,4,0,1,2,6,2,0.0795,-0.9968,1188.2,1319.2,10.38,21.0,1193.2,1125.9,11.12,20.78,1203.9,1236.9,10.86,21.49,1312.7,1250.5,10.39,21.5,972.0,1108.2,9.75,19.58,1233.2,1261.8,10.69,21.85,1198.76,43.46,10.61,1200.31,81.64,10.64,1153.86,95.83,10.54,1541.5,473.84,11.06,-0.0667,0.2604,-0.0125,0.0623,0.0882,0.9292,1238.4,997.4,1110.3,1346.9,10.57,21.32,-1,WAIT
2024-06-27,1294.9,1238.4,21.74,10.92,105.33,264.65,84.09,666.91,4966.8,7.2063,83.6,51.36,12.85,410.9,6.64,7,3,0,1,3,6,2,0.0623,-0.9981,1225.1,1318.4,10.26,21.42,1188.2,1319.2,10.38,21.0,1193.2,1125.9,11.12,20.78,1274.8,1251.9,10.02,22.3,989.7,1129.1,10.67,20.72,1234.3,1295.2,9.57,23.56,1193.56,33.99,10.74,1218.07,55.0,10.65,1154.0,95.95,10.58,1523.43,464.11,11.04,-0.0286,0.2513,0.0898,0.0611,0.0851,0.9564,1140.3,963.6,1052.6,1099.6,10.06,20.67,-1,WAIT
2024-06-28,1305.2,1140.3,22.58,10.56,110.1,263.69,84.32,646.92,5016.6,7.1984,83.73,52.37,13.21,410.9,6.35,6,4,0,1,4,6,2,0.0451,-0.999,1238.4,1294.9,10.92,21.74,1225.1,1318.4,10.26,21.42,1188.2,1319.2,10.38,21.0,1169.0,1219.5,10.8,20.11,1140.8,1205.5,10.51,20.36,1194.8,1226.3,10.59,21.12,1189.46,38.83,10.71,1218.04,55.06,10.66,1152.18,95.67,10.58,1503.04,453.33,11.02,-0.0246,-0.0004,-0.0222,0.0613,0.0966,0.8737,1027.9,851.1,965.1,1071.2,10.45,20.78,-1,WAIT
2024-07-01,1089.0,1027.9,21.2,10.19,111.23,262.84,81.86,640.94,5017.6,7.2053,83.91,51.77,13.09,411.0,6.55,5,4,0,1,0,7,3,-0.0065,-1.0,1140.3,1305.2,10.56,22.58,1238.4,1294.9,10.92,21.74,1225.1,1318.4,10.26,21.42,1137.1,1212.9,10.86,20.99,1177.2,1233.9,11.05,20.28,1221.5,1242.2,9.92,20.24,1173.86,71.54,10.61,1207.37,74.57,10.6,1145.73,97.35,10.59,1480.05,441.5,10.98,-0.096,-0.1268,-0.0617,0.0629,0.1082,0.9439,1083.9,881.4,1001.4,1148.3,10.15,21.45,-1,WAIT
2024-07-02,1268.1,1083.9,21.37,10.5,110.73,262.64,82.75,633.92,5000.3,7.1922,83.8,52.44,13.42,411.0,6.22,6,3,0,1,1,7,3,-0.0237,-0.9997,1027.9,1089.0,10.19,21.2,1140.3,1305.2,10.56,22.58,1238.4,1294.9,10.92,21.74,1203.9,1236.9,10.86,21.49,1229.3,1237.4,10.67,21.51,1102.0,1283.7,10.69,20.58,1156.71,77.28,10.56,1196.99,81.12,10.58,1145.12,97.68,10.58,1458.26,427.81,10.96,-0.0997,-0.1183,-0.0331,0.0604,0.1022,0.8547,873.7,917.4,1148.8,1300.3,10.94,21.77,-1,WAIT
2024-07-03,990.9,873.7,21.01,10.14,111.43,264.1,83.7,658.24,5017.9,7.1887,84.17,51.45,13.25,411.1,6.53,5,4,0,1,2,7,3,-0.0408,-0.9992,1083.9,1268.1,10.5,21.37,1027.9,1089.0,10.19,21.2,1140.3,1305.2,10.56,22.58,1193.2,1125.9,11.12,20.78,1290.7,1268.5,10.55,21.34,1095.3,1228.0,10.92,21.26,1111.07,129.11,10.42,1167.2,113.97,10.56,1137.74,109.27,10.56,1432.98,416.48,10.93,-0.2678,-0.3231,-0.0881,0.0649,0.1275,0.8817,846.3,982.2,1127.1,1305.6,11.0,20.71,1,CHARTER_NOW
2024-07-04,1033.5,846.3,20.9,9.64,109.57,261.7,82.88,651.8,4973.5,7.234,83.72,52.18,12.91,411.1,6.47,5,2,0,1,3,7,3,-0.058,-0.9983,873.7,990.9,10.14,21.01,1083.9,1268.1,10.5,21.37,1027.9,1089.0,10.19,21.2,1188.2,1319.2,10.38,21.0,1272.6,1244.5,10.77,23.29,1176.3,1194.8,9.93,19.59,1062.23,156.78,10.32,1136.75,138.05,10.47,1126.74,121.21,10.55,1405.4,398.96,10.88,-0.2877,-0.335,-0.0713,0.0676,0.1295,0.8189,997.4,1112.7,1093.1,1399.8,10.87,21.78,1,CHARTER_NOW
2024-07-05,1054.6,997.4,21.32,10.57,106.56,267.49,86.36,689.4,5041.6,7.2378,83.65,51.4,13.23,411.1,6.51,5,3,0,1,4,7,3,-0.0752,-0.9972,846.3,1033.5,9.64,20.9,873.7,990.9,10.14,21.01,1083.9,1268.1,10.5,21.37,1225.1,1318.4,10.26,21.42,1312.7,1250.5,10.39,21.5,1167.3,1255.6,10.53,21.38,1029.7,140.09,10.36,1114.23,132.75,10.49,1121.07,123.21,10.55,1381.63,379.28,10.86,-0.1859,-0.2402,0.0302,0.0652,0.1068,0.9458,963.6,1110.3,1164.2,1425.1,10.15,21.25,1,CHARTER_NOW
2024-07-08,1097.5,963.6,20.67,10.06,110.68,268.1,84.48,652.36,4983.6,7.1874,83.96,51.26,13.0,411.2,6.37,6,3,0,1,0,7,3,-0.1265,-0.992,997.4,1054.6,10.57,21.32,846.3,1033.5,9.64,20.9,873.7,990.9,10.14,21.01,1238.4,1294.9,10.92,21.74,1274.8,1251.9,10.02,22.3,1200.2,1254.0,10.33,21.39,990.44,106.28,10.24,1092.0,129.82,10.49,1113.19,125.52,10.54,1360.05,365.12,10.82,-0.2219,-0.2441,-0.0788,0.0648,0.1149,0.878,851.1,1052.6,1163.6,1367.0,11.07,21.11,1,CHARTER_NOW
2024-07-09,1044.0,851.1,20.78,10.45,103.39,258.03,85.05,666.38,4998.4,7.199,83.49,51.73,13.31,411.3,6.84,6,3,0,1,1,7,3,-0.1436,-0.9896,963.6,1097.5,10.06,20.67,997.4,1054.6,10.57,21.32,846.3,1033.5,9.64,20.9,1140.3,1305.2,10.56,22.58,1169.0,1219.5,10.8,20.11,1171.8,1249.5,11.08,22.32,949.13,93.79,10.22,1069.29,142.5,10.46,1102.5,133.74,10.52,1336.68,351.6,10.8,-0.2536,-0.2719,-0.0104,0.0638,0.1215,0.8152,881.4,965.1,1188.4,1384.3,10.99,20.55,1,CHARTER_NOW
2024-07-10,1036.4,881.4,21.45,10.15,104.59,273.86,85.05,659.54,5043.5,7.1945,84.05,51.42,12.97,411.3,6.24,6,3,0,1,2,7,3,-0.1606,-0.987,851.1,1044.0,10.45,20.78,963.6,1097.5,10.06,20.67,997.4,1054.6,10.57,21.32,1027.9,1089.0,10.19,21.2,1137.1,1212.9,10.86,20.99,1002.8,1128.7,10.42,21.64,928.2,89.53,10.22,1051.03,149.36,10.41,1098.45,138.61,10.51,1315.93,340.76,10.77,-0.1425,-0.2249,-0.0039,0.065,0.1187,0.8504,917.4,1001.4,1318.3,1521.2,10.6,21.02,1,CHARTER_NOW
2024-07-11,1102.8,917.4,21.77,10.94,104.13,256.45,86.1,681.04,5064.1,7.1439,83.5,50.93,12.86,411.3,6.61,6,3,0,1,3,7,3,-0.1775,-0.9841,881.4,1036.4,10.15,21.45,851.1,1044.0,10.45,20.78,963.6,1097.5,10.06,20.67,1083.9,1268.1,10.5,21.37,1203.9,1236.9,10.86,21.49,974.0,1162.8,10.96,21.26,904.41,57.75,10.28,1030.56,146.4,10.42,1096.56,140.73,10.51,1294.8,324.88,10.74,-0.1536,-0.238,0.0419,0.0623,0.1135,0.8319,982.2,1148.8,1226.4,1489.3,11.3,22.52,1,CHARTER_NOW
2024-07-12,1113.6,982.2,20.71,11.0,110.42,251.14,84.44,645.58,5078.6,7.1824,83.99,51.67,12.91,411.4,6.21,6,3,0,1,4,7,3,-0.1944,-0.9809,917.4,1102.8,10.94,21.77,881.4,1036.4,10.15,21.45,851.1,1044.0,10.45,20.78,873.7,990.9,10.14,21.01,1193.2,1125.9,11.12,20.78,1085.1,1191.8,10.64,19.61,919.91,62.5,10.4,1015.49,139.05,10.41,1093.13,142.26,10.52,1277.6,313.25,10.73,0.1242,-0.1768,0.0848,0.0587,0.1124,0.882,1112.7,1127.1,1200.7,1456.3,10.55,21.53,1,CHARTER_NOW
2024-07-15,1166.0,1112.7,21.78,10.87,109.73,265.6,81.91,645.9,5063.5,7.2411,83.69,51.83,12.93,411.5,6.51,6,3,0,1,0,7,3,-0.2448,-0.9696,982.2,1113.6,11.0,20.71,917.4,1102.8,10.94,21.77,881.4,1036.4,10.15,21.45,846.3,1033.5,9.64,20.9,1188.2,1319.2,10.38,21.0,1108.9,1186.6,10.59,21.63,957.97,86.65,10.58,1010.1,133.18,10.45,1093.26,142.28,10.53,1261.71,296.32,10.72,0.3148,-0.0635,0.1276,0.0594,0.0986,0.9543,1110.3,1093.1,1215.0,1405.7,10.16,21.67,0,HOLD_NEUTRAL
2024-07-16,1162.3,1110.3,21.25,10.15,108.02,256.09,85.08,656.23,5016.3,7.1709,83.97,52.46,12.91,411.5,6.52,6,3,0,1,1,7,3,-0.2614,-0.9652,1112.7,1166.0,10.87,21.78,982.2,1113.6,11.0,20.71,917.4,1102.8,10.94,21.77,997.4,1054.6,10.57,21.32,1225.1,1318.4,10.26,21.42,1130.0,1255.3,10.57,21.58,974.1,103.98,10.52,1001.9,121.98,10.44,1092.6,142.15,10.52,1245.96,277.96,10.7,0.1132,-0.0937,-0.0397,0.0647,0.0973,0.9553,1052.6,1164.2,1191.5,1545.5,10.72,20.98,1,CHARTER_NOW
2024-07-17,1194.2,1052.6,21.11,11.07,109.65,264.1,83.31,645.75,4974.9,7.257,84.09,52.28,12.97,411.5,6.41,4,4,0,1,2,7,3,-0.278,-0.9606,1110.3,1162.3,10.15,21.25,1112.7,1166.0,10.87,21.78,982.2,1113.6,11.0,20.71,963.6,1097.5,10.06,20.67,1238.4,1294.9,10.92,21.74,975.2,1115.8,10.68,20.94,986.81,107.85,10.66,988.63,102.89,10.45,1095.18,140.64,10.53,1233.47,269.26,10.68,0.0924,-0.15,0.1004,0.0583,0.1042,0.8814,965.1,1163.6,1278.1,1627.8,11.48,21.52,1,CHARTER_NOW
2024-07-18,1065.0,965.1,20.55,10.99,103.16,243.14,83.65,649.92,5079.2,7.229,83.91,52.43,13.25,411.6,6.3,6,4,0,1,3,7,3,-0.2945,-0.9557,1052.6,1194.2,11.07,21.11,1110.3,1162.3,10.15,21.25,1112.7,1166.0,10.87,21.78,851.1,1044.0,10.45,20.78,1140.3,1305.2,10.56,22.58,972.0,1108.2,9.75,19.58,1003.1,91.28,10.74,976.11,93.22,10.48,1094.95,140.85,10.57,1219.34,260.42,10.66,0.1339,-0.1536,0.0517,0.0591,0.1069,0.9062,1001.4,1188.4,1346.9,1599.5,10.47,21.79,1,CHARTER_NOW
2024-07-19,1166.6,1001.4,21.02,10.6,106.85,271.09,85.77,666.29,5079.1,7.2061,83.58,52.15,13.44,411.6,6.42,5,3,0,1,4,7,3,-0.3109,-0.9505,965.1,1065.0,10.99,20.55,1052.6,1194.2,11.07,21.11,1110.3,1162.3,10.15,21.25,881.4,1036.4,10.15,21.45,1027.9,1089.0,10.19,21.2,989.7,1129.1,10.67,20.72,1020.24,74.3,10.8,974.22,92.35,10.51,1095.34,140.57,10.57,1203.75,244.24,10.65,0.1361,-0.0258,0.0443,0.0629,0.1067,0.8584,1148.8,1318.3,1099.6,1580.8,11.01,21.5,1,CHARTER_NOW
