date,bdi_index,bci_index,route_c3_usd_per_tonne,route_c5_usd_per_tonne,iron_ore_price_usd,coking_coal_price_usd,brent_crude_usd,bunker_fuel_vlsfo_usd,sp500_index,usd_cny,usd_inr,china_manufacturing_pmi,india_steel_production_mt,capesize_fleet_dwt_m,vessel_orderbook_pct,port_congestion_east_india_days,port_congestion_china_days,is_chinese_new_year,is_monsoon_season
2019-01-02,1943.6,2283.4,22.5,11.71,78.42,130.85,60.89,483.43,2757.7,6.7664,70.03,50.76,8.96,345.1,12.72,4,4,0,0
2019-01-03,1851.2,2249.3,23.63,11.83,74.9,140.41,59.83,481.62,2715.0,6.7387,70.07,50.22,8.95,345.1,12.38,5,3,0,0
2019-01-04,1924.6,2174.5,24.21,11.65,79.51,144.18,61.33,505.73,2700.3,6.8134,69.87,51.12,9.24,345.1,12.67,3,4,0,0
2019-01-07,1906.6,2222.7,23.25,11.36,72.99,133.52,62.99,503.87,2679.4,6.6829,69.74,50.74,9.21,345.2,12.7,4,4,0,0
2019-01-08,1869.8,2309.7,23.03,11.64,74.11,133.2,59.91,508.12,2780.0,6.7753,69.54,50.1,8.97,345.3,12.59,4,4,0,0
2019-01-09,1827.5,2128.9,22.82,10.64,75.02,139.69,59.99,483.17,2728.8,6.7734,70.38,50.27,9.15,345.3,12.22,3,4,0,0
2019-01-10,2034.8,2393.2,23.53,11.69,75.5,125.95,63.34,513.42,2678.5,6.7684,70.19,50.65,8.95,345.3,12.48,5,4,0,0
2019-01-11,1927.8,2288.2,23.14,11.28,74.03,137.98,61.96,512.54,2671.7,6.7577,70.17,50.89,9.34,345.4,12.43,3,3,0,0
2019-01-14,1992.9,2385.4,23.68,11.71,81.98,140.64,59.82,469.75,2760.0,6.7696,70.41,50.56,9.22,345.5,12.36,4,3,0,0
2019-01-15,2007.2,2481.8,22.75,12.57,77.46,141.79,61.72,478.59,2680.9,6.7793,69.79,51.01,9.15,345.5,12.48,5,4,0,0
2019-01-16,2048.2,2406.1,22.52,11.68,79.63,122.34,60.0,469.66,2783.3,6.7317,69.68,50.26,8.97,345.5,12.61,5,4,0,0
2019-01-17,2055.8,2512.8,24.17,11.16,76.9,131.35,60.07,503.65,2623.1,6.7627,70.21,49.9,9.17,345.6,12.36,4,4,0,0
2019-01-18,1917.2,2414.0,23.7,11.51,73.12,130.65,61.43,491.09,2770.5,6.7484,70.2,50.44,9.15,345.6,12.41,5,4,0,0
2019-01-21,1994.1,2394.8,24.0,11.72,80.46,138.18,57.63,502.59,2741.2,6.7218,69.71,50.61,9.3,345.7,12.39,4,3,1,0
2019-01-22,2072.0,2410.9,24.68,11.53,73.7,141.22,58.05,467.98,2729.4,6.7763,70.24,49.86,9.28,345.7,12.67,6,4,1,0
2019-01-23,2125.0,2600.6,24.37,11.66,79.82,149.02,60.22,491.74,2720.3,6.7381,70.06,49.81,9.4,345.8,12.38,5,4,1,0
2019-01-24,2195.4,2544.5,24.64,11.99,75.88,134.27,59.49,503.07,2793.8,6.7103,69.96,50.81,9.15,345.8,12.18,4,4,1,0
2019-01-25,2201.0,2655.6,24.2,11.76,86.83,134.43,61.96,525.42,2753.5,6.7393,70.09,50.36,8.88,345.8,12.11,4,4,1,0
2019-01-28,2076.2,2467.5,24.6,11.51,84.05,146.97,59.84,511.67,2700.6,6.7322,69.58,50.52,9.45,345.9,12.49,4,3,1,0
2019-01-29,2171.3,2652.7,24.17,12.24,81.69,140.75,59.01,495.8,2673.2,6.7872,70.05,50.43,9.07,346.0,12.26,4,4,1,0
2019-01-30,2186.1,2671.1,24.97,11.89,85.61,148.22,64.27,529.35,2740.7,6.7612,70.03,51.49,9.04,346.0,12.54,5,4,1,0
2019-01-31,2083.8,2526.5,24.13,12.07,79.08,141.06,61.31,504.01,2735.6,6.7983,70.35,51.37,9.25,346.0,12.14,4,4,1,0
2019-02-01,2130.1,2601.9,25.17,11.55,83.75,130.39,61.91,510.36,2683.6,6.737,70.18,50.01,9.32,346.1,12.3,5,3,1,0
2019-02-04,2223.9,2683.4,23.55,12.57,83.31,129.25,59.31,476.66,2738.3,6.7839,70.4,50.42,9.16,346.1,12.13,5,4,1,0
2019-02-05,2277.5,2881.7,23.62,12.02,83.73,127.8,60.97,484.76,2721.3,6.8431,69.61,51.21,9.16,346.2,12.48,3,4,1,0
2019-02-06,2069.1,2567.1,24.18,11.86,87.18,144.58,62.22,503.08,2742.9,6.7688,70.04,51.09,9.19,346.2,12.52,5,3,1,0
2019-02-07,2220.9,2807.9,25.2,12.3,85.67,148.7,60.03,486.15,2769.1,6.7842,70.4,50.76,9.56,346.2,12.45,4,4,1,0
2019-02-08,2385.2,2817.1,25.19,12.1,84.47,153.84,62.85,501.95,2797.1,6.7793,70.19,50.18,9.27,346.3,12.17,5,4,1,0
2019-02-11,2320.3,2834.0,25.97,12.38,78.9,146.47,61.17,504.3,2780.1,6.7165,70.5,50.45,9.09,346.4,12.22,4,3,1,0
2019-02-12,2333.2,2871.8,25.64,12.63,81.35,149.04,61.8,511.69,2724.2,6.777,69.84,50.56,9.09,346.4,12.42,4,4,1,0
2019-02-13,2268.7,2877.4,24.87,12.7,84.24,136.14,61.31,498.0,2763.5,6.7688,70.48,51.02,9.23,346.4,12.03,5,3,1,0
2019-02-14,2336.3,2851.8,24.14,12.88,85.16,132.0,65.8,545.2,2754.0,6.7521,70.15,51.82,9.33,346.5,12.32,6,4,1,0
2019-02-15,2277.2,2817.2,24.82,12.17,81.46,147.22,62.52,491.42,2706.3,6.7336,70.13,50.53,9.38,346.5,12.66,5,3,1,0
2019-02-18,2417.7,3010.9,26.24,12.46,93.45,144.15,60.71,490.5,2770.3,6.7816,70.58,50.36,9.32,346.6,12.32,5,3,0,0
2019-02-19,2233.0,2815.4,24.89,13.15,90.8,141.99,64.16,507.72,2822.5,6.7318,70.63,50.89,9.13,346.6,12.05,4,5,0,0
2019-02-20,2429.7,3033.9,25.44,12.76,88.1,144.26,60.56,469.39,2759.8,6.8252,70.61,51.53,9.21,346.7,12.22,4,4,0,0
2019-02-21,2325.3,2916.4,25.74,12.16,86.62,143.95,63.2,508.76,2704.0,6.7648,70.87,50.19,9.45,346.7,12.22,4,3,0,0
2019-02-22,2238.5,2807.4,24.19,12.2,85.93,151.32,59.36,482.22,2762.0,6.7249,70.68,51.81,9.07,346.7,12.77,4,3,0,0
2019-02-25,2382.5,2915.4,25.88,12.37,84.22,151.57,60.57,510.03,2721.9,6.7468,70.18,50.93,9.21,346.8,12.66,3,4,0,0
2019-02-26,2204.1,2814.0,26.32,12.34,87.73,146.11,63.38,518.56,2795.8,6.7541,70.43,50.64,9.43,346.9,12.47,4,4,0,0
2019-02-27,2362.2,2896.8,25.26,12.0,88.53,148.53,64.42,505.77,2785.1,6.8351,70.31,50.19,9.49,346.9,12.26,4,3,0,0
2019-02-28,2337.4,2848.7,24.79,12.39,83.95,146.21,63.47,533.81,2761.9,6.7364,70.91,51.47,9.27,346.9,12.56,4,4,0,0
2019-03-01,2359.2,3004.9,25.85,13.33,89.21,139.06,63.01,523.14,2757.4,6.7597,70.69,51.01,9.23,347.0,12.09,5,4,0,0
2019-03-04,2335.1,2962.6,24.22,12.78,88.3,148.35,62.74,513.63,2765.0,6.7477,70.38,51.22,9.06,347.1,12.53,5,4,0,0
2019-03-05,2386.5,2996.4,25.74,11.62,82.91,132.38,60.69,489.94,2773.9,6.779,70.66,50.65,9.43,347.1,12.49,4,5,0,0
2019-03-06,2465.1,3079.7,26.08,13.04,86.48,150.9,62.11,490.85,2747.7,6.7486,70.14,50.98,9.59,347.1,12.27,4,4,0,0
2019-03-07,2390.7,2997.4,26.73,12.94,88.13,134.2,62.64,501.48,2727.3,6.7303,70.51,50.91,9.84,347.2,12.53,3,4,0,0
2019-03-08,2513.0,3142.6,26.36,12.86,95.72,145.46,65.43,538.0,2816.9,6.7588,70.22,51.14,9.41,347.2,12.21,4,5,0,0
2019-03-11,2499.1,3017.1,26.37,13.06,92.11,137.13,64.21,539.21,2767.0,6.7564,70.06,50.84,9.32,347.3,12.04,4,4,0,0
2019-03-12,2538.6,3256.2,25.98,12.69,86.28,147.77,60.47,509.72,2787.5,6.7478,70.68,50.39,9.15,347.3,12.48,5,3,0,0
2019-03-13,2529.1,3335.7,26.57,12.95,92.33,143.52,64.28,511.27,2792.8,6.7496,70.72,52.75,8.96,347.4,12.27,5,4,0,0
2019-03-14,2661.5,3344.1,25.67,13.56,86.04,131.97,63.06,495.39,2795.2,6.8015,70.61,50.52,9.38,347.4,12.4,5,4,0,0
2019-03-15,2633.2,3232.8,26.32,12.84,94.67,147.23,62.59,507.32,2744.0,6.7566,70.46,51.38,9.81,347.4,12.64,5,4,0,0
2019-03-18,2602.6,3285.8,26.34,12.32,90.36,139.89,64.97,500.54,2729.9,6.7328,70.21,50.32,9.6,347.5,12.12,4,4,0,0
2019-03-19,2447.0,3158.4,26.66,12.95,91.78,150.98,65.77,531.13,2769.1,6.7532,70.24,50.22,9.57,347.6,12.24,4,3,0,0
2019-03-20,2667.4,3427.5,26.83,13.3,96.55,144.53,65.64,524.61,2804.7,6.7689,70.3,51.39,9.4,347.6,12.58,4,4,0,0
2019-03-21,2597.1,3395.3,26.92,13.55,88.4,147.63,62.51,499.46,2766.5,6.7274,70.49,51.44,9.43,347.6,12.39,4,4,0,0
2019-03-22,2615.1,3285.8,26.24,12.94,88.27,137.62,63.51,492.73,2780.7,6.8165,70.82,52.06,8.87,347.7,12.12,5,4,0,0
2019-03-25,2614.0,3440.0,27.07,13.21,91.53,140.53,64.71,526.2,2871.0,6.7944,70.84,51.6,9.51,347.8,12.06,4,4,0,0
2019-03-26,2603.0,3340.7,26.98,13.55,96.94,141.65,65.92,521.85,2733.2,6.8115,70.17,51.31,9.25,347.8,12.14,4,4,0,0
2019-03-27,2577.1,3355.2,26.74,13.1,88.97,151.65,63.34,496.71,2772.5,6.7806,70.42,50.89,9.22,347.8,12.09,4,4,0,0
2019-03-28,2608.0,3315.1,26.91,12.64,84.99,157.94,63.92,480.17,2866.4,6.7062,70.42,52.25,9.3,347.9,12.29,4,4,0,0
2019-03-29,2529.3,3230.6,26.32,13.32,92.83,139.46,62.3,503.33,2799.6,6.8153,69.97,51.95,9.3,347.9,12.25,5,5,0,0
2019-04-01,2621.4,3332.2,26.7,13.25,96.7,153.71,62.18,524.12,2779.9,6.744,70.76,50.77,9.23,348.0,12.28,5,4,0,0
2019-04-02,2571.1,3265.5,26.85,13.22,98.99,129.49,65.84,547.65,2846.7,6.7467,70.57,51.49,9.38,348.0,12.05,4,4,0,0
2019-04-03,2534.5,3287.2,26.38,13.21,93.89,136.93,66.86,529.16,2808.9,6.7751,70.61,51.56,9.27,348.1,12.21,3,3,0,0
2019-04-04,2623.2,3299.8,26.45,12.68,94.27,138.83,64.33,510.19,2795.9,6.8119,70.98,51.3,9.4,348.1,11.81,4,4,0,0
2019-04-05,2667.7,3422.0,28.66,13.2,99.5,136.0,66.3,536.46,2816.0,6.8024,70.67,51.93,9.08,348.1,12.24,4,4,0,0
2019-04-08,2529.0,3278.9,26.03,13.03,90.48,134.39,65.18,511.24,2789.7,6.7987,70.56,51.98,9.35,348.2,12.44,4,5,0,0
2019-04-09,2700.8,3294.9,26.53,13.01,95.44,149.49,63.4,514.76,2778.2,6.7623,70.82,51.43,9.17,348.3,11.92,4,4,0,0
2019-04-10,2694.3,3422.6,27.05,13.81,97.51,144.91,65.25,532.88,2811.0,6.7621,70.95,51.39,9.26,348.3,12.3,5,3,0,0
2019-04-11,2691.0,3466.7,27.49,13.63,98.56,149.48,67.4,553.03,2780.8,6.7825,70.77,52.38,9.42,348.3,12.07,5,3,0,0
2019-04-12,2760.1,3452.1,27.03,13.62,95.71,151.93,64.6,518.05,2817.7,6.7684,70.87,52.08,9.07,348.4,12.35,5,4,0,0
2019-04-15,2758.5,3416.3,27.51,13.38,98.11,148.86,67.51,536.6,2833.1,6.7997,70.68,51.62,9.24,348.4,12.22,5,4,0,0
2019-04-16,2763.8,3579.7,26.1,13.64,90.25,151.91,60.0,477.48,2851.7,6.7981,70.71,50.7,9.52,348.5,12.26,4,4,0,0
2019-04-17,2657.4,3375.0,27.7,13.36,96.33,146.57,66.22,520.4,2862.5,6.7912,70.76,51.79,9.12,348.5,12.19,4,4,0,0
2019-04-18,2616.5,3415.5,27.55,13.28,100.11,138.3,64.93,518.79,2810.0,6.6979,70.55,52.0,9.76,348.5,12.44,5,4,0,0
2019-04-19,2636.0,3380.3,26.24,13.23,95.73,155.24,64.26,521.35,2842.8,6.7777,70.6,50.11,9.65,348.6,12.24,5,4,0,0
2019-04-22,2636.9,3385.7,25.71,12.98,99.72,143.0,64.98,532.85,2846.0,6.7713,71.11,51.77,9.32,348.7,12.02,5,4,0,0
2019-04-23,2698.2,3451.5,26.28,13.32,101.18,140.5,61.26,486.94,2841.4,6.7798,71.28,51.42,9.26,348.7,12.18,5,4,0,0
2019-04-24,2680.0,3411.5,27.15,13.36,98.87,146.29,64.46,536.27,2814.3,6.7523,71.18,51.53,9.46,348.7,12.08,5,4,0,0
2019-04-25,2643.3,3336.4,28.6,13.0,100.73,140.88,65.52,522.29,2796.3,6.7354,70.46,51.17,9.13,348.8,12.19,5,4,0,0
2019-04-26,2602.1,3297.3,27.33,13.61,97.33,144.69,67.56,539.13,2851.0,6.7893,70.44,51.59,9.02,348.8,12.07,4,4,0,0
2019-04-29,2627.6,3450.2,25.93,12.81,100.4,150.5,63.98,506.09,2777.1,6.7654,70.52,52.45,9.34,348.9,12.01,5,4,0,0
2019-04-30,2605.6,3394.5,26.24,12.88,103.24,150.62,63.47,482.52,2828.6,6.7935,70.85,51.45,9.4,348.9,12.18,4,4,0,0
2019-05-01,2653.9,3439.4,27.25,13.71,102.0,141.37,64.04,526.06,2749.8,6.7564,70.13,52.23,9.45,349.0,12.15,6,4,0,0
2019-05-02,2502.7,3182.6,26.81,13.18,99.84,144.54,66.6,541.73,2793.5,6.8192,70.69,51.26,9.31,349.0,12.35,5,4,0,0
2019-05-03,2624.5,3268.6,25.86,13.06,102.66,156.34,65.56,522.4,2810.7,6.807,71.19,52.13,9.69,349.0,12.05,4,5,0,0
2019-05-06,2540.3,3310.1,26.69,13.19,104.88,152.09,64.02,516.14,2883.3,6.7865,71.11,51.72,9.14,349.1,11.72,5,4,0,0
2019-05-07,2454.6,3113.2,25.89,12.98,96.26,164.02,65.9,534.34,2870.1,6.7714,70.74,51.92,9.22,349.2,12.04,5,4,0,0
2019-05-08,2484.7,3057.9,25.15,12.13,106.74,157.38,65.16,504.35,2827.8,6.8036,70.77,51.74,9.54,349.2,11.79,5,4,0,0
2019-05-09,2414.1,3045.5,26.24,12.66,102.18,157.2,66.74,527.46,2873.9,6.79,71.02,52.09,9.21,349.2,12.19,4,4,0,0
2019-05-10,2396.3,2958.3,26.25,13.19,104.84,138.28,63.73,522.91,2880.6,6.7856,71.12,50.34,9.21,349.3,11.77,5,4,0,0
2019-05-13,2386.4,2989.6,26.18,12.32,107.96,154.5,64.41,502.93,2847.3,6.8104,70.78,50.97,9.48,349.4,11.9,4,4,0,0
2019-05-14,2381.3,2950.8,26.08,12.49,99.96,148.44,64.29,520.72,2805.6,6.8221,70.86,51.99,9.25,349.4,12.02,5,4,0,0
2019-05-15,2284.6,2837.6,24.68,12.05,102.3,144.78,62.37,487.8,2848.0,6.742,70.78,50.64,9.43,349.4,12.4,4,4,0,0
2019-05-16,2424.5,2986.2,26.39,12.69,103.86,150.24,65.53,531.21,2853.0,6.7483,70.6,51.48,9.32,349.5,11.88,4,4,0,0
2019-05-17,2242.7,2875.0,25.71,12.31,102.5,156.14,65.46,524.73,2814.4,6.7566,70.88,51.74,9.29,349.5,12.09,5,4,0,0
2019-05-20,2276.1,2834.8,25.24,12.5,111.22,152.87,65.0,502.61,2873.8,6.7356,70.88,51.32,9.05,349.6,12.19,4,4,0,0
2019-05-21,2329.7,2867.0,25.17,12.62,103.14,142.59,64.56,533.0,2871.9,6.779,70.65,51.4,9.5,349.6,12.37,4,4,0,0
2019-05-22,2287.1,2781.9,24.59,12.48,104.32,154.8,62.43,495.7,2878.9,6.7991,71.13,51.93,9.22,349.7,12.23,4,4,0,0
2019-05-23,2329.6,2773.4,25.05,11.89,106.98,144.51,64.21,506.91,2874.2,6.7807,71.1,52.34,9.44,349.7,12.29,4,4,0,0
2019-05-24,2240.5,2781.3,26.75,12.23,102.69,150.97,64.34,519.93,2891.1,6.7655,71.16,51.26,9.37,349.7,12.24,4,4,0,0
2019-05-27,2318.4,2756.9,25.34,12.27,105.93,147.13,63.5,525.6,2862.8,6.816,70.81,51.48,9.44,349.8,11.82,4,4,0,0
2019-05-28,2214.1,2760.9,24.57,12.4,108.43,147.81,64.64,507.39,2877.2,6.7866,70.52,51.39,9.45,349.9,12.13,3,4,0,0
2019-05-29,2326.2,2780.8,24.7,12.11,106.57,155.25,65.65,527.14,2857.4,6.7929,71.14,50.46,9.52,349.9,12.22,4,4,0,0
2019-05-30,2279.5,2747.9,25.05,12.79,107.56,141.75,68.3,549.58,2852.0,6.8175,70.86,51.88,9.34,349.9,11.86,6,4,0,0
2019-05-31,2314.3,2937.5,27.19,13.06,106.38,164.18,65.2,531.69,2920.5,6.7794,70.81,52.31,9.74,350.0,11.93,5,3,0,0
2019-06-03,2162.5,2604.9,24.42,11.78,103.88,135.98,65.33,526.38,2805.6,6.8455,70.74,52.36,9.13,350.1,11.88,6,4,0,1
2019-06-04,2247.7,2766.0,25.66,12.13,109.98,145.19,64.72,515.66,2908.9,6.7705,70.99,51.32,9.45,350.1,12.19,6,3,0,1
2019-06-05,2416.2,2976.5,25.19,12.26,114.78,152.49,61.37,487.42,2857.7,6.8441,71.46,51.11,9.67,350.1,12.02,7,3,0,1
2019-06-06,2282.8,2834.4,25.52,13.36,109.45,154.13,64.76,521.39,2854.3,6.7551,70.95,51.81,9.6,350.2,11.96,7,3,0,1
2019-06-07,2279.4,2835.6,25.73,12.21,110.33,149.03,64.89,508.39,2890.8,6.8001,70.81,52.26,9.31,350.2,11.77,6,4,0,1
2019-06-10,2323.1,2773.0,24.72,12.9,112.48,149.38,69.19,515.45,2833.0,6.766,71.26,51.88,9.35,350.3,12.0,7,3,0,1
2019-06-11,2232.5,2745.9,24.67,11.87,106.42,152.92,64.39,523.06,2857.7,6.8191,71.15,51.96,9.31,350.3,11.9,5,3,0,1
2019-06-12,2153.6,2550.5,25.68,11.75,116.15,148.13,65.25,534.52,2857.7,6.7714,70.59,52.42,9.63,350.4,12.06,5,4,0,1
2019-06-13,2130.1,2596.0,24.92,11.67,111.57,160.34,64.61,491.01,2880.8,6.7946,71.29,51.39,9.37,350.4,11.78,6,4,0,1
2019-06-14,2151.0,2480.7,24.46,11.45,116.36,156.21,62.54,493.16,2861.6,6.7666,71.66,51.67,9.57,350.4,12.04,6,3,0,1
2019-06-17,1969.7,2380.7,24.64,11.79,109.45,156.48,66.67,540.79,2949.2,6.8149,70.5,52.69,9.57,350.5,11.91,6,4,0,1
2019-06-18,1957.4,2356.4,24.48,11.67,117.83,142.7,65.93,553.04,2957.2,6.7673,70.85,51.68,10.0,350.6,11.74,6,3,0,1
2019-06-19,2156.4,2500.3,25.69,11.7,114.72,149.37,65.97,528.85,2824.7,6.8377,70.45,51.09,9.59,350.6,11.72,6,3,0,1
2019-06-20,2044.2,2478.8,24.03,12.18,114.22,147.72,62.87,498.81,2915.7,6.7576,71.15,51.41,9.37,350.6,11.75,6,4,0,1
2019-06-21,1998.9,2248.2,24.02,12.07,113.42,142.44,67.0,533.4,2927.8,6.7473,71.42,51.26,9.24,350.7,11.94,7,3,0,1
2019-06-24,1921.8,2183.2,22.33,11.79,112.53,152.69,61.91,517.51,2920.2,6.8169,71.22,51.97,9.48,350.7,12.0,7,3,0,1
2019-06-25,1849.6,2152.1,22.63,11.59,117.39,145.96,65.45,517.34,2879.3,6.7708,71.55,51.28,9.51,350.8,12.02,5,3,0,1
2019-06-26,1771.4,2159.4,22.6,11.55,114.22,154.92,68.3,534.85,2895.0,6.7886,71.42,51.91,9.1,350.8,12.03,5,4,0,1
2019-06-27,1924.7,2258.8,24.14,11.29,107.69,141.97,62.53,499.43,2878.5,6.7793,71.64,51.35,9.4,350.8,11.81,6,4,0,1
2019-06-28,1855.3,2140.9,21.28,10.95,110.63,162.89,63.25,498.69,2891.1,6.7498,71.52,50.58,9.6,350.9,12.17,6,4,0,1
2019-07-01,1833.0,2022.9,22.53,11.36,114.27,143.27,64.41,519.45,2866.9,6.7876,71.14,51.92,9.44,351.0,11.86,6,4,0,1
2019-07-02,2002.0,2254.0,21.67,11.22,95.98,151.63,63.28,529.79,2906.4,6.828,71.27,51.82,9.74,351.0,12.04,7,3,0,1
2019-07-03,1951.0,2352.0,23.08,11.26,94.77,155.92,61.35,501.04,2859.0,6.8204,71.04,52.02,9.24,351.0,11.91,6,3,0,1
2019-07-04,1894.5,2147.6,22.8,11.78,98.81,145.69,64.21,513.63,2905.7,6.7975,71.21,51.36,9.69,351.1,12.02,6,3,0,1
2019-07-05,1955.9,2246.3,24.17,12.1,88.62,156.35,62.13,498.98,2870.2,6.8241,71.29,51.29,9.74,351.1,11.9,5,5,0,1
2019-07-08,1957.7,2225.1,23.5,11.56,95.21,140.72,64.85,502.19,2924.6,6.7596,71.27,51.93,9.75,351.2,12.01,7,4,0,1
2019-07-09,1894.5,2171.2,22.66,11.8,88.89,160.81,62.29,514.15,2894.7,6.7819,71.64,52.54,9.25,351.2,11.93,4,4,0,1
2019-07-10,1774.3,2174.1,24.09,11.44,97.1,150.0,66.68,532.49,2929.8,6.8037,71.22,51.7,9.63,351.3,12.09,7,3,0,1
2019-07-11,1887.9,2212.0,23.21,10.94,94.33,145.4,62.43,502.34,2958.6,6.7881,71.08,51.92,9.43,351.3,11.76,7,4,0,1
2019-07-12,1742.3,2062.6,23.24,11.67,95.94,147.61,63.2,548.1,2977.6,6.7849,71.1,51.51,9.29,351.3,11.56,6,4,0,1
2019-07-15,1773.1,2036.3,22.13,11.49,91.71,155.89,65.19,526.9,2836.9,6.7569,71.51,50.82,9.49,351.4,11.72,7,3,0,1
2019-07-16,1827.0,2028.1,21.84,11.08,98.53,145.41,61.46,488.89,2897.3,6.7307,71.0,52.2,9.4,351.5,12.12,6,3,0,1
2019-07-17,1909.7,2210.0,22.74,11.37,97.73,144.14,64.02,510.25,2917.1,6.8179,71.3,52.15,9.76,351.5,11.87,6,3,0,1
2019-07-18,1939.2,2190.3,23.58,11.95,96.23,148.06,65.91,541.97,2944.9,6.8009,71.69,52.04,9.68,351.5,11.92,6,2,0,1
2019-07-19,1876.6,2155.5,22.98,10.93,93.91,140.86,60.6,493.47,2872.2,6.8209,71.44,51.54,9.35,351.6,11.69,8,4,0,1
2019-07-22,1806.2,2173.5,24.02,11.05,96.06,163.3,63.77,496.38,2899.1,6.7813,71.37,51.95,9.44,351.7,11.9,7,4,0,1
2019-07-23,1734.2,2156.6,23.52,11.11,91.9,145.36,63.85,525.18,2939.1,6.7733,71.39,52.11,9.51,351.7,11.68,6,3,0,1
2019-07-24,1865.5,2153.2,21.36,11.41,96.86,155.8,64.72,512.1,2938.7,6.7951,71.15,52.49,9.58,351.7,11.71,5,3,0,1
2019-07-25,1941.7,2300.6,23.81,11.25,99.36,151.09,61.03,517.46,2950.1,6.8207,71.2,52.14,9.8,351.8,11.8,6,4,0,1
2019-07-26,1842.4,2205.1,22.28,11.18,97.47,142.09,60.81,506.48,2953.6,6.7884,71.37,51.62,9.73,351.8,11.97,6,4,0,1
2019-07-29,1857.5,2285.2,22.88,11.32,91.59,149.37,64.06,510.27,2953.3,6.82,71.51,50.85,9.61,351.9,11.98,7,3,0,1
2019-07-30,1937.0,2333.9,23.32,11.65,95.05,155.25,63.59,527.81,2949.4,6.766,71.68,51.64,9.55,351.9,11.98,6,4,0,1
2019-07-31,1984.9,2366.5,23.36,11.17,89.71,147.9,63.44,512.23,2945.7,6.7916,71.47,51.69,9.25,352.0,11.54,5,5,0,1
2019-08-01,2063.2,2421.7,23.17,11.86,95.64,158.2,63.55,522.37,2968.2,6.7945,71.8,51.92,9.87,352.0,11.86,6,3,0,1
2019-08-02,2073.2,2474.6,24.18,12.25,95.21,156.86,61.63,504.92,2867.7,6.8337,71.87,52.26,9.52,352.0,11.82,6,4,0,1
2019-08-05,2153.8,2489.6,23.12,11.85,87.67,156.02,63.21,499.65,3003.6,6.8038,71.68,51.45,9.93,352.1,11.54,6,5,0,1
2019-08-06,1980.3,2425.1,24.1,12.26,89.9,145.62,63.25,502.35,2873.5,6.8501,71.8,52.65,9.66,352.2,11.85,6,4,0,1
2019-08-07,2078.5,2428.9,25.41,12.24,92.67,140.9,61.36,509.63,2914.1,6.7575,71.25,50.51,10.02,352.2,11.79,6,3,0,1
2019-08-08,2038.5,2431.5,23.25,12.13,92.58,144.33,65.94,524.35,2945.0,6.8021,71.22,51.7,9.74,352.2,11.94,7,4,0,1
2019-08-09,2011.5,2338.6,23.45,11.64,89.63,150.34,63.36,505.99,2977.7,6.8038,71.64,51.01,9.34,352.3,11.85,6,4,0,1
2019-08-12,2039.7,2471.2,22.12,11.66,94.63,152.88,60.29,478.5,2852.7,6.8177,71.2,50.39,9.51,352.4,11.72,6,3,0,1
2019-08-13,2107.9,2459.9,23.94,12.13,94.15,132.43,63.54,517.17,2957.7,6.7749,71.47,51.31,9.6,352.4,12.01,6,4,0,1
2019-08-14,2016.4,2377.5,24.28,11.6,92.68,148.58,60.53,516.37,2987.6,6.85,71.74,50.61,9.46,352.4,11.38,6,3,0,1
2019-08-15,2044.3,2497.2,24.53,11.15,90.85,149.75,63.63,499.86,2995.8,6.8001,71.91,51.3,9.56,352.5,11.8,5,4,0,1
2019-08-16,1982.1,2348.0,23.83,11.87,96.58,146.4,64.22,517.0,2937.8,6.7673,71.5,51.4,9.36,352.5,11.46,6,3,0,1
2019-08-19,1963.0,2335.9,24.23,11.23,98.41,158.08,60.58,508.92,2955.1,6.8001,71.42,51.98,9.64,352.6,11.62,7,3,0,1
2019-08-20,2045.6,2408.1,25.57,11.42,91.52,151.47,63.72,512.33,2945.2,6.7914,71.67,50.52,9.69,352.6,11.91,6,4,0,1
2019-08-21,1911.7,2329.3,24.78,11.63,91.07,158.05,62.65,511.46,2954.2,6.8845,71.33,51.83,9.45,352.7,11.54,6,4,0,1
2019-08-22,1974.8,2338.0,23.21,11.53,94.56,146.51,63.31,497.76,2933.0,6.8328,71.56,51.37,10.04,352.7,11.51,6,4,0,1
2019-08-23,1980.1,2313.1,22.85,11.21,91.81,155.07,65.17,528.28,2939.1,6.803,71.61,51.86,9.66,352.7,12.27,6,3,0,1
2019-08-26,1972.5,2329.4,23.22,11.59,92.39,160.21,61.23,494.14,2988.9,6.7988,71.62,51.04,9.49,352.8,11.51,7,4,0,1
2019-08-27,2076.4,2389.2,23.13,12.0,95.16,157.69,60.24,501.46,2979.4,6.8309,71.66,50.53,9.33,352.9,12.11,5,4,0,1
2019-08-28,2030.4,2362.0,23.96,11.23,86.65,139.56,59.92,501.68,2993.2,6.8325,71.43,50.58,9.67,352.9,11.74,5,5,0,1
2019-08-29,2014.7,2398.6,23.19,12.22,96.94,145.75,59.97,518.86,2984.6,6.7154,71.47,50.52,9.61,352.9,11.67,7,4,0,1
2019-08-30,2113.8,2535.9,24.17,11.34,92.91,144.96,61.22,503.24,3002.9,6.8223,71.47,51.47,9.82,353.0,11.88,5,4,0,1
2019-09-02,2107.7,2520.1,24.73,12.62,91.24,151.12,61.89,504.77,3012.5,6.8045,71.27,52.01,9.64,353.0,12.03,6,3,0,1
2019-09-03,2087.0,2479.4,23.97,11.65,92.24,152.49,61.69,501.85,2921.9,6.7645,71.77,50.87,9.43,353.1,11.53,6,4,0,1
2019-09-04,1848.9,2281.5,22.79,11.56,92.36,140.95,62.6,501.47,2954.1,6.8305,71.91,51.5,10.01,353.1,11.65,5,4,0,1
2019-09-05,1994.4,2389.8,24.49,10.99,86.9,147.64,61.06,499.25,2977.1,6.8717,71.9,50.3,9.76,353.1,11.92,6,4,0,1
2019-09-06,1903.5,2340.2,22.45,11.61,97.19,131.87,63.57,508.72,2985.5,6.8212,71.64,51.22,9.63,353.2,11.81,6,3,0,1
2019-09-09,2168.9,2539.1,23.91,11.91,92.42,157.72,60.39,492.7,2966.3,6.8382,71.52,51.47,9.72,353.3,11.96,7,3,0,1
2019-09-10,2037.8,2438.8,24.3,11.95,93.67,142.95,65.68,542.46,3022.8,6.8595,71.92,50.29,9.78,353.3,11.84,6,4,0,1
2019-09-11,2012.4,2409.5,23.68,11.42,95.25,147.09,61.83,488.38,3061.4,6.7807,71.9,50.95,9.4,353.3,12.1,7,4,0,1
2019-09-12,2095.4,2454.0,24.0,11.39,88.9,144.23,59.08,495.42,2999.7,6.7501,71.8,51.44,9.72,353.4,11.77,6,4,0,1
2019-09-13,2053.5,2425.7,24.18,12.07,93.65,155.03,58.61,494.37,2997.3,6.8258,72.19,49.41,9.6,353.4,11.77,6,4,0,1
2019-09-16,2093.7,2609.5,24.35,11.96,91.16,125.03,61.33,495.6,3027.6,6.7993,71.77,51.74,9.8,353.5,11.78,7,4,0,1
2019-09-17,2029.8,2427.1,23.21,12.03,94.68,146.06,59.97,462.35,2933.7,6.7657,71.72,51.18,9.55,353.5,11.69,6,4,0,1
2019-09-18,2000.3,2401.7,23.41,11.44,85.13,145.27,61.58,491.43,3001.1,6.8048,71.69,51.36,9.58,353.6,11.88,6,4,0,1
2019-09-19,1914.5,2377.6,23.41,11.55,91.58,142.53,61.06,510.77,3035.5,6.8292,71.4,50.72,10.03,353.6,11.76,6,4,0,1
2019-09-20,2044.4,2498.3,24.45,12.03,89.93,158.75,59.99,487.68,2979.9,6.8031,71.97,49.98,9.95,353.6,11.87,6,5,0,1
2019-09-23,2040.8,2453.0,23.15,10.98,93.12,139.02,58.52,465.92,2962.9,6.7847,71.79,51.2,9.05,353.7,11.89,6,4,0,1
2019-09-24,2025.2,2423.3,24.0,11.06,93.2,151.33,57.23,463.12,3000.5,6.8018,71.95,50.84,9.94,353.8,11.78,7,4,0,1
2019-09-25,2043.8,2559.3,24.19,12.24,89.4,148.08,59.07,491.77,3006.0,6.8081,72.29,50.88,9.7,353.8,11.79,6,4,0,1
2019-09-26,2175.0,2558.5,23.96,11.51,89.34,154.73,61.33,503.62,2977.5,6.751,71.74,51.44,9.57,353.8,11.49,6,4,0,1
2019-09-27,2069.0,2490.9,24.3,11.08,91.23,140.13,60.09,485.77,3083.8,6.8049,71.26,51.24,9.52,353.9,11.58,6,4,0,1
2019-09-30,2176.4,2647.6,23.7,12.49,88.6,139.5,57.38,465.8,2997.2,6.7695,71.99,51.86,9.53,354.0,11.85,6,4,0,1
2019-10-01,2244.8,2726.2,25.01,11.56,94.12,153.07,59.85,482.3,2974.7,6.8298,71.92,50.86,9.59,354.0,11.96,4,4,0,0
2019-10-02,2111.2,2610.3,24.33,11.91,90.21,147.9,60.15,477.97,3012.9,6.7634,71.7,50.38,9.5,354.0,11.28,5,4,0,0
2019-10-03,2192.6,2640.2,24.05,12.0,82.05,132.98,57.79,492.32,3049.1,6.8408,71.99,50.63,9.46,354.1,11.56,4,3,0,0
2019-10-04,2220.8,2748.6,25.0,11.09,90.11,140.38,59.57,481.21,3019.1,6.7984,72.09,50.94,9.52,354.1,11.67,4,4,0,0
2019-10-07,2220.0,2788.9,25.31,12.14,87.87,147.17,59.32,497.96,3039.0,6.795,71.68,51.25,9.8,354.2,11.48,5,3,0,0
2019-10-08,2261.3,2738.5,25.43,12.24,85.93,150.41,57.07,486.34,2992.6,6.8204,71.85,49.86,9.75,354.2,11.49,5,4,0,0
2019-10-09,2292.6,2715.7,25.36,12.25,87.15,138.88,59.69,497.88,3076.3,6.7858,72.3,50.65,9.85,354.3,11.75,5,3,0,0
2019-10-10,2303.8,2793.0,25.13,12.46,91.42,121.97,59.97,482.65,3045.1,6.8203,71.76,51.51,9.73,354.3,11.96,5,4,0,0
2019-10-11,2265.4,2717.5,24.01,11.99,95.29,147.6,60.83,498.51,3063.2,6.7902,71.96,50.47,9.48,354.3,11.24,5,3,0,0
2019-10-14,2205.3,2736.4,26.33,12.37,91.92,134.37,60.7,492.47,3042.8,6.7962,71.31,51.09,9.85,354.4,11.6,5,5,0,0
2019-10-15,2254.4,2897.3,23.9,11.88,88.94,128.24,56.24,451.6,3060.0,6.8252,71.6,50.83,9.55,354.5,11.73,5,3,0,0
2019-10-16,2312.0,2746.0,25.16,11.52,92.3,121.97,56.95,471.18,3001.8,6.7791,72.02,51.06,9.88,354.5,11.79,4,4,0,0
2019-10-17,2333.4,2735.4,24.78,11.54,89.33,149.16,59.49,470.38,3016.3,6.7756,72.29,50.07,9.52,354.5,11.69,4,4,0,0
2019-10-18,2334.9,2777.8,24.16,11.7,88.54,143.86,59.41,498.22,3081.7,6.8212,71.65,50.05,9.62,354.6,11.98,5,4,0,0
2019-10-21,2338.4,2930.0,25.11,12.67,86.95,141.04,59.33,477.87,3092.7,6.8136,72.03,50.48,9.69,354.7,11.62,4,4,0,0
2019-10-22,2286.7,2913.1,25.59,12.05,85.0,152.99,65.26,526.18,2999.1,6.8197,71.93,49.61,9.9,354.7,11.87,4,4,0,0
2019-10-23,2269.1,2878.7,25.97,12.39,89.32,147.19,59.27,486.46,3049.1,6.8247,72.26,50.28,9.8,354.7,11.48,3,4,0,0
2019-10-24,2244.4,2888.5,24.68,12.22,91.03,154.37,60.21,486.34,3026.4,6.8168,71.73,50.54,9.77,354.8,11.62,5,4,0,0
2019-10-25,2424.8,3047.1,25.55,12.55,90.18,131.63,59.81,493.74,3018.3,6.8335,72.15,51.36,10.15,354.8,11.36,5,4,0,0
2019-10-28,2448.8,2950.7,23.72,12.82,89.04,141.66,59.19,476.77,3056.1,6.8189,71.9,50.58,9.41,354.9,11.77,4,4,0,0
2019-10-29,2459.5,3104.0,26.89,12.44,87.3,129.62,57.37,480.58,3087.2,6.7559,72.12,50.68,9.57,354.9,11.57,5,4,0,0
2019-10-30,2498.1,3129.6,25.0,12.76,92.24,139.86,59.23,466.6,3064.2,6.7639,72.09,50.95,9.56,355.0,11.66,4,3,0,0
2019-10-31,2537.8,3107.8,25.82,12.52,86.04,139.55,56.4,465.01,3038.4,6.8744,72.02,49.76,9.43,355.0,11.52,6,5,0,0
2019-11-01,2434.2,3085.1,25.76,12.58,92.7,145.94,57.29,492.82,3068.7,6.8168,72.21,50.18,9.64,355.0,11.7,4,5,0,0
2019-11-04,2592.4,3141.5,25.53,13.3,86.89,141.41,56.77,454.0,3041.6,6.846,72.12,51.58,9.93,355.1,11.65,4,3,0,0
2019-11-05,2604.6,3164.0,26.3,12.08,87.65,145.57,57.71,464.32,3069.7,6.8073,72.08,50.18,9.67,355.2,11.37,4,4,0,0
2019-11-06,2580.7,3292.5,27.7,13.47,85.32,146.0,61.66,505.45,3105.3,6.8162,72.03,50.81,9.73,355.2,11.38,5,4,0,0
2019-11-07,2412.7,3065.0,25.48,12.58,88.37,156.71,54.06,449.77,2984.9,6.8045,72.15,50.71,9.45,355.2,11.56,4,4,0,0
2019-11-08,2589.7,3242.0,26.64,12.64,93.06,138.01,58.59,482.59,3086.7,6.8923,72.19,49.34,9.64,355.3,11.69,4,4,0,0
2019-11-11,2538.3,3243.3,26.15,13.22,91.47,133.14,54.38,455.64,3008.4,6.8266,71.91,50.3,9.71,355.3,11.92,5,4,0,0
2019-11-12,2624.7,3441.4,27.37,12.38,92.91,141.87,56.36,470.87,3106.4,6.8032,72.08,50.19,9.93,355.4,11.61,4,4,0,0
2019-11-13,2639.0,3273.4,26.14,12.74,91.42,133.83,59.1,495.21,3042.2,6.7699,71.91,50.27,9.47,355.4,11.75,5,4,0,0
2019-11-14,2705.1,3381.7,27.25,12.54,86.17,150.78,57.19,473.81,3023.0,6.8789,72.17,49.65,9.72,355.4,11.22,6,5,0,0
2019-11-15,2751.3,3536.8,27.53,13.2,88.61,137.37,55.07,451.56,3091.2,6.815,72.04,49.42,10.03,355.5,11.94,5,4,0,0
2019-11-18,2565.8,3357.8,27.11,12.49,87.05,135.07,55.65,466.51,3083.0,6.8429,72.4,49.75,9.73,355.6,11.65,5,3,0,0
2019-11-19,2653.3,3491.8,26.72,13.42,93.77,135.6,58.1,497.87,3036.4,6.8464,72.38,49.94,9.4,355.6,11.52,5,4,0,0
2019-11-20,2685.9,3438.3,26.43,12.87,85.64,144.34,55.5,455.78,3028.7,6.8071,71.99,50.62,10.08,355.6,11.49,6,4,0,0
2019-11-21,2703.4,3513.1,26.94,12.89,92.29,137.59,57.14,456.83,3067.2,6.8414,72.22,50.95,9.97,355.7,11.3,5,5,0,0
2019-11-22,2731.6,3544.8,26.23,13.37,92.25,133.78,56.77,479.29,3032.7,6.8033,72.39,50.69,10.0,355.7,11.35,5,4,0,0
2019-11-25,2812.0,3563.8,27.97,13.03,95.13,150.9,55.45,455.61,3041.2,6.7923,72.21,50.38,9.48,355.8,11.89,5,5,0,0
2019-11-26,2958.4,3815.2,27.81,13.16,87.92,131.8,60.42,464.79,3083.5,6.8572,72.08,49.33,10.13,355.8,11.31,4,5,0,0
2019-11-27,2917.0,3700.2,27.82,14.46,91.48,138.31,57.64,482.14,3046.8,6.8178,71.99,49.63,9.68,355.9,11.3,5,5,0,0
2019-11-28,2781.7,3673.8,26.66,12.98,96.46,142.75,52.8,432.59,3096.7,6.8383,72.49,49.95,9.73,355.9,11.36,4,4,0,0
2019-11-29,2810.9,3668.9,26.49,12.55,87.14,125.44,56.72,464.61,3135.1,6.8353,72.5,49.47,9.7,355.9,11.26,4,4,0,0
2019-12-02,2847.8,3640.4,26.81,12.96,84.09,141.09,55.14,458.91,3081.2,6.8427,72.25,50.11,10.03,356.0,11.49,3,4,0,0
2019-12-03,2904.4,3753.1,27.87,13.07,82.95,129.39,57.81,475.36,3092.1,6.7771,72.5,50.17,9.81,356.1,11.7,5,4,0,0
2019-12-04,2978.6,3784.3,28.12,13.77,91.2,143.29,54.79,461.08,3159.3,6.8065,71.57,50.04,9.94,356.1,11.36,4,4,0,0
2019-12-05,2831.6,3641.5,27.28,13.35,82.86,129.71,55.96,455.27,3048.2,6.8145,72.65,50.29,9.86,356.1,11.2,5,4,0,0
2019-12-06,3013.1,3813.5,28.13,13.74,87.65,141.94,57.02,473.88,3132.7,6.7995,72.29,49.21,9.83,356.2,11.53,5,5,0,0
2019-12-09,2963.0,3837.5,27.71,13.47,90.13,144.85,57.62,468.67,3131.9,6.838,72.38,50.19,9.67,356.3,11.46,5,4,0,0
2019-12-10,3045.3,3925.3,28.38,13.55,89.28,142.83,53.85,455.02,3125.5,6.861,72.27,49.28,10.22,356.3,11.66,4,4,0,0
2019-12-11,2867.8,3756.3,28.58,13.32,90.01,138.07,55.35,463.8,3141.9,6.8659,72.71,49.12,9.57,356.3,11.37,5,3,0,0
2019-12-12,2871.5,3735.6,27.8,13.27,89.32,134.26,55.05,443.14,3107.7,6.8156,72.1,49.91,9.95,356.4,11.41,6,4,0,0
2019-12-13,2913.9,3731.9,28.08,13.72,92.66,131.49,54.69,464.89,3078.6,6.8348,72.74,50.26,9.94,356.4,11.43,5,4,0,0
2019-12-16,3039.7,3873.5,28.29,13.81,85.41,146.66,58.99,474.72,3140.8,6.84,72.49,49.84,10.1,356.5,11.46,5,4,0,0
2019-12-17,2896.2,3718.3,26.63,13.63,86.25,130.19,56.5,473.89,3143.3,6.8455,72.56,49.57,10.15,356.5,11.36,5,4,0,0
2019-12-18,2820.6,3663.7,26.48,13.4,85.9,127.47,53.46,447.91,3143.4,6.8008,72.33,49.7,9.85,356.6,11.33,4,4,0,0
2019-12-19,2950.0,3751.7,28.2,13.92,90.99,140.05,57.34,491.94,3107.5,6.8819,72.09,49.59,9.98,356.6,11.07,5,3,0,0
2019-12-20,2805.2,3804.4,27.95,13.73,91.18,128.9,59.46,481.66,3082.0,6.8553,72.66,48.87,10.23,356.6,11.32,4,4,0,0
2019-12-23,2854.7,3821.6,28.14,13.69,89.62,127.56,57.46,466.54,3117.2,6.8568,72.52,48.79,9.87,356.7,11.57,4,5,0,0
2019-12-24,3041.2,3948.7,29.05,14.01,91.93,123.67,52.83,439.0,3144.6,6.8645,72.79,49.41,9.67,356.8,11.59,4,4,0,0
2019-12-25,2950.3,3858.7,28.25,13.28,84.33,130.69,54.65,448.01,3148.7,6.8447,72.41,49.48,9.81,356.8,11.32,4,5,0,0
2019-12-26,2929.1,3779.4,28.71,13.3,93.4,133.5,57.77,482.43,3098.9,6.798,72.36,49.42,9.63,356.8,11.68,5,4,0,0
2019-12-27,3086.0,4066.8,28.29,13.29,92.9,135.76,54.18,429.02,3126.2,6.8249,72.82,49.76,9.97,356.9,11.41,5,4,0,0
2019-12-30,2967.3,3841.8,27.21,13.56,90.26,140.89,56.22,449.64,3072.8,6.7802,72.97,49.25,10.11,357.0,11.14,5,4,0,0
2019-12-31,2906.8,3855.6,27.78,12.89,93.57,137.52,56.78,453.3,3154.2,6.8424,72.5,49.66,9.88,357.0,11.07,5,4,0,0
2020-01-01,3062.2,3990.1,27.75,13.91,82.52,131.95,53.69,456.47,3093.7,6.8251,72.32,49.25,9.58,357.0,11.64,4,4,0,0
2020-01-02,2990.2,3844.5,29.04,13.62,86.1,131.7,55.22,476.01,3149.8,6.8292,72.72,50.32,10.11,357.1,11.32,4,4,0,0
2020-01-03,3030.8,3890.3,28.04,13.76,85.39,136.83,49.46,415.09,3083.2,6.8668,72.46,49.34,9.55,357.1,11.15,4,3,0,0
2020-01-06,3091.5,3923.1,28.24,13.33,89.93,142.36,53.42,441.26,3163.0,6.8176,72.69,50.56,9.6,357.2,10.93,4,4,0,0
2020-01-07,3028.8,3963.5,28.96,13.62,84.22,133.58,54.79,453.39,3139.3,6.824,72.48,49.45,9.88,357.2,11.3,5,4,0,0
2020-01-08,2941.5,3824.7,26.42,13.89,89.97,128.93,52.97,454.15,3101.9,6.8324,72.95,49.12,9.97,357.3,11.46,4,4,0,0
2020-01-09,2979.1,4023.8,28.84,14.33,91.89,124.82,58.13,464.17,3154.5,6.7768,72.39,48.73,10.0,357.3,11.23,4,4,0,0
2020-01-10,2905.9,3831.9,26.76,13.19,89.69,121.24,52.6,440.52,3110.8,6.8242,72.69,48.41,9.91,357.3,11.16,3,4,0,0
2020-01-13,3074.6,4069.1,28.57,13.96,88.26,136.89,54.36,461.34,3161.2,6.7583,72.47,48.64,10.28,357.4,11.25,5,5,0,0
2020-01-14,3064.5,3956.3,28.03,13.84,84.15,136.05,55.37,462.5,3126.5,6.8155,72.53,48.68,9.94,357.5,11.61,4,4,0,0
2020-01-15,3026.3,4026.4,29.01,14.04,84.56,135.86,57.71,474.68,3077.0,6.8589,72.5,49.37,10.14,357.5,11.08,5,4,0,0
2020-01-16,3104.0,4037.7,28.49,13.69,91.23,130.38,52.51,449.09,3104.0,6.8469,72.79,48.84,10.09,357.5,11.22,4,5,0,0
2020-01-17,3030.1,3984.7,28.92,14.08,89.69,141.72,57.17,436.34,3124.5,6.8159,72.85,49.22,9.67,357.6,11.59,5,4,0,0
2020-01-20,3056.6,4039.8,28.1,13.2,86.95,127.36,55.08,462.71,3190.9,6.8356,72.78,49.8,9.9,357.7,11.44,5,4,1,0
2020-01-21,3100.3,4074.8,28.77,13.6,85.7,137.97,53.29,434.5,3175.7,6.8023,72.62,49.03,10.36,357.7,11.37,6,4,1,0
2020-01-22,3091.8,4111.4,28.56,13.98,80.51,130.34,55.87,437.97,3202.1,6.8347,72.69,50.21,9.84,357.7,11.2,5,4,1,0
2020-01-23,3019.5,4001.5,27.31,13.97,83.53,125.88,55.39,462.79,3204.3,6.9229,72.88,48.4,9.81,357.8,11.34,4,4,1,0
2020-01-24,3014.6,4093.5,28.07,14.42,93.03,134.71,53.94,463.29,3128.9,6.8906,72.9,48.95,9.98,357.8,11.22,4,3,1,0
2020-01-27,3137.5,4171.8,28.71,14.42,82.7,133.16,55.14,453.31,3144.5,6.8375,72.01,48.72,9.86,357.9,11.15,5,5,1,0
2020-01-28,3091.8,4118.5,29.44,13.87,87.37,132.59,54.32,460.78,3137.8,6.8409,72.62,49.52,9.79,357.9,11.1,4,4,1,0
2020-01-29,3101.5,4136.4,29.23,14.53,89.95,130.35,55.21,474.77,3129.8,6.807,72.64,47.76,9.86,358.0,11.47,3,5,1,0
2020-01-30,3058.2,3995.9,27.76,13.64,82.67,129.28,56.19,477.9,3090.0,6.8125,72.87,48.18,10.24,358.0,11.3,6,4,1,0
2020-01-31,3086.9,4021.9,28.67,14.34,87.24,147.3,57.86,493.1,3155.1,6.8477,72.7,48.9,9.93,358.0,11.37,5,4,1,0
2020-02-03,3031.9,3969.3,29.43,14.3,89.53,138.1,52.77,447.75,3114.1,6.8217,72.91,49.8,9.7,358.1,11.33,5,4,1,0
2020-02-04,3002.2,3863.2,28.21,14.14,86.53,134.46,58.84,481.02,3159.1,6.8648,72.47,49.06,9.66,358.1,11.38,4,4,1,0
2020-02-05,2967.1,3841.2,27.12,13.3,95.63,129.71,51.49,410.91,3235.4,6.885,72.81,48.17,10.41,358.2,11.24,5,4,1,0
2020-02-06,2932.2,3854.6,28.09,13.39,81.07,136.25,54.73,449.24,3144.7,6.8481,72.98,48.25,9.93,358.2,11.19,4,4,1,0
2020-02-07,2767.4,3610.2,27.53,12.63,89.76,132.42,56.07,451.17,3170.5,6.8414,72.39,49.81,10.06,358.2,11.12,5,4,1,0
2020-02-10,2905.2,3765.0,27.56,13.69,85.7,128.56,55.52,483.62,3198.9,6.7886,73.41,48.54,9.82,358.3,10.99,4,4,1,0
2020-02-11,2873.3,3694.7,27.55,12.86,88.68,125.92,53.91,444.45,3178.1,6.8616,73.09,48.35,10.04,358.4,11.05,6,4,1,0
2020-02-12,3032.6,3879.2,27.68,13.29,87.59,127.42,54.66,453.18,3179.7,6.8051,72.79,49.67,10.27,358.4,11.2,4,3,1,0
2020-02-13,3013.4,3865.3,28.34,13.14,83.79,104.08,54.16,454.9,3157.9,6.8271,72.59,49.4,9.85,358.4,10.95,5,4,1,0
2020-02-14,2910.4,3839.9,27.82,13.32,86.83,129.28,54.0,447.71,3163.6,6.8686,72.76,49.53,10.08,358.5,10.99,5,5,1,0
2020-02-17,3043.3,4013.1,28.96,13.95,80.03,123.87,56.6,485.24,3141.6,6.8714,72.85,48.29,9.71,358.6,11.46,4,5,0,0
2020-02-18,3039.4,3946.7,27.59,13.76,87.87,139.32,55.73,451.49,3206.0,6.8267,72.95,47.97,10.4,358.6,11.3,5,4,0,0
2020-02-19,3050.6,3933.1,27.48,13.41,86.86,127.36,53.86,448.56,3116.5,6.8287,73.22,48.87,10.05,358.6,11.16,5,4,0,0
2020-02-20,2975.0,3825.0,28.38,13.89,87.91,118.14,56.74,456.93,3212.6,6.8202,72.73,48.97,9.92,358.7,11.7,6,3,0,0
2020-02-21,2939.8,3848.4,27.64,13.39,89.21,126.52,55.69,442.88,3130.7,6.8055,73.0,48.97,9.94,358.7,10.91,5,5,0,0
2020-02-24,1650.9,1927.5,20.16,9.41,86.88,118.89,26.5,280.0,3216.9,6.823,72.55,49.58,9.9,358.8,11.43,4,3,0,0
2020-02-25,1657.7,1918.2,19.74,9.75,86.14,130.13,26.33,280.0,3172.0,6.7939,72.78,47.8,9.92,358.8,11.21,4,3,0,0
2020-02-26,1721.0,1917.7,20.52,10.35,82.81,128.61,23.87,280.0,3142.4,6.863,72.98,49.22,9.52,358.9,11.39,5,3,0,0
2020-02-27,1632.7,1774.4,19.1,9.57,83.31,133.46,24.52,280.0,3207.0,6.8545,73.07,48.13,9.99,358.9,11.25,5,3,0,0
2020-02-28,1609.1,1850.1,19.64,9.44,89.35,120.19,27.04,280.0,3220.4,6.8597,72.72,49.2,9.99,358.9,10.85,5,3,0,0
2020-03-02,1537.0,1648.1,19.61,8.74,90.03,126.23,27.28,280.0,3176.0,6.8149,72.81,48.46,10.12,359.0,11.23,5,3,0,0
2020-03-03,1585.4,1677.9,19.95,9.24,84.63,115.58,26.31,280.0,3217.7,6.8079,73.3,48.26,9.92,359.1,11.28,4,2,0,0
2020-03-04,1482.6,1656.6,18.78,9.37,85.5,130.94,26.72,280.0,3113.6,6.8456,73.23,48.36,9.87,359.1,10.77,5,3,0,0
2020-03-05,1555.8,1594.6,20.2,9.06,82.42,129.42,28.98,280.0,3148.5,6.8462,73.0,47.9,10.02,359.1,11.59,4,2,0,0
2020-03-06,1404.9,1474.6,18.76,8.43,89.03,129.1,25.78,280.0,3241.1,6.84,72.39,48.71,9.7,359.2,11.26,3,4,0,0
2020-03-09,1583.3,1625.7,18.35,8.94,87.29,125.25,28.32,280.0,3191.5,6.8364,73.6,48.25,10.06,359.3,11.33,4,3,0,0
2020-03-10,1494.5,1626.8,19.27,9.75,91.33,128.21,27.14,280.0,3135.3,6.8967,72.97,49.1,9.66,359.3,10.96,4,2,0,0
2020-03-11,1453.6,1601.5,18.7,9.7,82.27,136.99,27.27,280.0,3177.2,6.8583,72.91,49.02,10.26,359.3,11.32,3,3,0,0
2020-03-12,1437.1,1531.3,19.21,8.9,83.83,122.68,29.81,298.76,3170.5,6.9049,72.86,49.59,10.17,359.4,11.4,4,3,0,0
2020-03-13,1473.6,1559.9,18.79,9.38,85.74,125.72,29.48,280.0,3198.1,6.8841,73.09,48.85,9.85,359.4,11.23,6,4,0,0
2020-03-16,1502.3,1627.8,19.14,8.86,87.91,116.4,29.95,285.03,3194.4,6.8977,73.12,48.93,10.18,359.5,11.17,4,3,0,0
2020-03-17,1381.0,1424.7,17.9,9.49,85.43,117.9,31.0,288.87,3214.8,6.8146,73.26,49.41,10.07,359.5,10.99,4,3,0,0
2020-03-18,1423.2,1447.6,19.16,9.09,83.61,125.02,28.85,284.24,3207.3,6.8649,72.8,48.29,9.85,359.6,11.12,3,4,0,0
2020-03-19,1484.0,1582.1,18.22,9.55,89.51,132.43,30.2,287.95,3258.4,6.8344,72.96,47.81,9.65,359.6,11.06,3,3,0,0
2020-03-20,1387.8,1423.5,17.68,8.34,89.28,122.1,28.58,280.0,3226.9,6.7976,73.56,48.74,10.12,359.6,11.27,4,4,0,0
2020-03-23,1270.1,1368.1,18.48,9.11,84.9,122.13,30.22,281.65,3231.5,6.8931,73.12,47.84,9.9,359.7,10.98,5,4,0,0
2020-03-24,1342.9,1317.7,19.11,8.78,92.45,120.72,29.56,280.0,3257.4,6.8396,73.03,49.97,10.28,359.8,11.26,4,3,0,0
2020-03-25,1348.6,1364.2,18.17,9.26,92.14,119.64,30.14,297.85,3204.1,6.817,72.85,49.42,10.07,359.8,10.98,4,4,0,0
2020-03-26,1277.6,1120.4,18.03,8.89,89.11,125.74,31.2,292.41,3174.7,6.8364,73.22,49.8,9.92,359.8,11.09,4,2,0,0
2020-03-27,1174.1,1157.9,18.46,8.68,89.22,112.18,28.82,298.78,3262.3,6.8252,73.35,48.64,10.43,359.9,11.26,4,4,0,0
2020-03-30,1168.2,1216.6,18.64,8.63,91.59,132.9,34.55,314.22,3228.2,6.8289,73.33,48.91,10.19,360.0,10.99,5,2,0,0
2020-03-31,1297.4,1228.9,17.59,8.93,87.35,118.18,29.14,280.0,3229.5,6.8433,73.06,48.35,9.34,360.0,11.26,4,4,0,0
2020-04-01,1245.3,1168.6,16.89,8.54,90.48,128.47,28.93,280.0,3203.6,6.9021,73.22,49.09,9.98,360.0,11.23,5,4,0,0
2020-04-02,1084.9,1023.9,15.77,8.08,83.78,113.42,33.36,285.22,3205.4,6.8304,73.55,47.93,9.8,360.1,11.07,4,3,0,0
2020-04-03,1135.0,1143.0,17.4,8.23,93.76,127.85,32.87,284.48,3257.7,6.9004,73.41,47.2,9.92,360.1,11.35,3,3,0,0
2020-04-06,1208.2,1017.8,18.19,7.99,86.81,127.77,33.06,308.0,3266.0,6.8767,72.97,48.17,10.06,360.2,11.12,3,3,0,0
2020-04-07,1124.2,896.0,16.35,8.17,96.9,125.5,33.23,312.07,3260.1,6.8634,72.53,47.8,10.16,360.2,11.33,3,3,0,0
2020-04-08,1000.3,1007.3,17.55,8.72,91.32,115.06,32.24,280.26,3261.6,6.8741,73.25,49.41,10.14,360.3,11.46,5,4,0,0
2020-04-09,1184.7,1136.9,17.1,8.7,91.98,124.28,30.81,300.26,3254.9,6.8523,73.38,49.6,10.31,360.3,11.05,4,3,0,0
2020-04-10,1210.2,1011.0,17.35,8.25,90.94,113.44,32.73,296.75,3240.7,6.8907,72.92,47.83,10.22,360.3,11.22,3,3,0,0
2020-04-13,1101.6,1008.4,17.75,8.72,92.88,120.32,31.87,298.45,3233.5,6.8698,73.21,49.31,10.21,360.4,10.96,4,3,0,0
2020-04-14,1175.0,1124.2,17.64,8.55,98.62,129.83,35.0,337.37,3283.1,6.8031,73.15,49.13,10.14,360.4,10.88,4,3,0,0
2020-04-15,1067.9,940.8,17.38,8.48,86.41,127.99,33.15,316.17,3228.8,6.8621,73.25,47.74,10.36,360.5,11.04,3,3,0,0
2020-04-16,975.7,862.1,16.53,8.14,98.74,122.04,32.09,295.0,3256.0,6.877,73.1,48.39,10.04,360.5,10.81,5,3,0,0
2020-04-17,954.9,875.2,17.3,8.49,96.02,114.52,33.16,294.81,3216.0,6.845,73.56,48.29,10.05,360.5,10.89,4,3,0,0
2020-04-20,1152.9,969.2,17.26,7.79,91.93,126.59,34.98,292.02,3224.6,6.8581,73.3,49.02,9.73,360.6,11.18,4,3,0,0
2020-04-21,983.9,931.3,17.09,8.03,92.63,121.81,33.38,298.38,3240.5,6.8361,73.05,47.94,10.33,360.7,10.96,4,4,0,0
2020-04-22,1216.9,1132.1,18.73,8.07,101.72,104.17,33.08,302.43,3221.8,6.8134,73.5,48.56,10.1,360.7,11.2,3,3,0,0
2020-04-23,1199.7,1055.2,17.96,8.47,93.62,127.36,35.17,307.28,3279.0,6.8085,72.96,48.24,10.71,360.7,11.12,3,3,0,0
2020-04-24,1041.6,990.9,17.0,8.96,93.24,121.23,35.33,318.68,3205.1,6.8091,73.61,48.88,10.04,360.8,11.42,5,3,0,0
2020-04-27,1019.0,914.4,17.12,8.22,101.42,130.35,34.47,315.33,3259.2,6.8759,73.56,48.51,10.14,360.9,11.15,4,3,0,0
2020-04-28,1169.2,982.1,17.32,8.31,99.15,113.04,34.7,313.26,3261.5,6.7814,73.66,48.34,10.24,360.9,11.26,4,3,0,0
2020-04-29,1021.3,804.1,16.91,8.56,95.35,97.36,36.13,317.89,3194.6,6.8363,73.28,48.52,9.91,360.9,11.12,3,3,0,0
2020-04-30,1117.2,1043.9,19.15,8.92,99.33,123.2,33.27,308.26,3243.7,6.8335,73.2,49.76,10.2,361.0,11.1,3,3,0,0
2020-05-01,1108.4,888.0,17.31,8.32,95.63,123.23,33.51,313.16,3269.2,6.8483,73.36,48.42,10.14,361.0,11.27,4,3,0,0
2020-05-04,1138.2,934.2,15.82,8.62,103.29,108.29,35.24,306.55,3278.7,6.8017,73.33,48.08,10.08,361.1,11.16,4,3,0,0
2020-05-05,1132.9,999.2,17.39,8.32,103.45,113.57,36.31,343.87,3257.7,6.8697,73.2,48.98,10.38,361.1,11.06,5,2,0,0
2020-05-06,1077.1,1003.3,16.39,9.12,102.04,141.51,37.42,333.29,3289.7,6.8196,73.23,48.59,9.96,361.2,11.06,5,3,0,0
2020-05-07,1079.0,968.2,17.5,9.44,101.78,118.49,39.68,350.07,3263.4,6.892,73.28,47.89,10.2,361.2,11.12,4,3,0,0
2020-05-08,1081.1,916.8,16.28,8.8,106.54,126.21,38.73,351.89,3268.8,6.8396,73.09,49.91,10.44,361.2,10.88,4,3,0,0
2020-05-11,1118.1,1011.8,17.14,7.94,101.76,115.79,37.4,337.09,3280.6,6.856,73.57,48.49,10.01,361.3,10.86,4,3,0,0
2020-05-12,1174.0,1011.0,16.84,8.54,98.26,104.94,37.81,348.57,3305.4,6.8592,73.4,48.49,10.1,361.4,11.28,5,3,0,0
2020-05-13,1035.8,987.9,17.81,8.81,103.77,119.29,36.21,329.66,3250.4,6.8667,73.34,48.79,10.63,361.4,11.37,5,4,0,0
2020-05-14,1165.9,1188.4,18.21,8.75,109.29,118.52,38.14,332.02,3258.2,6.8607,73.15,49.66,10.25,361.4,10.81,4,3,0,0
2020-05-15,1225.5,1150.7,18.39,9.35,99.65,117.47,37.82,341.52,3253.0,6.847,73.14,47.79,10.06,361.5,10.86,4,4,0,0
2020-05-18,1208.7,1177.0,18.13,9.1,102.59,119.56,39.41,334.29,3268.2,6.8707,73.94,48.88,10.33,361.6,11.21,5,3,0,0
2020-05-19,1260.6,1268.7,17.6,8.8,105.37,122.36,37.51,336.36,3330.9,6.8746,73.3,49.88,10.05,361.6,11.09,4,4,0,0
2020-05-20,1154.3,1191.7,18.77,9.04,104.15,119.21,40.1,352.26,3302.2,6.8379,73.62,48.82,9.86,361.6,11.11,5,3,0,0
2020-05-21,1235.8,1179.4,19.76,8.76,101.46,110.82,42.09,363.68,3243.7,6.8739,73.51,48.08,10.45,361.7,11.15,3,3,0,0
2020-05-22,1252.6,1211.4,18.69,8.95,108.48,123.91,39.29,345.66,3263.4,6.8971,72.78,48.43,9.95,361.7,10.92,4,2,0,0
2020-05-25,1238.6,1134.3,17.79,8.64,113.16,105.61,40.71,334.22,3300.9,6.8832,73.95,48.89,10.67,361.8,11.03,4,3,0,0
2020-05-26,1280.7,1245.7,17.69,9.53,106.65,104.82,41.29,354.2,3257.3,6.8902,73.68,49.52,10.08,361.8,11.01,5,3,0,0
2020-05-27,1281.4,1262.5,18.03,9.85,103.42,125.71,39.38,348.91,3264.8,6.8676,73.32,48.61,10.61,361.9,10.78,5,3,0,0
2020-05-28,1280.6,1159.0,18.68,8.51,101.64,123.94,40.56,357.74,3338.4,6.8346,73.51,49.26,9.91,361.9,11.01,4,3,0,0
2020-05-29,1307.9,1396.2,19.65,8.59,107.7,119.69,40.24,341.27,3271.0,6.8386,73.24,48.03,10.39,361.9,11.2,5,3,0,0
2020-06-01,1263.1,1181.6,18.77,9.03,111.26,109.63,40.55,370.95,3329.3,6.8731,74.0,48.04,10.29,362.0,10.87,7,4,0,1
2020-06-02,1177.3,1220.1,18.86,8.43,109.54,114.77,39.04,335.09,3341.0,6.892,73.33,48.58,10.36,362.1,10.97,6,3,0,1
2020-06-03,1369.1,1454.7,19.87,9.52,108.29,118.09,40.53,367.25,3272.6,6.9475,73.43,49.65,10.39,362.1,10.97,7,4,0,1
2020-06-04,1370.0,1485.4,19.83,9.8,106.7,108.07,41.44,366.91,3268.2,6.8936,73.39,48.91,10.1,362.1,10.87,6,3,0,1
2020-06-05,1395.8,1369.9,18.71,9.89,105.37,114.49,43.21,366.07,3290.9,6.8293,73.59,49.04,9.94,362.2,11.06,6,3,0,1
2020-06-08,1419.4,1472.9,19.82,9.73,112.39,124.91,42.49,390.22,3265.9,6.842,73.94,49.05,10.2,362.3,10.78,6,4,0,1
2020-06-09,1443.7,1506.9,19.05,9.52,112.93,130.72,44.69,369.58,3309.4,6.9336,74.05,49.52,10.25,362.3,11.18,6,3,0,1
2020-06-10,1362.9,1465.9,19.38,8.78,105.34,116.86,39.49,359.56,3299.1,6.8591,73.51,48.59,10.12,362.3,11.04,6,3,0,1
2020-06-11,1570.4,1727.2,20.62,9.99,115.66,125.67,42.5,380.98,3320.1,6.8671,73.71,49.31,10.27,362.4,10.72,7,3,0,1
2020-06-12,1374.4,1457.2,20.36,9.44,112.7,105.64,41.31,352.86,3357.5,6.8371,73.64,48.49,10.28,362.4,11.25,6,4,0,1
2020-06-15,2280.2,2782.9,23.09,11.89,116.19,124.95,45.09,403.29,3340.6,6.9135,73.4,50.05,10.04,362.5,10.93,5,3,0,1
2020-06-16,2280.7,2891.0,24.0,11.25,107.7,113.98,39.74,347.26,3330.3,6.8818,74.26,48.54,10.3,362.5,10.75,6,4,0,1
2020-06-17,2407.1,2907.2,24.77,11.4,107.91,122.32,39.74,353.71,3245.5,6.8438,74.0,48.51,10.17,362.6,11.11,6,3,0,1
2020-06-18,2231.1,2867.0,24.21,11.0,112.09,118.16,40.23,356.69,3331.0,6.8374,73.71,49.31,10.09,362.6,10.99,7,3,0,1
2020-06-19,2243.9,2819.2,23.86,10.51,114.46,129.93,37.54,333.66,3376.9,6.8767,74.07,49.07,10.39,362.6,10.53,7,2,0,1
2020-06-22,2439.8,2931.1,24.39,11.27,119.45,113.48,40.58,365.68,3214.7,6.8694,73.99,49.22,10.08,362.7,10.77,7,5,0,1
2020-06-23,2330.1,2924.8,24.81,11.09,116.25,124.76,40.22,362.99,3345.4,6.8933,73.72,49.18,10.14,362.7,10.93,7,4,0,1
2020-06-24,2251.9,2871.3,22.89,11.56,113.49,117.98,41.91,343.99,3316.8,6.885,73.79,48.47,10.25,362.8,10.44,7,3,0,1
2020-06-25,2344.1,2895.5,23.18,11.53,111.27,118.91,42.31,383.34,3293.8,6.8608,74.09,49.97,10.51,362.8,10.88,6,3,0,1
2020-06-26,2214.1,2746.7,23.44,11.21,118.77,118.74,45.12,366.89,3352.7,6.8527,73.48,49.6,10.28,362.8,10.9,7,3,0,1
2020-06-29,2244.2,2821.8,22.51,11.29,112.6,113.8,43.62,389.02,3388.0,6.8648,74.16,49.87,10.35,362.9,10.62,7,4,0,1
2020-06-30,2167.3,2722.0,24.22,10.26,121.19,120.06,40.93,371.83,3356.4,6.8533,73.69,48.85,10.19,363.0,10.91,6,3,0,1
2020-07-01,2418.4,2812.5,24.18,11.87,115.35,119.73,40.4,341.65,3317.4,6.8662,74.13,49.38,10.24,363.0,10.85,7,4,0,1
2020-07-02,2365.5,2965.7,23.85,11.37,121.63,122.04,42.96,367.2,3298.6,6.8708,73.76,49.28,10.24,363.0,10.61,6,5,0,1
2020-07-03,2195.2,2830.5,23.15,11.2,119.0,120.9,39.75,337.06,3337.8,6.8436,73.85,49.81,10.31,363.1,11.03,6,3,0,1
2020-07-06,2519.9,3070.6,24.63,11.49,117.24,126.28,45.59,387.44,3366.7,6.8901,73.78,49.85,10.2,363.2,11.0,6,4,0,1
2020-07-07,2359.3,2888.6,24.05,12.02,116.3,127.26,44.47,378.71,3323.8,6.8603,73.66,49.33,10.53,363.2,10.77,7,5,0,1
2020-07-08,2316.8,2929.9,24.15,11.75,117.16,112.5,41.56,371.96,3328.3,6.8464,73.73,48.41,10.19,363.2,10.79,7,4,0,1
2020-07-09,2315.7,2941.2,24.38,11.37,119.91,126.94,39.37,363.47,3438.4,6.8613,74.15,50.24,9.92,363.3,10.97,6,4,0,1
2020-07-10,2373.2,2905.5,24.2,11.7,119.07,111.57,44.95,402.41,3378.5,6.8793,73.24,49.59,10.82,363.3,10.78,6,4,0,1
2020-07-13,2367.5,2968.5,24.7,12.28,117.77,124.92,42.47,362.06,3384.5,6.8752,73.52,48.97,10.21,363.4,10.43,6,4,0,1
2020-07-14,2375.1,3111.5,25.05,12.0,119.43,125.21,44.96,383.22,3294.3,6.8856,73.66,49.54,10.54,363.4,10.91,5,4,0,1
2020-07-15,2490.1,3001.2,23.47,11.5,120.49,106.28,39.92,331.24,3321.8,6.9001,73.58,48.51,10.56,363.5,10.64,6,4,0,1
2020-07-16,2366.1,2980.9,24.91,11.34,113.71,121.37,41.76,354.32,3350.3,6.9125,74.23,49.94,10.47,363.5,10.73,6,3,0,1
2020-07-17,2496.1,3033.3,23.63,11.25,122.28,117.21,42.91,383.34,3313.8,6.8822,74.18,48.57,10.24,363.5,11.09,7,4,0,1
2020-07-20,2547.1,3130.0,24.86,12.06,118.53,115.1,43.15,392.78,3408.3,6.8422,74.03,49.28,10.34,363.6,10.76,7,3,0,1
2020-07-21,2529.2,3280.1,25.59,12.21,118.26,130.98,42.31,352.87,3402.8,6.8664,73.73,49.55,10.03,363.7,10.79,5,4,0,1
2020-07-22,2669.5,3340.4,24.91,12.7,116.83,116.01,44.29,374.07,3335.9,6.8446,74.23,50.01,10.69,363.7,10.89,7,4,0,1
2020-07-23,2514.7,3230.1,25.09,11.28,116.77,114.93,41.3,360.55,3418.2,6.9258,73.51,49.52,10.12,363.7,10.88,6,4,0,1
2020-07-24,2500.6,3303.1,25.63,11.87,118.46,121.61,43.02,375.92,3356.7,6.9347,74.45,49.83,10.24,363.8,10.6,7,4,0,1
2020-07-27,2649.1,3422.4,25.0,12.19,121.38,126.25,43.66,367.18,3451.0,6.8953,73.76,49.48,10.32,363.9,10.76,6,4,0,1
2020-07-28,2615.0,3304.9,25.36,12.34,130.19,120.12,44.42,387.18,3366.5,6.9017,73.87,49.5,10.28,363.9,10.77,6,4,0,1
2020-07-29,2609.7,3363.8,25.4,12.33,122.54,130.01,44.83,379.19,3382.8,6.8837,73.84,49.59,10.17,363.9,10.82,7,3,0,1
2020-07-30,2668.8,3443.9,25.22,12.35,125.07,125.32,41.58,362.6,3412.8,6.8874,73.68,49.46,10.59,364.0,10.82,6,3,0,1
2020-07-31,2729.6,3425.6,27.04,12.53,126.07,105.08,40.9,364.69,3409.6,6.8287,74.44,48.65,10.5,364.0,11.28,6,4,0,1
2020-08-03,2699.7,3459.9,25.46,12.29,126.06,117.52,46.13,393.74,3386.3,6.8751,74.18,49.18,10.38,364.1,10.51,5,4,0,1
2020-08-04,2629.9,3425.1,26.33,12.78,125.68,117.36,44.48,377.23,3364.6,6.8511,74.29,49.76,10.24,364.1,10.94,7,4,0,1
2020-08-05,2715.9,3438.7,25.37,12.58,122.39,125.26,42.59,368.3,3388.7,6.8862,73.69,49.51,10.53,364.2,10.98,7,4,0,1
2020-08-06,2778.9,3576.6,25.65,12.68,131.14,102.06,46.78,397.07,3343.3,6.8762,74.04,49.58,10.23,364.2,10.84,6,4,0,1
2020-08-07,2707.3,3677.1,26.52,13.38,132.56,140.95,44.25,376.49,3378.3,6.9366,74.14,49.51,10.64,364.2,10.61,6,4,0,1
2020-08-10,2910.8,3764.7,27.31,13.59,122.25,125.91,46.33,391.96,3337.6,6.9063,74.09,49.23,10.35,364.3,11.06,7,5,0,1
2020-08-11,2729.0,3483.4,26.71,13.01,124.64,123.14,44.39,401.02,3315.2,6.8876,73.74,49.46,10.58,364.4,10.29,6,5,0,1
2020-08-12,2808.9,3637.3,27.73,11.92,127.31,130.98,48.03,413.33,3380.5,6.8713,74.31,49.58,10.31,364.4,10.59,6,5,0,1
2020-08-13,2820.0,3586.6,28.33,13.38,125.4,139.79,47.53,399.69,3424.1,6.9298,74.08,49.78,10.35,364.4,10.95,8,4,0,1
2020-08-14,2759.6,3614.5,26.54,13.07,130.39,128.84,43.98,387.44,3413.4,6.8788,73.81,50.01,10.58,364.5,10.64,6,3,0,1
2020-08-17,2811.0,3615.9,25.99,13.52,127.29,129.53,46.34,391.13,3381.6,6.8903,73.61,49.72,10.78,364.6,11.03,7,4,0,1
2020-08-18,2764.5,3691.9,27.1,13.45,136.84,123.5,45.81,405.59,3446.8,6.8819,74.23,49.28,10.65,364.6,10.4,7,4,0,1
2020-08-19,2859.1,3685.5,26.61,13.56,134.0,121.56,47.17,405.17,3366.9,6.8687,74.7,49.09,10.52,364.6,10.48,7,4,0,1
2020-08-20,2917.2,3655.6,26.93,13.07,131.16,119.16,43.02,371.26,3320.8,6.8821,73.84,51.31,10.46,364.7,10.59,7,4,0,1
2020-08-21,2762.6,3644.3,25.74,13.38,134.05,116.64,46.05,398.5,3312.7,6.8224,74.14,49.29,10.25,364.7,10.78,7,4,0,1
2020-08-24,2787.9,3665.4,27.99,13.52,135.15,117.79,46.88,379.95,3351.2,6.8355,74.4,49.65,10.41,364.8,10.64,7,5,0,1
2020-08-25,2822.8,3716.1,26.87,12.81,130.09,112.93,41.87,351.17,3422.3,6.8926,73.81,50.24,10.17,364.8,10.59,6,4,0,1
2020-08-26,2883.1,3744.7,25.37,12.26,129.57,122.61,42.96,357.78,3372.6,6.9294,74.02,50.17,10.43,364.9,10.96,7,5,0,1
2020-08-27,2836.5,3765.1,26.13,12.77,132.72,110.66,41.47,363.72,3412.1,6.893,73.93,50.29,10.45,364.9,10.98,6,4,0,1
2020-08-28,2862.9,3690.3,27.32,13.14,135.51,124.84,44.71,404.83,3454.7,6.8612,74.4,49.78,9.97,364.9,10.59,7,4,0,1
2020-08-31,2940.2,3778.0,28.03,13.28,134.05,123.26,46.65,424.01,3362.1,6.8402,74.5,50.18,10.38,365.0,10.32,7,5,0,1
2020-09-01,2947.7,3814.0,26.46,12.81,128.84,124.75,48.12,414.87,3418.5,6.9072,74.22,50.1,10.45,365.0,10.23,7,4,0,1
2020-09-02,2884.9,3895.8,27.81,12.69,131.6,119.86,45.6,396.11,3421.7,6.8669,73.97,49.92,10.35,365.1,10.71,7,5,0,1
2020-09-03,2945.7,3775.0,25.61,12.77,134.22,146.98,48.46,387.89,3373.9,6.9034,74.08,50.25,10.44,365.1,10.79,6,4,0,1
2020-09-04,2922.6,3743.4,26.5,13.14,134.5,134.23,43.1,366.54,3452.6,6.896,74.04,50.72,10.11,365.1,10.67,5,4,0,1
2020-09-07,3036.0,3928.9,27.8,13.65,141.91,114.82,42.68,360.76,3398.6,6.8993,73.97,50.15,10.23,365.2,10.63,6,4,0,1
2020-09-08,2934.7,3806.4,26.57,13.37,131.44,126.03,45.7,383.3,3396.3,6.8862,74.2,50.17,10.59,365.3,10.48,6,5,0,1
2020-09-09,2935.2,3819.0,26.11,13.51,137.78,119.86,46.54,394.49,3484.8,6.8969,74.38,50.79,10.38,365.3,10.77,6,4,0,1
2020-09-10,3043.2,3924.4,27.42,13.21,141.21,116.94,45.85,386.11,3430.4,6.882,74.36,50.76,10.45,365.3,10.97,6,5,0,1
2020-09-11,3031.0,3835.6,26.21,12.25,144.0,114.64,42.24,343.49,3445.6,6.8668,74.24,51.12,10.28,365.4,10.19,6,4,0,1
2020-09-14,2864.0,3799.4,27.51,12.99,136.29,128.06,45.97,401.55,3464.1,6.8576,74.28,49.31,10.4,365.5,10.61,6,4,0,1
2020-09-15,3054.9,3939.1,26.58,13.05,139.44,119.85,43.83,365.2,3395.1,6.8152,74.25,50.79,9.94,365.5,10.43,5,4,0,1
2020-09-16,2916.1,3813.1,26.68,13.02,139.98,132.36,47.44,405.48,3462.7,6.8815,73.96,50.65,10.57,365.5,10.32,7,4,0,1
2020-09-17,2927.7,3834.6,26.13,13.35,139.06,132.7,46.95,424.16,3402.6,6.9327,74.33,49.85,10.76,365.6,10.39,8,4,0,1
2020-09-18,2788.9,3727.8,26.68,13.03,138.41,135.69,44.65,372.62,3402.2,6.9093,74.15,50.5,10.19,365.6,10.69,7,4,0,1
2020-09-21,2890.7,3789.0,26.52,13.19,140.97,119.14,45.59,359.62,3415.2,6.8949,73.98,50.96,10.22,365.7,10.68,6,4,0,1
2020-09-22,2891.2,3845.4,26.25,12.99,131.76,129.24,44.66,380.25,3404.1,6.8662,74.41,49.95,10.5,365.7,10.89,6,4,0,1
2020-09-23,2922.8,3853.1,27.48,12.61,142.33,130.57,46.51,409.46,3455.8,6.9184,74.17,50.68,10.71,365.8,10.6,6,4,0,1
2020-09-24,2902.0,3870.2,28.32,13.27,140.83,122.42,48.39,432.58,3437.5,6.8851,74.39,50.93,10.41,365.8,10.24,7,4,0,1
2020-09-25,3027.8,4016.0,27.31,13.3,140.0,120.34,44.96,370.94,3412.1,6.9362,74.55,49.89,10.17,365.8,10.54,7,4,0,1
2020-09-28,3059.1,4061.6,28.19,14.02,148.11,138.35,47.8,411.01,3456.4,6.8601,74.12,50.42,10.38,365.9,10.3,6,4,0,1
2020-09-29,3167.2,4191.1,28.35,13.44,139.69,128.14,45.99,387.18,3424.3,6.8673,74.39,50.69,10.22,366.0,10.34,8,5,0,1
2020-09-30,3017.3,4090.6,27.09,13.68,140.84,131.35,45.58,388.65,3423.6,6.8646,73.92,50.11,10.29,366.0,10.69,6,4,0,1
2020-10-01,2911.3,3911.9,29.09,13.59,148.79,120.57,46.87,430.42,3437.9,6.8458,74.77,50.08,10.37,366.0,10.61,5,5,0,0
2020-10-02,3036.7,3966.5,26.98,13.22,140.04,117.75,45.25,369.66,3453.6,6.8623,74.05,50.51,10.24,366.1,10.69,5,4,0,0
2020-10-05,2962.8,3941.7,27.93,13.66,141.79,122.78,46.28,397.75,3454.5,6.8942,74.28,51.05,10.28,366.2,10.49,6,4,0,0
2020-10-06,3071.8,3965.7,28.03,13.11,143.37,126.28,45.18,392.81,3429.3,6.87,74.75,50.99,10.45,366.2,10.71,5,6,0,0
2020-10-07,3165.7,4178.8,28.59,13.73,146.81,119.39,50.92,439.31,3472.8,6.7759,74.36,50.18,10.48,366.2,10.47,5,4,0,0
2020-10-08,3132.6,4097.3,28.45,13.6,145.07,127.46,47.5,404.21,3436.5,6.924,74.13,51.04,10.16,366.3,10.77,5,5,0,0
2020-10-09,3202.9,4144.4,28.3,13.41,140.56,115.04,46.24,398.11,3422.5,6.8415,74.62,50.24,10.52,366.3,10.62,5,5,0,0
2020-10-12,3177.6,4239.3,27.56,13.98,143.84,119.47,48.05,402.01,3397.5,6.9103,74.63,49.83,10.37,366.4,10.5,4,5,0,0
2020-10-13,3117.8,4166.5,28.08,13.47,143.89,133.06,47.51,406.32,3484.4,6.8938,74.31,50.54,10.59,366.4,10.58,4,4,0,0
2020-10-14,3205.3,4190.2,27.89,13.78,145.87,132.73,47.37,398.01,3451.6,6.9566,74.34,51.38,10.61,366.5,10.53,4,4,0,0
2020-10-15,3206.0,4219.6,28.31,13.84,147.76,125.43,48.93,420.18,3459.7,6.9232,74.37,51.15,10.34,366.5,10.85,4,4,0,0
2020-10-16,3193.8,4255.0,27.77,13.95,148.02,120.9,49.24,410.42,3490.1,6.8784,74.43,50.8,10.58,366.5,10.58,5,4,0,0
2020-10-19,3271.9,4253.6,29.28,13.68,141.85,121.0,47.09,404.73,3440.2,6.8731,74.03,50.6,10.29,366.6,10.52,5,4,0,0
2020-10-20,3298.7,4420.9,30.06,13.93,151.22,126.07,47.06,399.67,3410.0,6.9395,74.47,50.63,10.73,366.7,10.47,4,4,0,0
2020-10-21,3366.2,4507.2,30.12,14.32,148.91,133.88,47.66,417.59,3461.7,6.8503,74.97,50.93,10.31,366.7,10.68,5,5,0,0
2020-10-22,3290.0,4388.9,29.53,13.95,152.82,136.18,44.06,379.02,3471.1,6.9006,74.3,50.3,10.54,366.7,10.65,5,4,0,0
2020-10-23,3197.0,4318.4,28.15,13.72,150.09,125.67,45.54,368.36,3452.3,6.8911,74.39,50.72,10.43,366.8,10.45,5,5,0,0
2020-10-26,3337.9,4459.4,29.17,14.95,153.05,120.91,50.89,441.18,3516.6,6.8854,74.26,50.81,10.27,366.9,10.27,4,4,0,0
2020-10-27,3418.1,4481.6,28.91,13.91,151.3,131.75,51.44,418.94,3379.1,6.9065,74.71,50.21,10.66,366.9,10.31,5,4,0,0
2020-10-28,3313.6,4392.7,29.35,13.99,154.4,123.74,48.09,399.16,3506.5,6.9018,74.87,50.51,10.36,366.9,10.45,5,4,0,0
2020-10-29,3402.5,4564.0,29.73,13.77,152.05,126.21,49.63,410.33,3496.1,6.9101,74.87,51.22,10.14,367.0,10.76,5,5,0,0
2020-10-30,3419.8,4606.1,29.88,14.64,150.35,140.21,49.21,431.1,3485.6,6.9008,74.27,51.02,9.91,367.0,10.43,5,5,0,0
2020-11-02,3328.3,4424.6,30.13,13.81,158.79,136.65,54.35,423.97,3356.3,6.9098,74.73,50.86,10.31,367.1,10.36,6,4,0,0
2020-11-03,3434.6,4558.0,30.39,14.53,154.64,131.81,50.88,463.64,3519.1,6.9003,74.97,50.55,10.77,367.1,10.12,4,4,0,0
2020-11-04,3422.4,4549.9,29.13,14.25,153.92,121.27,48.69,423.76,3439.4,6.8779,74.74,51.94,10.74,367.2,10.77,5,4,0,0
2020-11-05,3379.1,4555.8,29.05,14.37,148.28,132.57,47.25,404.01,3458.7,6.898,74.74,50.63,10.35,367.2,10.58,5,5,0,0
2020-11-06,3433.3,4589.1,29.92,14.07,148.53,139.14,46.14,393.08,3471.6,6.8767,74.51,51.25,10.42,367.2,10.62,4,5,0,0
2020-11-09,3329.2,4414.3,29.9,13.96,154.44,128.53,49.56,420.43,3495.3,6.8754,74.7,50.86,10.41,367.3,10.65,6,4,0,0
2020-11-10,3420.5,4673.2,30.3,15.0,154.26,141.67,47.89,411.89,3504.6,6.8889,74.97,51.16,10.24,367.3,10.42,4,5,0,0
2020-11-11,3317.3,4420.1,30.32,14.19,152.11,141.41,46.74,405.6,3514.6,6.8956,74.74,51.41,10.32,367.4,10.47,5,5,0,0
2020-11-12,3223.5,4455.6,30.35,13.99,154.81,144.38,48.19,414.39,3513.1,6.9005,74.36,50.43,10.7,367.4,10.74,5,4,0,0
2020-11-13,3359.9,4462.2,29.48,14.05,159.73,134.37,47.47,403.84,3494.5,6.9271,74.56,51.19,10.61,367.4,10.48,5,5,0,0
2020-11-16,3362.0,4451.6,28.95,14.88,157.72,136.67,52.61,435.41,3503.7,6.8854,75.0,51.87,10.57,367.5,10.55,4,5,0,0
2020-11-17,3391.0,4490.1,28.67,14.23,152.13,143.06,51.22,426.47,3452.1,6.9064,74.79,52.2,10.25,367.6,10.6,5,4,0,0
2020-11-18,3259.1,4373.3,28.79,13.83,155.71,135.99,49.67,415.43,3465.1,6.9043,74.74,51.18,10.54,367.6,10.56,5,4,0,0
2020-11-19,3361.1,4477.6,30.22,14.19,153.77,129.06,52.41,449.96,3523.9,6.8827,74.58,51.29,10.06,367.6,10.4,5,4,0,0
2020-11-20,3502.6,4611.5,31.09,14.3,155.39,129.64,49.94,426.68,3523.0,6.9034,75.02,52.5,10.69,367.7,10.41,4,4,0,0
2020-11-23,3506.3,4618.1,29.64,13.98,156.16,134.98,48.41,373.9,3522.5,6.9319,75.16,51.93,10.58,367.8,10.57,5,5,0,0
2020-11-24,3447.3,4638.7,30.96,14.2,156.24,123.7,52.76,446.62,3480.3,6.9077,75.07,50.98,10.26,367.8,10.56,5,5,0,0
2020-11-25,3485.7,4685.5,30.0,14.22,154.04,132.49,51.04,429.41,3531.3,6.9091,75.12,50.99,10.86,367.8,10.64,5,3,0,0
2020-11-26,3557.9,4722.4,30.46,14.25,157.93,141.98,48.26,407.93,3460.0,6.8813,74.68,51.88,10.18,367.9,10.51,6,4,0,0
2020-11-27,3322.2,4558.2,30.14,14.55,156.83,117.51,49.84,414.23,3539.5,6.9618,74.65,50.81,10.64,367.9,10.52,3,3,0,0
2020-11-30,3508.5,4757.3,29.05,14.56,150.1,145.64,48.77,425.11,3496.1,6.8839,74.75,51.98,10.65,368.0,10.3,5,5,0,0
2020-12-01,3560.4,4708.8,29.84,14.51,166.33,142.73,47.91,417.15,3565.3,6.8536,74.81,51.58,10.3,368.0,10.27,4,5,0,0
2020-12-02,3515.8,4667.2,30.68,15.01,163.53,131.05,52.12,425.14,3454.3,6.9296,75.16,51.7,10.54,368.1,10.54,6,5,0,0
2020-12-03,3539.5,4751.6,30.78,15.3,159.13,138.77,53.94,451.71,3570.4,6.9006,75.1,51.29,10.22,368.1,10.27,5,4,0,0
2020-12-04,3369.7,4632.8,28.86,14.24,160.67,134.9,48.05,395.05,3497.2,6.8952,74.95,51.1,9.98,368.1,10.37,5,5,0,0
2020-12-07,3452.0,4647.7,28.32,14.26,157.72,144.29,51.74,415.28,3500.0,6.8885,74.48,52.26,10.34,368.2,10.65,5,5,0,0
2020-12-08,3356.9,4541.3,29.27,13.99,167.18,142.62,49.61,409.83,3521.2,6.9613,74.43,51.33,10.43,368.3,10.61,4,4,0,0
2020-12-09,3510.4,4709.2,30.2,14.9,168.11,124.94,49.96,430.07,3491.2,6.916,74.91,51.26,10.69,368.3,10.42,4,4,0,0
2020-12-10,3553.0,4864.8,30.16,14.81,162.82,140.03,49.82,430.25,3514.2,6.9221,75.08,51.45,10.57,368.3,10.3,6,4,0,0
2020-12-11,3482.5,4771.6,30.45,14.56,165.88,134.27,49.39,422.01,3492.0,6.9107,74.85,51.62,10.58,368.4,10.33,6,5,0,0
2020-12-14,3368.6,4674.8,30.54,14.36,164.02,136.62,51.2,436.84,3496.8,6.9145,75.37,50.96,10.37,368.5,10.52,6,5,0,0
2020-12-15,3552.1,4704.7,30.6,14.34,159.46,130.73,49.67,423.95,3539.5,6.9486,74.63,51.23,10.46,368.5,10.34,5,5,0,0
2020-12-16,3474.1,4709.5,28.65,14.73,162.71,149.49,51.71,423.91,3492.1,6.8994,74.6,51.21,10.39,368.5,10.23,5,4,0,0
2020-12-17,3528.3,4750.7,29.55,14.27,164.73,144.36,51.18,433.23,3497.9,6.8634,74.74,52.03,10.33,368.6,10.58,5,5,0,0
2020-12-18,3574.7,4835.7,30.5,15.22,163.14,131.2,50.9,435.72,3477.9,6.9334,74.74,51.09,10.46,368.6,10.37,5,4,0,0
2020-12-21,3492.7,4790.7,30.85,14.58,164.75,126.92,49.86,428.1,3511.7,6.9229,75.07,50.62,10.6,368.7,10.21,4,4,0,0
2020-12-22,3562.0,4914.0,31.28,14.95,165.44,134.23,50.51,437.74,3576.4,6.9114,74.84,50.51,10.47,368.7,10.42,5,3,0,0
2020-12-23,3576.0,4916.0,31.39,14.6,165.76,140.56,52.96,448.65,3502.1,6.9225,74.56,50.8,10.52,368.8,10.52,5,5,0,0
2020-12-24,3642.8,4998.4,31.02,15.14,166.47,139.29,52.56,441.62,3507.2,6.8975,75.18,52.37,10.73,368.8,10.12,5,4,0,0
2020-12-25,3676.0,4965.1,30.86,14.93,163.19,147.07,49.95,432.52,3540.8,6.9095,74.52,51.64,10.49,368.8,10.28,5,5,0,0
2020-12-28,3665.1,5038.8,30.84,15.14,165.14,143.78,52.06,433.66,3524.4,6.9056,74.72,51.91,10.33,368.9,10.26,5,3,0,0
2020-12-29,3724.5,4933.1,31.46,15.51,163.61,145.32,53.28,431.75,3616.5,6.892,74.59,51.94,10.71,369.0,10.39,6,5,0,0
2020-12-30,3634.5,4848.6,29.88,14.81,171.13,140.68,48.98,411.12,3534.0,6.9456,75.05,51.69,10.65,369.0,10.43,5,3,0,0
2020-12-31,3601.8,4814.6,31.15,14.54,161.55,127.99,53.07,431.95,3552.6,6.8678,75.05,51.63,10.67,369.0,10.19,5,5,0,0
2021-01-01,3528.9,4773.2,30.45,14.43,172.05,137.12,50.93,418.24,3574.2,6.981,75.49,52.25,10.73,369.0,10.0,6,5,0,0
2021-01-04,3654.1,4841.2,30.76,15.13,173.65,146.72,53.53,442.26,3577.0,6.9372,75.26,51.76,10.7,369.1,10.49,6,4,0,0
2021-01-05,3499.4,4734.9,29.78,15.08,168.53,138.57,51.25,419.02,3553.9,6.8578,75.39,52.46,10.62,369.2,10.06,6,5,0,0
2021-01-06,3522.1,4755.7,29.33,14.72,161.45,142.91,49.5,412.93,3541.3,6.9046,75.11,52.04,11.09,369.2,10.34,5,4,0,0
2021-01-07,3542.4,4771.8,29.67,14.79,168.91,136.92,49.95,396.93,3618.9,6.9065,74.8,51.37,10.36,369.2,10.25,5,5,0,0
2021-01-08,3583.9,4795.0,30.44,15.07,170.15,131.77,53.09,443.57,3545.7,6.9235,75.09,51.44,10.5,369.3,10.31,4,5,0,0
2021-01-11,3537.9,4728.1,28.93,15.27,167.97,138.75,53.85,446.18,3537.2,6.8827,75.22,51.32,10.81,369.4,10.6,5,3,0,0
2021-01-12,3534.0,4808.9,30.35,14.08,169.84,142.17,51.88,422.97,3531.2,6.9136,75.26,52.4,10.65,369.4,10.87,5,4,0,0
2021-01-13,3533.6,4812.8,31.49,15.22,176.67,135.11,54.78,460.42,3494.5,6.9092,74.97,51.51,10.78,369.4,9.93,5,4,0,0
2021-01-14,3619.6,4855.7,31.14,15.25,174.19,138.44,50.77,436.46,3584.9,6.8909,75.22,51.3,10.66,369.5,10.45,6,4,0,0
2021-01-15,3552.3,4744.6,29.99,14.22,169.38,133.33,53.76,426.3,3475.1,6.887,74.87,51.92,10.9,369.5,10.22,4,5,0,0
2021-01-18,3598.4,4903.3,30.83,14.6,168.08,148.95,52.08,424.98,3560.5,6.9415,74.86,51.7,10.43,369.6,10.46,6,4,0,0
2021-01-19,3457.1,4775.7,30.12,14.47,172.43,138.52,53.21,432.6,3554.7,6.8633,74.85,51.92,10.9,369.6,10.43,6,4,0,0
2021-01-20,3558.3,4826.0,30.81,14.63,173.08,151.8,54.6,439.97,3641.4,6.9287,75.14,52.8,10.87,369.7,10.52,5,4,1,0
2021-01-21,3479.5,4638.1,31.24,14.5,175.64,152.54,53.09,450.94,3500.0,6.9385,74.85,52.27,10.4,369.7,10.29,5,5,1,0
2021-01-22,3599.2,4732.7,31.11,14.86,172.62,140.64,54.07,445.34,3533.8,6.9083,75.04,51.79,10.77,369.7,10.06,5,4,1,0
2021-01-25,3469.9,4765.2,31.11,15.24,176.82,133.85,56.95,464.08,3564.0,6.917,75.4,51.0,10.64,369.8,10.41,6,4,1,0
2021-01-26,3468.8,4703.4,29.85,14.99,181.66,125.94,54.22,424.68,3563.0,6.9506,74.92,51.51,10.53,369.9,10.25,5,4,1,0
2021-01-27,3533.4,4801.3,31.49,14.76,178.36,130.71,56.89,474.49,3551.8,6.8948,75.06,52.18,10.27,369.9,10.17,5,5,1,0
2021-01-28,3640.8,4832.8,29.52,14.53,175.88,131.61,53.48,428.79,3569.4,6.8981,75.21,51.14,10.45,369.9,10.12,5,5,1,0
2021-01-29,3471.9,4677.5,30.35,15.28,175.74,152.42,56.59,465.55,3529.3,6.9015,75.26,52.97,10.8,370.0,10.41,6,6,1,0
2021-02-01,3484.7,4765.8,31.34,15.27,176.03,143.12,58.61,481.88,3589.3,6.952,75.09,51.8,10.82,370.1,10.52,5,5,1,0
2021-02-02,3466.8,4623.2,30.64,14.66,181.24,145.33,51.69,447.83,3496.7,6.956,75.42,51.82,10.62,370.1,9.96,5,4,1,0
2021-02-03,3497.8,4746.9,30.87,14.92,175.74,125.92,54.83,437.15,3578.2,6.8756,75.38,51.43,10.83,370.1,10.32,6,4,1,0
2021-02-04,3316.3,4527.4,29.91,14.4,178.17,133.75,57.43,434.29,3559.2,6.9479,75.52,52.07,10.86,370.1,10.12,5,4,1,0
2021-02-05,3536.7,4845.8,30.9,15.24,178.48,149.55,56.15,464.04,3617.0,6.9425,75.23,51.16,10.7,370.2,9.9,6,4,1,0
2021-02-08,3640.2,4802.3,31.55,15.04,177.56,145.21,57.56,493.03,3646.3,6.9651,75.14,52.99,10.53,370.3,10.21,4,5,1,0
2021-02-09,3469.4,4640.9,29.89,14.91,175.06,142.11,55.93,475.21,3574.4,6.9303,75.1,52.52,10.76,370.3,10.01,5,5,1,0
2021-02-10,3387.8,4535.0,29.59,14.12,180.77,147.6,57.3,472.16,3635.8,6.9177,75.36,52.34,10.78,370.3,9.86,6,4,1,0
2021-02-11,3488.4,4720.2,30.65,14.62,179.82,155.79,56.99,461.63,3577.2,6.9536,75.19,51.04,10.82,370.4,10.02,5,4,1,0
2021-02-12,3416.0,4564.6,30.58,14.58,181.9,142.02,59.5,494.27,3555.6,6.9404,75.15,51.91,10.86,370.4,9.96,5,5,1,0
2021-02-15,3538.8,4757.5,29.57,14.8,179.45,144.35,58.23,464.28,3654.0,6.9874,75.2,52.46,10.42,370.5,10.03,5,4,1,0
2021-02-16,3520.8,4728.4,31.16,14.67,185.35,145.42,58.51,483.55,3612.3,6.9491,75.15,52.12,10.59,370.5,9.89,4,3,0,0
2021-02-17,3449.0,4630.1,30.98,14.62,178.92,162.07,57.28,475.58,3595.4,6.9251,75.38,51.24,10.31,370.6,10.08,5,4,0,0
2021-02-18,3595.1,4799.4,31.02,14.56,187.49,128.53,57.27,482.17,3620.4,6.8855,74.98,51.44,10.84,370.6,10.01,5,4,0,0
2021-02-19,3527.8,4760.4,32.73,15.36,176.7,149.55,57.5,504.09,3607.1,6.9035,75.42,51.54,10.65,370.6,10.22,5,5,0,0
2021-02-22,3507.5,4806.9,30.72,15.11,184.54,143.71,59.36,488.36,3598.5,6.8785,75.53,51.46,10.79,370.7,10.26,6,4,0,0
2021-02-23,3483.8,4741.2,30.51,14.33,184.95,148.96,58.02,468.42,3555.7,6.9154,75.22,52.63,10.41,370.8,10.19,6,4,0,0
2021-02-24,3367.2,4665.8,30.42,14.62,181.17,139.92,59.42,483.77,3593.8,6.9498,75.86,50.73,10.99,370.8,10.09,4,5,0,0
2021-02-25,3605.7,4725.6,30.83,15.12,185.36,144.63,62.76,485.56,3626.2,6.9222,75.39,52.14,10.47,370.8,10.08,5,4,0,0
2021-02-26,3450.2,4573.5,30.18,14.59,188.38,150.47,60.72,484.56,3601.2,6.9531,75.0,51.06,10.86,370.9,9.96,5,5,0,0
2021-03-01,3358.3,4562.1,29.35,14.46,178.04,168.62,58.94,475.9,3640.6,6.9333,75.34,51.24,10.74,371.0,9.96,6,5,0,0
2021-03-02,3536.9,4798.4,30.84,15.14,187.03,151.47,61.82,494.06,3623.6,6.9113,75.43,50.66,10.68,371.0,10.26,5,4,0,0
2021-03-03,3531.3,4817.4,31.08,15.25,177.73,139.18,59.05,483.34,3580.6,6.9262,75.54,51.46,10.66,371.0,9.76,5,5,0,0
2021-03-04,3551.4,4678.6,31.18,14.24,182.9,142.5,56.24,452.54,3566.3,6.938,75.37,52.59,10.59,371.1,10.09,5,4,0,0
2021-03-05,3510.6,4846.2,32.73,15.4,191.49,142.4,58.22,489.32,3608.1,6.9282,75.19,51.9,10.98,371.1,10.04,5,5,0,0
2021-03-08,3542.8,4776.7,31.72,14.7,185.26,132.47,57.04,467.87,3598.7,6.9292,75.18,51.09,10.73,371.2,10.22,4,4,0,0
2021-03-09,3460.9,4666.2,30.21,14.92,183.65,143.59,59.9,487.21,3630.0,6.9018,75.3,52.3,10.48,371.2,9.81,5,4,0,0
2021-03-10,3479.0,4621.4,30.13,14.86,187.06,151.68,60.69,488.77,3594.2,6.9121,75.33,52.41,10.66,371.3,10.09,6,4,0,0
2021-03-11,3524.5,4765.2,31.22,15.06,194.6,136.76,63.8,515.71,3599.0,6.9931,75.2,51.78,10.76,371.3,10.16,5,4,0,0
2021-03-12,3368.8,4651.1,32.04,14.67,182.4,154.3,61.5,508.09,3658.5,6.9624,75.3,52.84,10.92,371.3,9.71,5,4,0,0
2021-03-15,3600.7,4895.7,31.28,15.14,185.75,150.21,60.89,483.66,3630.3,6.882,75.67,52.16,10.62,371.4,9.86,5,4,0,0
2021-03-16,3511.5,4812.6,30.44,15.79,194.19,141.17,62.9,499.85,3601.6,6.8554,75.93,52.08,10.64,371.5,10.06,4,5,0,0
2021-03-17,3534.9,4767.1,30.5,14.49,195.63,145.73,57.56,467.74,3628.0,6.9289,75.71,51.26,10.75,371.5,10.17,5,4,0,0
2021-03-18,3683.5,4893.5,31.9,15.85,189.64,158.89,62.09,486.04,3676.8,6.9537,75.85,52.03,10.92,371.5,10.1,5,4,0,0
2021-03-19,3511.5,4872.6,31.94,15.21,186.29,152.52,63.18,499.76,3640.0,6.9115,75.78,51.8,10.48,371.6,10.18,5,4,0,0
2021-03-22,3582.1,4909.5,31.25,15.25,197.81,147.2,59.5,478.9,3653.9,6.9584,75.76,51.96,10.86,371.7,9.84,4,4,0,0
2021-03-23,3639.6,4980.0,32.57,15.25,196.49,145.46,64.35,528.06,3608.0,6.9297,75.48,51.29,10.66,371.7,9.74,4,4,0,0
2021-03-24,3702.3,5064.7,30.74,15.39,193.85,147.92,63.02,511.72,3671.4,6.9233,75.6,51.72,10.69,371.7,10.07,6,4,0,0
2021-03-25,3745.2,5044.0,32.12,15.4,189.36,143.61,61.79,502.52,3717.7,6.9511,75.47,51.19,11.16,371.8,9.8,6,5,0,0
2021-03-26,3623.1,4924.7,32.47,15.16,192.09,131.77,63.81,524.09,3610.0,6.9127,75.53,50.45,10.72,371.8,9.87,6,4,0,0
2021-03-29,3691.1,4984.9,31.67,15.6,192.58,162.97,67.13,534.83,3599.8,6.9207,75.62,52.17,10.92,371.9,10.22,4,5,0,0
2021-03-30,3699.6,5079.5,31.77,15.57,194.44,148.92,63.5,516.46,3648.5,6.9496,75.79,50.79,10.91,371.9,10.07,6,4,0,0
2021-03-31,3793.7,5159.8,31.3,16.45,198.31,150.84,63.74,512.2,3674.1,6.9288,75.72,51.66,10.54,372.0,9.92,5,4,0,0
2021-04-01,3772.0,5083.1,33.27,15.26,196.76,147.52,62.59,508.81,3641.4,6.9872,75.58,51.77,10.41,372.0,9.89,5,6,0,0
2021-04-02,3764.7,5189.5,31.96,15.78,190.79,142.53,62.01,494.71,3608.9,6.951,75.64,51.76,10.94,372.0,10.15,5,4,0,0
2021-04-05,3870.7,5237.0,32.74,15.9,199.49,146.74,65.42,495.56,3645.4,6.9497,75.76,51.41,10.57,372.1,10.06,6,5,0,0
2021-04-06,3731.8,5076.8,32.56,15.25,196.37,136.23,62.51,503.43,3671.3,6.9295,75.82,51.7,10.45,372.2,9.77,6,4,0,0
2021-04-07,3834.1,5159.0,33.73,16.17,197.85,165.39,64.3,534.32,3637.3,6.9575,75.28,51.8,10.99,372.2,9.62,5,4,0,0
2021-04-08,3757.2,5136.4,32.45,15.69,200.63,139.14,63.44,522.49,3673.9,6.9218,75.4,51.93,10.58,372.2,10.38,5,5,0,0
2021-04-09,3842.2,5223.7,32.61,15.16,192.67,140.74,65.29,535.52,3694.6,6.9402,75.95,52.47,10.64,372.3,9.76,5,5,0,0
2021-04-12,3916.9,5373.3,33.58,16.51,196.96,145.26,65.4,539.55,3665.7,6.9049,75.68,51.63,11.19,372.4,10.1,5,5,0,0
2021-04-13,3889.2,5334.4,34.14,15.8,195.66,158.3,66.79,535.25,3657.5,6.9637,75.6,51.53,10.47,372.4,10.29,6,4,0,0
2021-04-14,3883.5,5297.8,32.9,15.67,192.63,148.83,64.13,518.47,3688.6,6.9415,75.65,50.98,10.55,372.4,10.02,4,5,0,0
2021-04-15,3913.6,5323.1,32.41,16.28,199.04,139.52,64.69,512.48,3630.8,6.9925,75.65,51.7,10.71,372.4,9.86,5,5,0,0
2021-04-16,3848.8,5361.3,32.1,15.95,206.25,158.27,63.54,508.28,3628.5,7.005,75.87,51.82,10.76,372.5,9.7,4,5,0,0
2021-04-19,4077.3,5508.8,32.98,16.73,193.18,154.42,64.88,528.56,3656.0,6.9568,75.47,51.33,10.63,372.6,9.68,5,5,0,0
2021-04-20,3956.0,5576.5,34.74,17.04,199.25,164.33,66.48,546.53,3649.3,6.9361,75.76,51.72,10.58,372.6,10.04,5,4,0,0
2021-04-21,4026.2,5594.4,33.92,16.35,201.69,166.35,67.29,535.91,3639.5,6.9059,75.82,51.24,11.11,372.6,10.26,5,5,0,0
2021-04-22,4002.9,5511.9,33.22,16.6,200.31,179.64,64.39,512.48,3732.9,6.9617,75.87,51.76,10.87,372.7,9.88,5,5,0,0
2021-04-23,4108.9,5637.9,33.84,16.41,199.84,178.76,67.75,540.67,3746.0,6.9411,75.83,51.88,10.93,372.7,9.85,4,4,0,0
2021-04-26,4137.9,5592.4,34.39,17.48,196.9,159.29,69.0,556.39,3661.0,6.9515,75.92,51.85,10.79,372.8,10.09,4,4,0,0
2021-04-27,3955.0,5574.9,33.75,16.22,202.09,177.31,67.43,521.17,3677.7,6.9875,75.66,51.41,10.88,372.8,9.81,5,5,0,0
2021-04-28,4155.3,5782.4,34.47,17.18,199.2,168.7,70.19,529.71,3669.1,6.9111,75.57,50.76,11.01,372.9,10.0,5,5,0,0
2021-04-29,3925.5,5549.7,34.68,16.71,194.9,170.26,65.54,519.06,3715.6,6.9083,76.43,50.97,10.63,372.9,9.95,5,4,0,0
2021-04-30,4002.1,5500.8,34.52,16.38,206.02,154.52,64.82,506.11,3723.7,6.9292,75.75,51.62,10.88,372.9,9.86,6,5,0,0
2021-05-03,4129.1,5680.5,33.08,16.32,206.11,168.01,64.23,510.69,3619.2,6.9616,75.8,52.62,10.97,373.0,9.93,5,5,0,0
2021-05-04,4217.9,5716.1,34.93,16.82,203.5,163.88,70.25,555.95,3699.2,6.9538,76.02,51.07,11.15,373.1,10.28,6,5,0,0
2021-05-05,4053.2,5573.7,33.63,15.84,204.35,176.88,68.86,542.83,3638.0,6.9105,76.25,51.49,11.23,373.1,10.04,6,4,0,0
2021-05-06,4110.3,5590.8,34.18,16.78,207.34,179.39,67.71,557.86,3746.4,6.9603,75.73,50.92,10.86,373.1,10.14,4,5,0,0
2021-05-07,4140.6,5674.1,34.71,16.9,204.9,156.49,68.44,549.32,3701.4,6.9018,75.62,50.67,11.07,373.2,9.73,5,5,0,0
2021-05-10,4156.2,5778.1,34.54,16.89,207.93,173.96,66.29,534.36,3660.7,6.9133,75.58,50.82,10.32,373.3,10.13,5,5,0,0
2021-05-11,4128.5,5810.8,35.44,16.13,204.37,183.23,72.84,582.78,3682.2,6.9352,76.29,50.03,11.16,373.3,10.03,4,5,0,0
2021-05-12,4189.3,5774.3,35.1,16.39,209.8,174.11,68.8,534.15,3681.7,6.9223,75.64,51.9,10.71,373.3,9.6,4,5,0,0
2021-05-13,4089.3,5756.1,35.08,16.7,206.92,181.67,68.89,560.9,3711.3,6.9658,75.9,49.91,10.81,373.4,10.01,6,6,0,0
2021-05-14,4270.9,5822.1,34.63,17.13,206.8,179.53,70.12,555.92,3730.6,6.9479,75.67,50.97,10.95,373.4,9.79,6,5,0,0
2021-05-17,4161.0,5764.1,34.55,17.1,202.96,181.53,70.06,564.43,3657.3,6.993,75.58,50.45,10.83,373.5,9.58,6,4,0,0
2021-05-18,4305.2,5883.6,34.15,16.98,208.23,177.63,69.72,541.23,3763.0,6.9328,75.87,50.59,10.9,373.5,9.91,5,5,0,0
2021-05-19,4218.2,5878.5,34.33,17.15,204.93,171.23,68.02,523.89,3756.0,6.9368,75.72,51.82,11.18,373.6,9.99,5,5,0,0
2021-05-20,4329.0,5993.1,36.99,17.0,205.84,172.63,70.42,568.65,3670.3,6.977,75.79,51.15,10.79,373.6,9.91,6,5,0,0
2021-05-21,4290.9,5938.2,35.16,17.57,205.56,187.06,73.08,581.47,3704.7,6.9382,76.47,50.49,10.65,373.6,9.85,7,4,0,0
2021-05-24,4325.8,6012.5,34.93,17.51,205.61,183.96,72.49,562.12,3765.5,6.9864,76.09,50.68,11.24,373.7,9.8,5,6,0,0
2021-05-25,4272.9,5960.2,35.8,17.43,216.1,183.46,73.06,566.39,3749.9,6.958,76.23,50.56,10.98,373.8,10.36,4,5,0,0
2021-05-26,4413.1,6114.8,35.99,17.45,213.85,182.01,69.4,565.43,3696.1,6.8714,76.21,50.94,11.26,373.8,9.62,4,5,0,0
2021-05-27,4253.1,5967.9,35.13,17.75,216.02,183.6,68.66,532.65,3737.5,6.9775,75.98,51.04,11.05,373.8,10.03,6,5,0,0
2021-05-28,4216.5,5932.7,36.54,17.5,206.24,194.43,70.35,578.06,3815.1,6.9698,75.9,51.96,10.62,373.9,9.86,5,5,0,0
2021-05-31,4487.7,6165.0,36.44,17.18,211.24,186.14,71.05,552.32,3717.3,6.9716,76.1,49.85,11.02,374.0,9.67,5,5,0,0
2021-06-01,4344.6,5981.7,35.5,17.52,207.15,179.29,73.04,584.35,3692.6,6.886,76.08,50.86,10.69,374.0,9.83,6,5,0,1
2021-06-02,4128.5,5695.7,34.2,17.01,209.35,195.61,68.15,539.5,3722.0,6.9236,75.91,50.69,10.89,374.0,9.56,7,5,0,1
2021-06-03,4286.4,5817.3,35.07,17.03,208.92,189.19,74.08,590.97,3725.7,6.9261,76.09,51.36,10.88,374.1,9.72,7,5,0,1
2021-06-04,4147.5,5751.4,35.41,17.32,216.11,191.65,71.17,557.4,3699.9,6.9187,75.88,51.01,10.57,374.1,9.82,7,5,0,1
2021-06-07,4273.8,5824.4,34.91,17.2,211.73,205.55,71.06,561.24,3737.1,6.9969,76.04,51.12,10.74,374.2,9.51,7,5,0,1
2021-06-08,4087.2,5622.5,33.27,15.93,216.7,194.03,70.13,557.38,3678.9,6.9445,76.0,50.96,11.35,374.2,9.92,6,4,0,1
2021-06-09,4135.7,5792.1,34.73,16.99,215.5,197.05,69.1,537.85,3700.7,6.9439,75.78,50.24,10.95,374.3,9.63,7,5,0,1
2021-06-10,4256.1,5755.8,34.2,16.99,221.22,186.73,73.68,589.95,3751.7,6.9618,75.51,51.4,10.87,374.3,9.52,8,4,0,1
2021-06-11,4287.3,5871.4,36.73,17.36,209.4,194.61,72.46,566.57,3664.9,6.9626,75.87,51.15,11.27,374.3,9.6,7,5,0,1
2021-06-14,4182.7,5794.9,34.33,17.32,219.02,202.91,70.38,555.86,3761.3,6.8461,76.58,51.19,10.84,374.4,10.24,7,5,0,1
2021-06-15,4336.7,5969.3,35.31,17.27,218.94,187.36,70.5,547.46,3660.5,6.927,76.06,51.36,10.9,374.5,9.4,7,5,0,1
2021-06-16,4278.2,5966.2,35.51,17.74,212.44,201.23,72.35,541.24,3671.4,6.9042,76.34,50.87,11.12,374.5,9.88,5,5,0,1
2021-06-17,4405.3,6068.5,36.04,17.56,219.06,201.17,76.09,595.09,3715.7,6.9588,75.62,51.44,10.84,374.5,9.64,7,5,0,1
2021-06-18,4239.7,6061.4,36.11,17.88,217.2,201.41,72.74,603.58,3744.4,6.9383,75.9,50.81,10.77,374.6,9.72,7,6,0,1
2021-06-21,4263.4,5991.2,36.01,17.65,216.25,210.96,70.88,571.38,3784.2,6.9481,75.84,50.46,10.48,374.7,9.9,7,4,0,1
2021-06-22,4321.2,5925.4,36.59,17.28,214.63,206.38,73.27,577.98,3740.9,6.8855,76.13,50.55,10.74,374.7,9.89,9,5,0,1
2021-06-23,4395.3,6137.1,36.74,17.88,215.25,215.65,73.34,575.58,3731.5,6.9388,76.8,50.52,10.74,374.7,9.64,8,5,0,1
2021-06-24,4297.9,5949.3,36.34,16.98,224.39,197.8,69.11,550.19,3761.5,6.9818,76.31,50.23,10.97,374.7,9.5,9,5,0,1
2021-06-25,4274.1,6033.5,35.38,17.39,218.12,206.96,73.99,589.68,3711.9,6.9908,76.63,51.39,10.82,374.8,9.89,7,5,0,1
2021-06-28,4501.6,6139.3,36.38,17.12,221.47,208.65,74.05,569.34,3750.7,6.9708,76.16,50.63,11.37,374.9,9.87,7,5,0,1
2021-06-29,4612.0,6363.2,37.4,18.23,216.72,200.69,75.84,609.09,3705.0,6.9094,76.57,50.5,10.73,374.9,9.7,7,6,0,1
2021-06-30,4441.9,6206.2,37.14,18.08,217.04,216.57,78.04,619.26,3751.0,6.9874,76.76,50.64,11.23,374.9,9.84,8,5,0,1
2021-07-01,4482.2,6285.0,37.97,18.45,223.28,227.53,76.87,611.31,3744.7,6.9716,76.22,52.04,10.99,375.0,9.66,8,5,0,1
2021-07-02,4508.2,6213.6,36.5,18.1,155.64,210.66,74.48,591.72,3722.3,6.9466,76.12,49.75,11.11,375.0,9.58,7,5,0,1
2021-07-05,4697.1,6434.3,36.94,17.97,158.26,216.65,73.35,579.0,3759.7,6.89,75.94,49.89,11.11,375.1,9.74,7,5,0,1
2021-07-06,4695.7,6512.5,38.36,18.09,159.57,214.19,80.1,632.74,3760.6,6.9796,76.2,49.57,10.51,375.1,9.84,6,5,0,1
2021-07-07,4751.5,6504.5,36.51,18.46,159.69,208.89,75.7,601.85,3797.3,6.9334,76.31,50.18,10.96,375.2,9.8,8,5,0,1
2021-07-08,4551.3,6433.5,37.17,18.53,158.64,201.28,75.74,590.8,3701.1,6.9618,76.8,50.42,10.91,375.2,9.83,8,5,0,1
2021-07-09,4597.6,6497.8,37.41,18.48,160.36,210.33,75.8,588.55,3755.8,6.9537,75.98,50.01,10.74,375.2,9.58,7,6,0,1
2021-07-12,4572.5,6487.4,37.01,18.66,160.94,207.26,76.58,601.93,3735.3,6.9984,76.34,49.94,11.06,375.3,10.04,7,5,0,1
2021-07-13,4680.5,6528.8,38.57,18.35,160.95,231.17,76.08,615.96,3793.5,6.9487,75.87,50.3,11.32,375.4,9.65,7,6,0,1
2021-07-14,4687.8,6561.0,36.9,18.09,155.32,218.22,75.44,578.1,3790.6,6.9523,76.23,49.92,10.44,375.4,9.69,8,5,0,1
2021-07-15,4661.1,6544.9,37.43,17.96,157.44,217.18,75.61,576.54,3783.2,7.0003,76.42,50.34,10.87,375.4,9.45,7,5,0,1
2021-07-16,4752.4,6612.4,38.2,18.45,162.05,227.14,76.66,603.28,3741.9,6.9334,76.48,50.76,10.73,375.5,9.67,7,6,0,1
2021-07-19,4825.7,6693.8,39.09,18.54,160.72,214.13,76.12,598.22,3801.0,6.9782,76.52,50.5,11.0,375.6,9.8,7,5,0,1
2021-07-20,4675.5,6674.6,38.15,18.61,153.34,217.48,75.94,598.47,3717.6,6.9481,76.48,50.59,10.92,375.6,9.85,8,5,0,1
2021-07-21,4741.9,6705.9,38.99,18.61,158.74,224.44,77.54,610.2,3711.5,6.9242,76.53,50.68,10.87,375.6,10.0,8,5,0,1
2021-07-22,4811.3,6703.5,38.73,18.55,151.16,232.33,77.01,601.02,3728.8,6.9545,76.4,50.21,11.13,375.7,9.79,7,5,0,1
2021-07-23,4687.2,6610.3,38.52,18.44,157.52,229.07,80.31,643.96,3773.4,6.9754,76.13,49.95,11.32,375.7,9.74,7,4,0,1
2021-07-26,4703.6,6661.7,36.99,18.61,163.07,229.25,73.2,558.57,3801.7,6.996,75.95,49.59,11.53,375.8,9.59,7,6,0,1
2021-07-27,4759.9,6607.7,37.19,18.56,153.84,228.66,80.07,614.5,3675.0,6.9998,76.29,49.77,10.85,375.8,9.54,8,6,0,1
2021-07-28,4689.6,6678.2,38.53,18.64,154.08,231.77,80.47,625.95,3826.6,6.9469,76.4,49.68,10.64,375.9,9.86,7,6,0,1
2021-07-29,4703.7,6623.1,37.32,18.02,159.07,230.97,74.62,567.7,3786.1,6.9264,76.75,50.35,11.11,375.9,9.86,7,5,0,1
2021-07-30,4719.6,6598.7,38.61,18.01,151.57,222.43,77.86,607.34,3727.8,6.9467,76.42,50.11,11.33,375.9,9.45,7,5,0,1
2021-08-02,4802.9,6799.4,39.38,19.37,154.11,232.57,78.19,631.6,3789.6,6.9214,76.42,50.28,11.17,376.0,9.8,7,6,0,1
2021-08-03,4841.2,6753.2,38.3,18.86,157.92,224.87,76.45,600.08,3825.5,6.9506,76.57,49.24,11.33,376.1,9.78,8,6,0,1
2021-08-04,4813.8,6816.0,37.98,18.25,153.86,234.22,77.7,611.16,3809.4,6.9471,76.41,50.64,10.97,376.1,9.43,8,6,0,1
2021-08-05,4939.3,6857.6,38.97,19.02,155.01,230.7,77.23,590.05,3828.0,6.9794,76.69,49.6,10.89,376.1,9.75,7,5,0,1
2021-08-06,4867.7,6865.5,38.46,19.35,158.02,254.04,82.51,633.67,3742.9,6.8916,76.99,49.2,11.04,376.2,9.43,8,5,0,1
2021-08-09,4885.8,6831.6,38.48,18.99,156.62,236.77,81.42,629.13,3779.6,6.9364,77.06,49.55,10.96,376.3,9.15,8,5,0,1
2021-08-10,4846.3,6764.1,38.18,19.44,156.0,227.23,82.15,634.78,3762.9,6.9369,76.54,51.13,11.16,376.3,9.6,7,5,0,1
2021-08-11,4881.8,6926.8,39.38,19.27,153.94,237.45,81.28,648.1,3856.5,6.9945,76.61,49.53,11.22,376.3,9.68,8,4,0,1
2021-08-12,4788.5,6892.4,39.8,18.47,156.09,243.04,78.08,617.61,3820.0,6.9256,76.93,49.54,11.24,376.4,9.6,7,6,0,1
2021-08-13,4809.7,6736.9,38.43,18.8,154.38,252.39,79.29,605.83,3898.4,6.9661,76.5,49.59,11.13,376.4,10.2,8,5,0,1
2021-08-16,4847.7,6818.9,38.73,19.06,155.87,237.49,81.49,637.1,3785.8,6.9561,76.73,49.6,11.09,376.5,9.69,7,5,0,1
2021-08-17,4811.5,6724.5,37.55,18.53,152.7,230.73,78.54,620.02,3778.0,6.9914,76.28,49.23,11.2,376.5,9.64,7,5,0,1
2021-08-18,4854.7,6853.2,39.64,19.32,153.58,249.42,82.14,652.27,3799.5,6.9783,76.5,49.71,10.65,376.6,9.69,8,6,0,1
2021-08-19,4791.1,6769.8,38.46,18.38,150.87,233.63,80.55,646.74,3853.9,6.9642,76.87,50.21,11.08,376.6,9.52,7,6,0,1
2021-08-20,5021.2,6938.7,39.23,19.37,153.8,241.41,80.44,614.8,3794.0,6.9442,76.41,49.77,11.06,376.6,9.79,7,5,0,1
2021-08-23,4799.2,6863.8,38.88,18.71,150.95,244.82,82.77,633.1,3814.6,6.9059,76.58,48.96,11.09,376.7,9.66,7,5,0,1
2021-08-24,4959.1,6941.2,39.82,18.74,149.86,246.92,82.41,625.32,3814.8,6.9691,76.22,49.36,11.03,376.8,9.65,7,5,0,1
2021-08-25,4842.7,6861.6,38.96,18.95,154.13,253.3,81.09,628.6,3813.9,6.9778,77.12,49.23,11.14,376.8,9.46,8,5,0,1
2021-08-26,4950.4,7011.2,39.78,19.52,153.86,243.7,83.95,656.47,3790.8,6.9149,76.94,49.54,10.94,376.8,9.27,7,5,0,1
2021-08-27,4887.5,6911.6,39.61,19.16,155.56,247.47,80.04,636.15,3810.0,6.9253,76.68,50.22,11.28,376.9,9.48,7,6,0,1
2021-08-30,4890.1,6953.6,40.91,18.97,151.31,251.49,83.48,646.73,3812.0,6.9706,76.78,49.39,11.16,377.0,9.63,8,6,0,1
2021-08-31,4849.8,6783.1,39.56,18.79,153.87,253.41,83.56,644.37,3819.2,6.9734,76.76,49.4,11.1,377.0,9.48,8,5,0,1
2021-09-01,4973.9,6913.0,39.28,18.73,154.2,253.71,82.06,639.84,3853.6,6.9337,77.02,50.41,10.93,377.0,9.62,7,5,0,1
2021-09-02,4820.1,6744.7,38.78,18.78,153.74,256.94,83.33,636.63,3883.3,6.9464,76.55,49.89,11.23,377.0,9.52,7,5,0,1
2021-09-03,4886.4,6876.9,39.03,19.53,149.55,260.69,80.62,653.27,3793.5,6.9088,76.87,49.7,11.11,377.1,9.65,7,6,0,1
2021-09-06,4902.5,6987.2,38.93,19.23,152.3,259.38,84.91,638.09,3812.6,7.0059,76.97,50.45,10.93,377.2,9.35,7,6,0,1
2021-09-07,4972.6,6979.4,39.26,19.57,152.86,260.53,83.04,646.88,3798.6,6.9258,77.01,49.62,11.07,377.2,9.59,7,4,0,1
2021-09-08,5004.6,6901.1,39.07,19.77,151.6,245.95,82.56,665.66,3835.2,6.9812,76.15,48.24,11.21,377.2,9.42,9,5,0,1
2021-09-09,5027.1,7134.6,40.68,19.38,144.78,258.89,85.51,661.55,3810.9,6.9641,76.58,49.77,11.19,377.3,9.23,8,5,0,1
2021-09-10,5017.2,7118.8,39.27,19.36,151.84,262.8,82.48,638.58,3839.3,7.0041,76.48,48.42,11.18,377.3,9.51,9,5,0,1
2021-09-13,5013.4,7127.3,40.78,20.15,158.04,266.74,81.59,630.52,3873.0,6.9423,76.79,49.52,11.11,377.4,9.84,7,5,0,1
2021-09-14,5077.8,7222.2,40.71,20.04,149.68,256.78,81.45,631.68,3747.1,6.9681,76.26,48.31,11.3,377.4,9.23,7,6,0,1
2021-09-15,5148.3,7508.7,41.61,19.64,148.38,257.72,85.47,677.64,3853.9,6.9156,76.25,48.98,11.34,377.5,9.55,7,5,0,1
2021-09-16,5210.0,7358.9,40.44,19.76,151.79,259.05,82.2,612.39,3821.7,6.9086,77.32,49.02,11.24,377.5,9.68,7,5,0,1
2021-09-17,5148.6,7360.7,40.96,20.12,151.47,268.07,87.78,695.34,3855.1,6.9848,76.93,48.78,10.98,377.5,9.98,9,7,0,1
2021-09-20,5033.2,7240.1,40.28,19.76,153.91,273.87,81.26,615.45,3811.0,6.9141,76.83,48.99,10.89,377.6,9.41,7,5,0,1
2021-09-21,5153.0,7242.7,41.46,19.57,145.95,263.75,88.18,676.44,3885.4,6.961,76.9,49.73,11.0,377.7,9.38,9,5,0,1
2021-09-22,4972.4,7103.9,39.66,19.22,152.19,274.31,85.63,657.16,3876.7,6.9984,76.85,48.75,11.5,377.7,9.27,7,5,0,1
2021-09-23,5087.1,7225.1,39.6,19.51,151.62,269.12,85.2,666.46,3865.8,6.9907,77.07,49.43,11.17,377.7,9.73,7,5,0,1
2021-09-24,5174.1,7219.9,40.71,19.36,149.15,267.95,84.52,635.58,3874.8,6.9485,76.67,48.58,11.54,377.8,9.32,7,5,0,1
2021-09-27,4934.8,7070.7,40.41,19.85,150.32,269.38,86.6,674.42,3824.4,6.9215,76.89,48.99,11.09,377.9,9.41,7,4,0,1
2021-09-28,4976.5,7145.5,39.85,19.35,152.41,277.25,85.94,688.67,3829.9,6.9846,76.91,49.26,11.07,377.9,9.11,8,5,0,1
2021-09-29,5081.5,7168.9,39.9,19.42,151.78,274.79,88.12,662.84,3879.1,7.0098,76.6,48.52,11.11,377.9,9.66,8,6,0,1
2021-09-30,5196.6,7279.9,40.25,19.22,145.21,290.1,86.46,670.22,3827.1,6.9499,77.19,48.33,11.1,378.0,9.71,7,6,0,1
2021-10-01,5116.0,7366.8,40.51,20.28,151.37,267.34,86.65,661.3,3905.7,6.9459,76.76,49.3,10.97,378.0,9.64,6,6,0,0
2021-10-04,5203.5,7348.6,40.81,20.4,148.17,279.69,86.1,670.62,3847.2,6.9549,77.15,49.63,10.9,378.1,9.14,6,6,0,0
2021-10-05,5203.8,7335.6,40.81,19.82,148.48,272.53,86.78,670.35,3877.2,6.988,76.93,48.96,11.23,378.1,9.58,5,5,0,0
2021-10-06,5010.4,7239.6,40.23,19.67,148.36,270.67,87.56,667.74,3934.3,7.008,77.32,48.73,11.35,378.2,9.13,5,5,0,0
2021-10-07,5098.3,7153.7,39.78,19.75,147.52,277.8,84.06,657.45,3837.3,6.9341,76.66,49.06,11.63,378.2,9.47,6,6,0,0
2021-10-08,5094.9,7142.3,40.31,20.21,151.69,279.6,84.83,678.53,3865.5,6.9266,76.65,48.99,11.05,378.2,9.49,5,6,0,0
2021-10-11,5066.0,7189.9,40.76,19.93,147.24,302.53,88.98,682.74,3903.5,7.0424,76.72,49.08,11.07,378.3,9.51,7,6,0,0
2021-10-12,5178.3,7243.2,40.67,19.65,143.8,279.95,88.07,687.52,3901.0,6.9671,76.98,47.54,10.99,378.4,9.55,5,5,0,0
2021-10-13,5172.3,7242.9,41.33,19.17,146.0,273.55,87.56,659.87,3857.4,6.9802,77.34,48.33,11.37,378.4,9.44,5,5,0,0
2021-10-14,5080.9,7180.9,40.79,19.29,147.71,284.77,88.05,667.24,3851.9,6.9521,77.36,48.44,11.31,378.4,9.04,6,5,0,0
2021-10-15,5115.6,7278.3,39.97,19.98,150.95,267.85,88.77,689.27,3863.0,6.9878,76.39,48.97,10.98,378.5,9.54,7,5,0,0
2021-10-18,5055.6,7225.4,41.22,19.67,148.58,284.8,87.54,693.11,3925.3,7.0025,77.05,48.98,10.98,378.6,9.44,6,6,0,0
2021-10-19,5171.5,7333.4,41.44,20.04,143.8,286.3,87.24,677.5,3866.0,6.983,76.2,49.21,11.35,378.6,9.24,6,6,0,0
2021-10-20,3239.0,4266.5,31.23,15.29,154.35,292.83,89.12,682.26,3879.7,7.0264,77.2,48.99,11.24,378.6,9.1,5,5,0,0
2021-10-21,3075.2,4080.3,29.86,14.79,147.13,294.86,87.13,672.49,3863.1,6.9646,77.29,48.12,11.32,378.7,9.72,4,5,0,0
2021-10-22,3016.5,4134.9,31.04,14.84,150.24,284.48,89.75,675.31,3903.9,6.9667,77.01,49.62,10.99,378.7,9.66,4,4,0,0
2021-10-25,3213.2,4171.5,31.13,15.85,145.3,289.2,86.33,674.3,3888.1,6.9822,77.06,49.51,10.8,378.8,9.54,4,4,0,0
2021-10-26,3158.5,4170.3,30.8,15.83,147.37,285.27,91.37,711.92,3848.7,6.9894,77.06,48.11,11.0,378.8,9.26,6,4,0,0
2021-10-27,3150.4,4202.1,30.45,16.04,148.23,283.25,90.5,689.95,3851.1,6.9825,76.86,48.98,11.31,378.9,8.89,5,5,0,0
2021-10-28,3240.5,4246.3,31.45,15.68,149.31,294.73,90.23,687.94,3816.2,6.9374,77.17,48.45,11.6,378.9,9.55,5,4,0,0
2021-10-29,3200.3,4131.4,31.2,15.28,148.68,283.54,91.67,706.51,3858.2,6.9855,77.01,48.85,11.09,378.9,9.46,5,5,0,0
2021-11-01,3012.8,4176.4,31.24,15.98,147.71,292.06,93.27,709.0,3918.5,6.9656,77.32,49.34,11.64,379.0,9.31,4,5,0,0
2021-11-02,3180.6,4185.8,31.46,15.5,143.79,288.4,92.22,706.33,3938.2,6.9596,77.07,49.92,11.35,379.1,9.6,4,4,0,0
2021-11-03,3039.5,4110.7,30.48,15.43,142.85,300.68,87.21,698.23,3917.0,6.9782,76.89,49.15,10.91,379.1,9.55,6,4,0,0
2021-11-04,3177.9,4176.4,30.9,15.31,145.62,310.75,88.35,677.79,3913.6,6.9486,76.72,48.89,11.23,379.1,9.41,4,4,0,0
2021-11-05,3127.6,4126.9,31.46,14.27,147.42,288.17,89.65,685.32,3890.9,6.9436,76.65,48.54,11.36,379.2,9.38,5,3,0,0
2021-11-08,3259.5,4293.3,31.48,16.15,143.35,286.11,91.2,692.38,3925.9,6.8999,77.46,48.82,10.71,379.3,9.37,4,4,0,0
2021-11-09,3022.9,4012.3,29.99,15.48,147.35,299.77,92.21,715.95,3909.9,7.031,77.03,49.45,11.33,379.3,9.49,5,4,0,0
2021-11-10,3053.6,4167.7,30.98,15.51,148.46,301.51,90.1,690.48,3964.2,6.9954,77.23,48.67,11.44,379.3,9.18,5,5,0,0
2021-11-11,3085.5,4106.3,30.47,15.32,140.76,303.73,91.86,696.88,3898.8,6.9755,77.6,48.2,11.28,379.3,9.44,4,4,0,0
2021-11-12,3196.5,4212.8,31.81,15.63,140.89,299.43,90.29,709.85,3950.4,6.9592,77.02,47.79,11.19,379.4,9.16,4,4,0,0
2021-11-15,3148.2,4089.7,31.52,15.21,142.75,303.35,90.93,715.35,3937.4,6.8936,77.03,48.96,11.18,379.5,9.61,5,4,0,0
2021-11-16,3099.0,4183.7,30.18,15.58,144.06,308.3,89.62,682.23,3933.7,6.9582,77.16,48.81,11.17,379.5,9.44,4,5,0,0
2021-11-17,3189.8,4153.9,31.57,14.81,141.27,314.04,90.62,673.81,3838.7,7.0018,77.2,48.31,10.98,379.5,9.2,4,5,0,0
2021-11-18,3020.4,4020.0,30.25,15.32,147.16,292.26,89.97,703.91,3942.8,7.0088,77.68,49.22,11.08,379.6,9.35,4,5,0,0
2021-11-19,3017.2,3936.0,31.57,15.24,144.06,304.85,90.78,689.05,3907.0,7.0,77.6,48.42,11.14,379.6,9.16,5,4,0,0
2021-11-22,2977.4,3942.0,31.02,15.25,142.46,311.3,94.8,734.16,3899.3,6.9862,77.39,48.57,11.25,379.7,9.62,5,3,0,0
2021-11-23,3037.0,3981.0,29.76,15.17,137.62,303.5,91.32,677.37,3864.1,7.0207,77.6,48.63,11.12,379.7,9.64,6,4,0,0
2021-11-24,3016.7,3894.0,30.39,15.03,137.88,324.06,97.9,756.41,3917.0,6.972,77.2,48.44,11.05,379.8,9.45,4,5,0,0
2021-11-25,2945.7,3948.5,31.0,14.82,142.87,307.0,94.17,705.84,3919.5,7.0146,77.33,48.76,11.38,379.8,9.62,6,5,0,0
2021-11-26,3033.1,4042.3,31.02,15.5,135.02,312.15,93.74,726.22,3873.9,6.9707,77.18,49.26,11.31,379.8,9.34,4,3,0,0
2021-11-29,3014.6,3945.8,30.71,15.4,144.71,318.71,92.24,707.41,3871.4,6.9565,76.96,47.99,11.13,379.9,9.45,5,4,0,0
2021-11-30,3068.6,3857.1,31.64,14.43,140.84,310.79,95.17,715.73,3941.1,6.953,77.59,48.89,11.34,380.0,9.54,4,4,0,0
2021-12-01,2955.3,3935.2,30.29,15.33,151.6,302.07,93.0,707.52,3955.7,6.9514,77.43,48.71,11.15,380.0,9.29,4,4,0,0
2021-12-02,3058.6,3869.7,30.82,15.0,148.49,313.4,94.38,730.04,3933.0,7.0034,77.3,48.7,11.26,380.0,9.3,4,3,0,0
2021-12-03,3082.1,3909.2,32.07,15.32,140.4,325.02,98.9,753.77,3967.8,6.9615,77.31,49.09,11.44,380.1,9.47,5,4,0,0
2021-12-06,2946.8,3861.9,30.92,14.7,140.27,316.85,94.49,729.56,3927.9,6.9535,76.95,48.63,11.13,380.2,9.41,5,4,0,0
2021-12-07,3036.0,4017.0,30.53,15.29,143.67,313.72,96.86,762.36,3930.2,7.0061,77.09,48.87,11.02,380.2,9.12,5,4,0,0
2021-12-08,2932.5,3886.1,30.82,15.36,145.81,327.7,93.65,698.05,3901.2,6.9947,77.42,49.0,11.23,380.2,8.83,4,4,0,0
2021-12-09,2965.1,3888.4,30.24,15.31,135.0,318.97,94.98,745.26,3879.8,7.014,77.22,48.32,10.98,380.3,9.23,4,4,0,0
2021-12-10,2828.3,3779.2,31.62,15.04,134.4,318.32,98.35,750.06,4000.5,7.0007,77.3,48.77,11.2,380.3,8.84,4,4,0,0
2021-12-13,2936.6,3844.5,29.97,15.0,137.76,325.34,94.41,711.23,3978.6,6.9634,77.35,48.46,11.21,380.4,9.06,5,4,0,0
2021-12-14,2969.8,3773.4,32.48,15.25,141.49,330.69,98.93,736.77,3891.4,6.9885,77.21,48.53,10.77,380.4,9.08,5,4,0,0
2021-12-15,2907.4,3840.6,31.72,15.34,141.09,343.47,97.07,737.79,3946.8,6.9902,77.15,48.42,11.37,380.5,9.14,4,3,0,0
2021-12-16,2963.5,3899.3,30.42,15.24,142.8,332.5,94.91,736.43,3939.0,6.9591,76.99,48.86,11.23,380.5,9.41,5,4,0,0
2021-12-17,2884.0,3889.1,30.95,15.65,135.42,335.68,97.18,739.32,3934.0,6.9537,77.37,48.65,11.51,380.5,9.45,6,3,0,0
2021-12-20,2947.7,3826.5,31.51,15.67,131.47,325.27,98.17,765.71,3932.7,6.9671,77.58,48.82,11.32,380.6,9.34,4,4,0,0
2021-12-21,2851.3,3684.5,30.67,15.04,141.51,322.06,97.67,726.72,3961.6,7.0489,77.02,48.59,11.43,380.7,9.36,4,5,0,0
2021-12-22,3009.3,3947.1,31.18,15.25,135.99,330.91,93.85,718.01,3978.0,6.9756,77.43,47.72,11.52,380.7,9.36,5,4,0,0
2021-12-23,2889.5,3781.8,31.15,15.19,132.06,331.94,95.49,714.3,3964.6,7.0252,77.51,48.62,11.26,380.7,8.73,4,4,0,0
2021-12-24,2819.7,3678.7,30.21,15.08,138.86,323.74,96.48,740.41,3947.4,6.9744,77.2,48.64,11.29,380.8,9.22,5,5,0,0
2021-12-27,2801.3,3587.9,29.88,15.27,140.56,332.59,97.17,751.37,3949.6,7.0157,77.83,48.74,10.98,380.9,8.85,4,2,0,0
2021-12-28,2777.8,3592.5,29.84,15.18,137.51,337.59,98.54,745.04,3989.1,7.0164,77.38,48.29,11.54,380.9,9.31,6,4,0,0
2021-12-29,2766.9,3548.6,30.17,14.26,136.31,337.99,97.87,714.27,3973.6,7.0181,77.46,47.96,11.27,380.9,8.79,5,3,0,0
2021-12-30,2847.1,3681.8,30.43,14.53,137.14,339.76,95.27,730.24,3961.1,7.0014,77.45,48.96,11.1,381.0,9.17,4,4,0,0
2021-12-31,2862.5,3634.9,30.5,14.74,136.34,338.85,98.49,754.95,3958.5,7.0313,77.06,48.47,11.45,381.0,9.31,4,4,0,0
2022-01-03,2754.3,3500.7,30.46,15.16,132.82,335.11,99.31,760.15,3975.5,7.002,77.77,48.72,10.87,381.1,8.97,4,3,0,0
2022-01-04,2768.5,3560.7,28.9,14.42,134.72,335.75,99.34,770.36,3948.2,7.0423,77.29,48.48,11.22,381.1,9.38,5,5,0,0
2022-01-05,2930.1,3709.6,30.69,15.2,138.55,331.31,100.41,749.91,3994.5,6.9425,77.48,48.63,11.49,381.2,9.29,4,4,0,0
2022-01-06,2859.2,3684.6,30.75,15.27,137.79,354.38,100.09,768.76,3929.2,7.0018,77.69,48.4,11.22,381.2,9.26,4,4,0,0
2022-01-07,2873.3,3637.6,31.57,15.49,137.18,341.78,99.54,771.17,3953.6,7.0,77.91,48.12,11.17,381.2,9.32,4,5,0,0
2022-01-10,2830.3,3624.9,29.04,14.9,133.08,342.07,98.96,731.6,3992.9,6.9641,77.3,48.91,11.24,381.3,9.1,5,3,0,0
2022-01-11,2658.2,3547.4,30.87,14.29,135.56,337.48,96.22,738.16,3933.0,7.0098,77.46,48.33,10.92,381.4,9.2,4,3,0,0
2022-01-12,2623.9,3247.9,29.14,14.08,129.05,367.16,100.11,754.71,3918.7,6.9479,77.93,48.76,11.47,381.4,9.17,4,3,0,0
2022-01-13,2669.0,3409.7,29.95,14.26,136.47,337.78,99.84,757.92,3977.2,6.9732,77.7,48.9,11.3,381.4,9.16,4,5,0,0
2022-01-14,2636.6,3373.8,30.68,14.47,140.35,343.31,100.08,764.71,3916.7,6.9331,77.76,48.36,11.27,381.5,9.02,5,4,0,0
2022-01-17,2615.3,3314.4,29.49,14.35,130.69,351.72,97.67,738.3,3934.1,7.0405,77.35,48.03,11.28,381.6,8.9,4,4,0,0
2022-01-18,2565.1,3285.0,29.31,13.97,133.41,353.79,98.15,739.29,4007.2,6.987,77.53,50.03,11.34,381.6,9.08,5,4,0,0
2022-01-19,2533.9,3191.4,29.29,14.97,136.21,357.17,102.11,774.78,3974.7,7.0592,77.59,48.41,11.47,381.6,9.06,5,4,0,0
2022-01-20,2610.0,3374.4,29.11,14.1,139.05,364.23,100.27,748.8,4028.0,7.0185,77.42,49.05,11.33,381.7,8.99,5,4,1,0
2022-01-21,2694.7,3360.9,29.47,15.08,133.48,355.16,101.7,758.5,3942.0,7.008,77.23,49.79,11.07,381.7,9.31,5,4,1,0
2022-01-24,2647.9,3396.2,29.3,15.16,132.33,345.52,100.9,774.24,3984.3,6.9777,77.54,49.16,11.46,381.8,8.89,3,4,1,0
2022-01-25,2683.2,3472.4,29.75,15.05,128.12,352.21,101.02,753.18,4002.7,6.9641,78.01,48.57,11.45,381.8,9.09,4,4,1,0
2022-01-26,2679.8,3509.5,28.73,14.75,134.63,357.13,102.78,786.93,3948.9,7.0114,77.69,48.71,11.39,381.9,9.35,5,4,1,0
2022-01-27,2702.1,3451.1,30.14,14.91,140.71,371.03,100.29,767.54,4027.2,6.9938,78.03,48.3,11.57,381.9,9.3,4,4,1,0
2022-01-28,2652.2,3379.5,29.37,14.13,134.94,345.73,101.52,749.63,4010.1,6.956,77.74,49.25,11.36,381.9,9.36,4,4,1,0
2022-01-31,2671.9,3394.6,29.37,14.97,133.61,367.3,100.89,757.93,3939.3,6.9513,77.52,49.09,11.58,382.0,8.99,6,3,1,0
2022-02-01,2628.7,3437.5,30.11,14.83,134.59,360.32,101.07,781.58,3995.5,6.9682,78.04,48.51,11.64,382.1,9.26,6,3,1,0
2022-02-02,2631.3,3486.5,28.94,14.64,133.4,365.95,101.42,757.87,4011.5,7.0519,77.78,48.23,11.48,382.1,8.89,5,5,1,0
2022-02-03,2774.8,3536.7,31.43,14.51,130.71,359.59,102.5,771.42,3978.4,7.0638,77.97,48.08,11.22,382.1,9.04,5,4,1,0
2022-02-04,2898.8,3663.3,30.54,14.28,135.82,354.73,101.36,774.82,3948.5,7.0038,77.47,49.36,11.34,382.1,9.06,3,4,1,0
2022-02-07,2784.6,3681.1,30.86,14.97,133.54,368.76,104.86,802.46,4013.4,7.0028,78.02,48.9,11.62,382.2,8.97,4,4,1,0
2022-02-08,2854.8,3586.4,29.63,15.36,132.75,368.73,101.12,764.58,4082.2,6.9885,78.03,48.96,11.08,382.3,9.01,4,3,1,0
2022-02-09,2632.8,3341.6,29.56,14.5,129.45,371.8,102.52,769.94,3992.5,6.9707,77.85,48.41,11.3,382.3,8.98,4,4,1,0
2022-02-10,2754.2,3554.0,31.34,15.03,136.62,365.1,102.19,791.94,4062.1,7.0402,77.58,48.07,11.31,382.3,8.88,4,4,1,0
2022-02-11,2643.0,3410.7,30.96,15.27,134.45,361.39,105.71,819.68,3982.0,7.0554,77.78,49.41,11.21,382.4,9.24,3,4,1,0
2022-02-14,2606.9,3431.4,30.68,15.57,130.19,356.28,103.83,797.82,4019.3,6.9731,77.96,48.92,11.56,382.5,9.03,5,5,1,0
2022-02-15,2715.6,3416.0,30.43,15.38,135.04,374.8,105.46,798.17,4039.9,6.9976,77.87,49.41,11.46,382.5,9.1,5,4,1,0
2022-02-16,2615.6,3397.5,29.36,14.31,130.12,372.53,101.06,757.49,4013.8,6.9868,77.97,48.71,11.25,382.5,9.09,6,5,0,0
2022-02-17,2626.0,3414.1,28.93,14.13,129.08,362.8,104.34,779.53,4004.8,6.9879,78.08,48.81,11.51,382.6,9.07,4,4,0,0
2022-02-18,2672.3,3347.9,29.8,15.68,129.03,366.69,105.58,804.24,4041.8,7.0363,77.67,49.34,11.36,382.6,9.07,4,3,0,0
2022-02-21,2586.6,3438.7,29.97,15.73,125.43,369.31,104.51,795.67,4086.0,6.962,77.57,49.37,11.22,382.7,8.98,3,4,0,0
2022-02-22,2634.9,3486.0,31.21,15.22,132.48,362.38,106.4,820.35,4031.5,7.0156,77.85,49.42,11.26,382.7,9.32,4,3,0,0
2022-02-23,2722.6,3505.5,30.5,14.57,124.99,368.06,103.68,792.82,4004.0,7.0237,77.79,48.83,11.49,382.8,9.19,5,4,0,0
2022-02-24,2716.0,3470.9,31.23,15.3,126.79,366.38,107.27,791.41,4016.6,6.9978,78.07,49.35,11.59,382.8,9.04,4,4,0,0
2022-02-25,2680.5,3400.4,31.18,15.07,123.96,372.48,109.0,833.81,4112.6,7.0291,77.61,49.64,11.31,382.8,8.94,6,5,0,0
2022-02-28,2637.5,3394.7,29.51,14.74,129.96,372.11,104.58,779.19,4032.6,7.0074,78.16,48.98,11.52,382.9,9.0,4,5,0,0
2022-03-01,2818.7,3456.6,28.91,15.22,129.63,366.14,104.56,786.4,4008.2,7.0397,78.25,48.78,11.73,383.0,9.1,5,4,0,0
2022-03-02,2718.1,3514.8,31.5,15.3,128.94,394.2,108.1,818.11,3990.1,6.9577,77.92,49.81,11.17,383.0,9.32,4,4,0,0
2022-03-03,2850.9,3722.6,32.37,15.21,126.53,389.12,108.46,841.45,3967.4,6.9931,77.94,48.73,11.49,383.0,8.74,5,4,0,0
2022-03-04,2642.7,3441.4,29.6,15.03,125.99,374.57,104.8,829.94,4045.2,7.0016,77.74,49.45,11.59,383.1,9.14,3,4,0,0
2022-03-07,2705.1,3467.0,31.28,15.26,130.85,384.54,105.36,803.72,4058.8,6.9243,77.82,49.09,11.41,383.2,9.23,5,4,0,0
2022-03-08,2668.7,3371.7,30.17,15.02,127.48,386.31,105.73,796.79,4023.2,6.9721,77.86,48.13,11.68,383.2,8.7,5,3,0,0
2022-03-09,2636.3,3275.1,29.69,14.77,130.13,392.81,103.95,793.25,4037.7,6.9805,78.33,49.78,11.87,383.2,8.96,5,4,0,0
2022-03-10,2564.2,3373.0,31.05,15.21,126.17,378.43,104.84,803.55,3998.4,7.0336,77.95,47.66,11.5,383.3,8.78,4,4,0,0
2022-03-11,2576.6,3295.2,30.48,14.56,129.46,393.45,104.81,788.86,4045.1,6.9841,77.65,48.1,11.39,383.3,9.08,5,5,0,0
2022-03-14,2570.3,3231.3,30.15,14.84,132.68,383.22,105.61,819.7,4060.8,6.9814,78.06,49.5,11.64,383.4,8.91,5,4,0,0
2022-03-15,2566.1,3213.7,30.08,13.62,130.26,378.01,109.78,829.23,4026.4,7.0307,78.21,49.52,11.61,383.4,8.95,5,4,0,0
2022-03-16,2490.4,3140.7,30.0,14.57,126.94,394.15,110.09,834.57,4105.4,6.9579,78.01,48.9,10.94,383.5,8.89,4,4,0,0
2022-03-17,2501.2,3115.7,29.44,15.06,128.96,399.09,112.29,851.54,4018.1,6.9445,78.39,49.35,11.45,383.5,9.12,3,4,0,0
2022-03-18,2534.0,3272.6,29.78,14.68,127.24,409.51,107.53,816.24,4058.5,6.996,78.22,47.89,11.37,383.5,9.01,5,4,0,0
2022-03-21,2566.5,3138.5,29.08,14.61,127.67,383.18,110.58,842.03,4081.7,6.9641,77.79,49.69,11.53,383.6,9.01,4,5,0,0
2022-03-22,2553.7,3162.5,29.18,14.24,126.48,398.11,108.25,808.72,4050.4,6.9655,77.92,49.46,11.42,383.7,8.99,4,4,0,0
2022-03-23,2395.5,3098.0,28.97,14.87,126.87,390.49,108.38,810.28,4047.7,7.0252,78.12,49.32,11.44,383.7,9.07,5,4,0,0
2022-03-24,2339.0,2988.6,28.47,14.56,127.95,400.13,109.51,811.48,4005.4,7.0345,77.65,49.37,11.29,383.7,8.9,4,3,0,0
2022-03-25,2272.9,2883.2,28.59,14.47,123.97,383.91,106.11,806.79,4104.1,7.0321,78.16,49.65,11.61,383.8,9.29,4,4,0,0
2022-03-28,2341.1,2855.0,28.4,13.65,123.53,387.55,108.3,825.8,4054.1,7.0423,77.66,49.38,11.8,383.9,8.69,3,4,0,0
2022-03-29,2317.6,2971.6,29.22,14.33,122.21,391.89,107.74,818.14,4080.0,7.0465,78.36,48.39,11.3,383.9,8.59,4,4,0,0
2022-03-30,2364.9,2971.0,28.03,14.39,121.41,398.99,108.16,835.56,4085.9,6.9456,78.34,50.65,11.19,383.9,8.57,6,5,0,0
2022-03-31,2465.5,3066.8,29.05,14.39,122.52,394.28,107.62,811.75,4041.5,7.0232,78.24,50.12,11.48,384.0,8.51,5,4,0,0
2022-04-01,2361.6,2945.1,29.19,14.29,126.8,404.73,111.35,845.19,4057.7,6.994,77.95,48.77,11.47,384.0,9.06,5,4,0,0
2022-04-04,2499.3,3135.0,28.83,14.29,123.06,483.92,105.27,782.72,4114.8,6.9882,78.19,49.31,11.71,384.1,9.03,4,3,0,0
2022-04-05,2316.7,2953.1,28.45,14.5,127.44,479.3,105.29,791.31,4030.1,7.0276,78.02,49.39,11.24,384.1,9.16,4,4,0,0
2022-04-06,2453.9,3037.8,27.9,13.72,125.78,485.54,104.95,802.01,4144.9,6.9591,77.9,50.14,11.38,384.2,8.7,5,4,0,0
2022-04-07,2428.9,3093.1,29.36,15.1,119.25,475.11,104.9,803.52,4045.5,6.9587,78.08,48.38,11.06,384.2,9.06,4,4,0,0
2022-04-08,2372.0,2981.6,29.03,14.39,127.52,461.46,104.58,787.64,4031.4,7.0305,78.35,49.31,11.76,384.2,8.92,5,3,0,0
2022-04-11,2464.5,3082.3,29.47,14.48,127.65,476.58,107.36,809.17,4080.8,7.0268,78.2,48.64,11.54,384.3,8.93,4,4,0,0
2022-04-12,2430.9,3040.3,29.53,14.66,121.75,460.41,107.6,793.49,4154.6,7.0164,78.56,49.47,11.4,384.4,9.02,6,4,0,0
2022-04-13,2404.9,3005.8,28.75,13.71,126.15,470.37,103.85,781.88,4011.6,6.9862,78.4,49.39,11.23,384.4,8.74,5,4,0,0
2022-04-14,2467.3,3163.8,29.54,14.28,121.95,473.94,103.21,792.48,4074.7,7.0351,78.38,49.71,11.25,384.4,9.4,5,5,0,0
2022-04-15,2450.9,3103.0,29.26,14.45,124.88,464.15,105.38,803.5,4097.4,7.0334,77.82,49.36,11.58,384.4,9.15,4,4,0,0
2022-04-18,2611.8,3330.8,30.14,15.2,120.15,445.28,103.03,786.58,4085.4,7.0162,78.17,49.3,11.29,384.5,8.77,5,4,0,0
2022-04-19,2428.2,3151.5,28.19,14.49,118.33,448.21,104.99,794.51,4098.7,6.9786,77.98,50.08,11.53,384.6,8.65,4,3,0,0
2022-04-20,2361.4,2975.9,28.01,14.37,122.72,463.61,104.04,787.57,4061.4,7.0013,78.21,50.01,11.92,384.6,8.85,5,4,0,0
2022-04-21,2340.0,2876.0,28.99,13.68,123.43,451.01,100.78,757.37,4066.6,7.0394,78.09,50.08,11.44,384.6,8.9,5,4,0,0
2022-04-22,2187.5,2767.8,26.58,14.21,122.43,451.47,106.12,810.01,4083.6,7.0543,78.17,49.7,11.32,384.7,9.08,4,3,0,0
2022-04-25,2358.1,2844.1,28.28,14.71,119.54,452.34,106.05,806.22,4052.7,7.0054,78.55,49.51,11.6,384.8,8.62,5,4,0,0
2022-04-26,2432.9,2952.2,29.16,14.46,121.93,450.46,101.55,776.43,4091.8,7.0079,78.41,49.78,11.28,384.8,8.91,5,4,0,0
2022-04-27,2367.7,3046.9,28.52,14.16,123.95,445.92,101.78,765.8,4080.9,7.0108,78.55,50.14,11.87,384.8,8.54,5,4,0,0
2022-04-28,2505.5,3058.8,28.23,14.37,122.82,440.86,102.82,753.36,4079.2,7.0241,77.91,48.69,11.81,384.9,8.93,4,3,0,0
2022-04-29,2385.2,2988.1,28.76,14.45,123.42,438.67,102.74,791.79,4108.1,6.9986,78.33,50.13,11.5,384.9,8.82,6,4,0,0
2022-05-02,2414.6,2990.1,28.26,14.32,120.32,443.23,102.81,773.36,4036.6,6.9299,78.58,50.11,11.35,385.0,9.22,4,3,0,0
2022-05-03,2390.3,3023.7,28.72,14.65,126.1,439.53,105.07,784.13,4093.4,7.0527,78.72,49.99,11.45,385.0,8.52,5,4,0,0
2022-05-04,2426.9,2969.9,27.99,14.51,118.46,432.05,100.96,774.87,4183.7,7.071,77.96,49.9,11.48,385.1,9.1,5,4,0,0
2022-05-05,2483.1,3098.1,29.33,14.14,123.66,440.68,99.67,753.08,4065.7,6.999,78.27,48.59,11.62,385.1,8.48,6,4,0,0
2022-05-06,2359.0,2999.6,29.32,14.32,125.76,430.19,98.46,762.22,4149.9,6.9856,78.62,49.78,11.75,385.1,8.56,4,4,0,0
2022-05-09,2323.2,2971.1,28.21,13.91,123.15,420.55,99.11,761.35,4110.2,7.0141,78.33,51.03,11.34,385.2,8.48,4,4,0,0
2022-05-10,2244.7,2871.4,27.17,13.63,120.84,419.83,100.2,769.53,4088.4,7.0128,78.16,50.08,11.75,385.3,8.86,5,4,0,0
2022-05-11,2375.1,2946.5,27.93,13.95,119.67,416.78,103.31,766.14,4064.4,7.0486,78.01,49.92,11.67,385.3,8.57,3,4,0,0
2022-05-12,2402.3,2958.8,28.21,14.04,124.55,420.67,98.98,767.61,4116.7,7.0206,78.17,50.13,11.45,385.3,8.53,3,3,0,0
2022-05-13,2343.4,2860.7,28.31,13.32,116.56,430.56,100.14,764.12,4163.8,6.9954,77.99,50.33,11.34,385.4,8.84,4,4,0,0
2022-05-16,2305.2,2861.1,27.18,14.12,117.64,411.04,99.2,750.12,4102.8,6.9802,78.45,50.52,11.58,385.5,8.88,5,4,0,0
2022-05-17,2301.0,2935.8,27.78,13.08,119.35,417.08,101.2,769.86,4114.7,7.046,78.66,50.06,11.35,385.5,8.8,5,3,0,0
2022-05-18,2252.6,2823.0,28.18,14.78,124.46,409.34,103.43,762.04,4154.0,7.0382,78.13,50.44,11.77,385.5,8.75,4,4,0,0
2022-05-19,2428.9,2955.2,28.74,14.48,121.59,410.9,97.76,749.67,4131.8,7.0523,78.52,51.15,11.34,385.6,9.15,4,4,0,0
2022-05-20,2271.8,2837.6,27.17,13.59,117.15,400.12,97.66,731.75,4066.0,6.9916,78.67,50.81,11.68,385.6,8.81,5,4,0,0
2022-05-23,2339.1,2893.6,27.0,13.83,118.89,405.57,99.91,743.16,4127.9,7.0765,78.48,51.56,11.56,385.7,8.93,5,4,0,0
2022-05-24,2288.5,2909.8,29.97,13.91,117.79,404.36,99.09,735.52,4178.5,6.9692,78.08,49.94,11.46,385.7,8.79,5,4,0,0
2022-05-25,2463.5,3072.9,29.33,14.1,117.36,408.46,101.01,780.24,4125.4,7.043,78.59,51.24,11.56,385.8,8.54,4,4,0,0
2022-05-26,2498.9,3190.3,28.61,14.33,122.64,404.67,98.57,742.71,4031.9,6.9647,78.49,49.91,11.8,385.8,8.87,3,4,0,0
2022-05-27,2536.4,3131.3,29.31,14.2,115.0,392.6,96.7,755.96,4142.6,6.9985,78.47,50.56,11.34,385.8,8.63,4,3,0,0
2022-05-30,2416.5,2965.4,27.97,13.88,124.17,405.5,97.9,739.26,4125.5,7.0697,78.39,50.79,11.51,385.9,8.73,5,4,0,0
2022-05-31,2406.8,3049.3,28.78,14.04,121.55,397.54,98.66,730.38,4069.6,7.048,78.56,50.13,11.44,386.0,8.81,5,5,0,0
2022-06-01,2293.8,2843.9,27.7,13.23,122.26,396.04,97.97,732.78,4076.0,7.0069,78.67,50.48,11.58,386.0,8.35,6,4,0,1
2022-06-02,2387.7,3023.8,28.47,14.11,117.17,393.07,97.23,756.01,4170.1,7.0079,79.14,50.96,11.46,386.0,8.42,7,4,0,1
2022-06-03,2292.4,2942.8,27.96,13.97,118.05,387.85,98.07,744.99,4111.5,7.0267,78.58,50.09,11.24,386.1,8.92,6,3,0,1
2022-06-06,2150.5,2677.1,26.19,13.52,113.57,389.14,97.74,738.05,4108.8,7.0398,78.95,51.42,11.39,386.2,8.59,6,3,0,1
2022-06-07,2254.4,2756.9,28.75,13.58,116.35,389.67,97.95,747.99,4140.4,7.0622,78.67,49.76,11.93,386.2,8.6,6,3,0,1
2022-06-08,2358.4,2909.6,27.29,14.24,119.49,371.59,96.46,741.95,4120.3,7.0111,78.56,51.61,11.65,386.2,8.75,6,4,0,1
2022-06-09,2302.4,2835.9,26.75,13.59,121.93,379.24,94.82,738.19,4147.5,6.9767,78.63,51.12,11.65,386.3,8.64,6,4,0,1
2022-06-10,2190.0,2695.5,27.13,13.62,114.12,379.97,95.21,744.84,4138.0,7.03,78.3,50.54,11.55,386.3,8.8,6,3,0,1
2022-06-13,2270.4,2724.5,26.6,13.97,116.13,379.57,96.61,732.62,4106.6,7.0122,78.7,50.39,11.6,386.4,8.7,5,3,0,1
2022-06-14,2129.3,2572.0,26.32,13.04,116.69,385.2,92.8,695.1,4131.8,6.9871,78.13,50.36,11.53,386.4,8.74,6,4,0,1
2022-06-15,2209.4,2647.2,27.29,13.4,112.58,369.05,94.76,719.4,4166.4,7.0353,78.42,50.58,11.72,386.5,8.56,5,3,0,1
2022-06-16,2117.1,2696.6,27.62,13.35,118.82,369.69,93.22,716.99,4153.5,7.0202,78.67,50.65,11.64,386.5,8.74,6,4,0,1
2022-06-17,1906.8,2535.9,26.89,13.52,114.49,368.18,93.8,706.3,4150.3,7.036,78.95,51.39,11.39,386.5,8.92,7,4,0,1
2022-06-20,2169.6,2617.8,26.54,13.18,115.81,361.79,95.54,718.19,4224.4,7.0006,79.03,51.81,11.68,386.6,8.57,6,5,0,1
2022-06-21,1969.8,2439.1,26.23,13.47,114.86,363.79,93.41,719.33,4183.4,7.0423,78.62,50.86,11.14,386.7,8.87,5,4,0,1
2022-06-22,1990.4,2376.6,26.18,12.85,113.66,370.76,92.98,711.68,4188.8,6.9884,78.72,50.3,11.71,386.7,8.67,6,4,0,1
2022-06-23,2021.8,2432.7,24.77,12.56,116.04,355.67,90.28,694.28,4154.3,7.0033,78.94,50.49,11.35,386.7,8.82,6,3,0,1
2022-06-24,2030.9,2299.2,26.02,12.99,115.25,365.37,93.9,709.4,4168.9,7.021,78.37,50.71,11.62,386.7,8.7,6,4,0,1
2022-06-27,1995.0,2335.9,24.84,12.71,114.38,345.18,93.2,711.02,4149.6,7.0812,78.82,50.26,11.4,386.8,8.66,6,4,0,1
2022-06-28,2083.5,2492.5,27.7,13.32,113.12,352.32,95.76,720.11,4193.0,7.0528,78.52,50.2,11.64,386.9,8.73,7,3,0,1
2022-06-29,2106.2,2475.5,25.95,12.06,116.35,352.65,91.15,710.47,4163.1,7.0617,78.69,52.03,11.76,386.9,8.9,7,4,0,1
2022-06-30,2015.0,2369.6,25.84,12.91,120.49,366.28,91.92,717.5,4175.9,7.0722,78.62,51.06,11.95,386.9,8.7,6,3,0,1
2022-07-01,1981.8,2382.4,25.12,12.56,115.52,350.25,91.81,682.13,4174.9,7.1379,78.85,50.46,11.34,387.0,8.75,7,3,0,1
2022-07-04,2066.5,2395.2,25.51,12.5,109.85,331.58,93.68,705.89,4172.1,7.0318,78.9,51.38,11.85,387.1,8.57,6,4,0,1
2022-07-05,1939.8,2367.7,27.01,12.47,102.46,331.68,90.5,677.45,4276.7,7.0734,79.0,50.31,11.68,387.1,8.95,6,3,0,1
2022-07-06,2006.4,2359.7,26.26,12.53,107.67,345.52,91.0,691.02,4151.7,7.0613,78.87,50.37,11.57,387.1,8.76,6,4,0,1
2022-07-07,1812.0,2202.2,24.25,12.54,103.91,348.46,91.42,700.69,4152.5,7.0611,78.83,50.55,11.81,387.2,8.65,6,3,0,1
2022-07-08,2022.4,2394.1,26.6,12.23,102.96,345.27,90.5,677.97,4201.6,7.0846,79.26,51.92,11.62,387.2,8.61,7,3,0,1
2022-07-11,1918.1,2231.9,25.84,12.55,105.58,339.48,88.84,673.06,4159.9,7.0195,78.43,50.89,11.81,387.3,8.82,7,4,0,1
2022-07-12,1982.9,2217.3,24.89,12.93,112.03,345.54,89.82,678.76,4171.7,7.0173,79.24,49.71,11.47,387.3,8.5,7,3,0,1
2022-07-13,1757.7,2118.7,25.22,12.55,111.52,331.37,91.24,702.89,4145.1,7.0421,78.76,51.74,11.55,387.4,8.26,7,4,0,1
2022-07-14,1955.5,2352.4,25.44,12.91,109.53,340.72,87.28,674.37,4201.4,7.0272,78.98,50.92,11.86,387.4,8.63,6,4,0,1
2022-07-15,1932.3,2204.9,26.31,12.81,104.12,320.36,89.2,677.9,4203.0,7.0425,78.76,50.09,11.97,387.4,8.85,5,3,0,1
2022-07-18,1818.2,2064.7,24.04,12.64,108.68,321.58,87.19,675.0,4177.8,7.0805,78.69,50.95,11.67,387.5,8.92,7,4,0,1
2022-07-19,1905.1,2212.6,25.26,13.16,110.55,313.41,90.43,688.35,4215.0,7.0195,78.99,51.43,11.13,387.6,8.58,7,3,0,1
2022-07-20,1790.0,2121.5,24.27,12.01,110.42,323.49,85.36,657.22,4126.1,7.0249,79.14,51.39,11.65,387.6,8.6,6,4,0,1
2022-07-21,1748.4,2028.1,23.68,12.0,104.25,323.8,86.93,691.2,4167.5,7.0395,79.0,52.17,11.69,387.6,8.7,6,3,0,1
2022-07-22,1872.2,2078.0,26.26,12.63,107.58,323.6,88.44,697.49,4187.5,7.0276,78.75,50.73,11.64,387.7,8.54,6,3,0,1
2022-07-25,1709.4,1924.9,23.37,12.26,110.51,318.98,90.07,676.87,4155.8,6.9777,79.81,51.25,11.76,387.8,8.68,6,3,0,1
2022-07-26,1724.9,1915.8,24.3,12.3,112.72,310.15,86.96,681.29,4136.8,7.0179,79.22,50.85,11.6,387.8,8.56,6,3,0,1
2022-07-27,1687.7,1896.1,22.89,12.61,104.27,314.27,85.91,673.92,4188.4,7.0562,79.16,50.41,11.87,387.8,8.78,5,4,0,1
2022-07-28,1635.0,1897.2,23.82,11.99,111.07,303.06,90.12,679.06,4224.6,7.0789,78.84,51.76,11.47,387.9,8.72,6,4,0,1
2022-07-29,1938.1,2205.3,25.12,12.48,112.34,323.11,83.96,660.75,4246.4,7.0014,78.78,51.54,11.95,387.9,8.73,6,4,0,1
2022-08-01,1911.8,2197.9,24.25,11.95,114.89,306.38,82.09,656.7,4185.8,7.0019,78.89,51.46,12.02,388.0,8.52,6,3,0,1
2022-08-02,1935.7,2094.4,24.83,12.89,114.69,303.58,86.67,655.91,4231.7,7.0378,79.24,51.56,11.53,388.0,8.94,6,4,0,1
2022-08-03,1846.4,2214.4,24.54,12.14,114.63,317.76,84.81,645.67,4229.5,6.9748,78.72,50.96,11.53,388.1,8.65,6,3,0,1
2022-08-04,1932.0,2204.5,25.6,12.22,110.5,295.12,83.7,661.38,4251.0,7.024,78.71,50.8,11.8,388.1,8.6,7,4,0,1
2022-08-05,1789.8,2149.1,25.68,12.19,107.25,294.59,86.64,672.43,4197.3,6.9854,79.12,51.39,11.48,388.1,8.39,6,3,0,1
2022-08-08,1833.1,2101.9,24.31,12.05,112.4,295.28,86.82,676.99,4150.0,7.0793,79.09,52.02,11.62,388.2,8.52,6,3,0,1
2022-08-09,1841.4,2050.9,24.45,11.87,117.16,302.83,85.3,664.12,4216.6,7.0153,78.82,52.28,11.94,388.3,8.56,6,4,0,1
2022-08-10,1682.8,2041.2,24.4,11.87,118.72,306.41,83.94,655.49,4179.8,7.0882,78.75,51.85,11.87,388.3,8.37,5,4,0,1
2022-08-11,1779.6,2046.6,24.75,11.62,116.83,308.55,87.74,660.74,4191.1,7.0722,79.39,51.45,12.12,388.3,8.47,6,4,0,1
2022-08-12,1717.6,1977.8,24.41,11.87,116.23,322.11,87.27,686.0,4207.0,7.0197,79.12,51.59,11.76,388.4,8.49,6,3,0,1
2022-08-15,1772.5,2074.3,24.74,12.92,116.37,285.75,85.84,677.77,4209.2,7.0076,78.71,51.46,11.61,388.5,8.53,6,3,0,1
2022-08-16,1841.1,2096.6,24.6,12.57,113.68,306.99,89.26,684.24,4227.1,7.0341,78.74,50.91,11.75,388.5,8.16,7,4,0,1
2022-08-17,1839.3,2036.3,24.28,12.34,115.34,298.04,83.93,650.21,4247.9,7.037,78.98,51.5,11.71,388.5,8.48,6,3,0,1
2022-08-18,1698.9,1914.9,24.42,12.11,121.4,297.61,83.02,626.19,4211.6,7.0508,79.26,50.77,11.71,388.6,8.43,6,4,0,1
2022-08-19,1722.4,1925.2,24.39,12.56,113.34,297.14,84.44,660.33,4239.5,7.0173,79.23,51.44,11.74,388.6,8.5,6,2,0,1
2022-08-22,1746.2,1969.5,24.65,11.41,121.82,294.74,85.51,668.31,4229.6,7.0636,79.38,52.43,11.56,388.7,8.7,7,3,0,1
2022-08-23,1777.0,2026.5,24.79,11.65,115.92,313.95,85.93,663.59,4263.0,7.0494,78.74,51.99,11.81,388.7,8.9,6,3,0,1
2022-08-24,1785.6,2125.0,24.61,11.99,121.49,307.39,84.96,671.23,4224.8,7.0315,79.17,51.04,11.47,388.8,8.62,5,2,0,1
2022-08-25,1895.2,2124.6,24.8,12.04,113.04,301.0,85.93,660.31,4229.8,7.0205,79.48,51.52,11.61,388.8,8.24,7,3,0,1
2022-08-26,1958.9,2287.8,24.29,12.29,119.71,310.7,82.94,650.76,4220.6,7.0366,79.46,51.12,11.73,388.8,8.41,7,4,0,1
2022-08-29,1820.4,2063.5,25.26,11.98,115.78,288.95,87.69,664.02,4231.4,7.0183,79.24,51.55,11.31,388.9,8.59,6,4,0,1
2022-08-30,1761.1,2064.7,22.55,12.18,113.9,290.04,84.83,656.56,4210.9,7.0448,79.74,52.17,11.92,389.0,8.57,6,4,0,1
2022-08-31,1848.5,2174.1,24.78,12.34,119.42,283.41,86.88,668.68,4208.5,7.0458,79.32,51.97,11.36,389.0,8.67,7,4,0,1
2022-09-01,1814.6,2099.0,25.28,11.94,122.24,294.21,85.37,663.23,4267.7,7.0513,79.43,52.99,11.9,389.0,8.45,7,4,0,1
2022-09-02,1734.0,2079.3,23.52,11.36,116.59,300.38,85.46,656.7,4203.8,7.0966,79.19,52.29,11.51,389.0,8.39,6,4,0,1
2022-09-05,1738.9,2098.9,24.77,11.82,114.79,299.63,85.55,660.14,4234.0,7.0403,79.0,51.75,11.69,389.1,8.8,6,3,0,1
2022-09-06,1838.2,2169.1,24.38,12.13,119.57,299.67,85.21,669.32,4281.9,7.0747,78.99,52.02,11.88,389.2,8.46,6,2,0,1
2022-09-07,1736.0,1921.7,23.67,11.8,119.87,287.66,85.44,655.73,4235.1,7.0516,79.26,51.55,12.22,389.2,8.24,6,3,0,1
2022-09-08,1700.3,1957.7,24.57,11.5,122.19,303.94,86.55,649.25,4277.6,7.0378,79.17,51.05,11.8,389.2,8.74,7,3,0,1
2022-09-09,1680.8,1955.9,24.34,11.87,123.75,299.39,84.38,674.8,4229.1,7.0416,78.78,52.4,11.39,389.3,8.14,6,4,0,1
2022-09-12,1669.0,1921.4,22.8,11.6,120.8,302.75,85.18,675.78,4216.4,7.0441,78.99,52.24,11.98,389.4,7.73,6,4,0,1
2022-09-13,1758.6,2033.4,23.38,11.87,127.2,282.72,83.61,633.04,4198.6,7.0545,79.17,51.56,11.74,389.4,8.58,6,3,0,1
2022-09-14,1687.7,1914.7,24.72,11.61,122.25,298.9,86.23,674.65,4301.5,7.0175,79.44,51.85,11.81,389.4,8.61,6,4,0,1
2022-09-15,1759.5,1830.1,23.68,11.32,120.69,287.3,82.29,633.52,4216.9,7.0025,79.26,52.39,11.91,389.5,8.51,6,4,0,1
2022-09-16,1619.1,1697.4,24.52,11.19,116.91,292.87,86.61,672.12,4284.0,7.0664,79.25,52.18,11.35,389.5,8.16,5,4,0,1
2022-09-19,1626.2,1710.8,24.27,11.48,121.49,299.49,83.16,649.02,4226.3,7.0743,79.05,50.92,11.8,389.6,8.4,6,4,0,1
2022-09-20,1627.5,1701.7,22.67,11.07,121.51,295.8,80.52,624.71,4308.5,7.07,79.31,51.87,11.72,389.6,8.35,6,3,0,1
2022-09-21,1546.7,1744.7,24.78,11.83,125.92,288.35,83.18,636.25,4340.8,7.0525,79.64,51.65,12.05,389.7,8.3,5,4,0,1
2022-09-22,1510.1,1705.1,22.94,11.53,124.58,294.4,81.59,626.5,4205.7,7.0711,79.35,52.36,11.95,389.7,8.68,5,3,0,1
2022-09-23,1452.0,1605.2,22.14,11.31,119.58,282.48,84.18,641.44,4227.9,7.0697,78.94,52.32,11.48,389.7,8.19,7,4,0,1
2022-09-26,1577.1,1610.0,22.18,10.95,124.15,302.19,81.35,623.2,4296.4,7.0725,79.03,52.48,12.07,389.8,8.45,6,4,0,1
2022-09-27,1491.8,1623.7,21.28,11.45,125.99,291.63,81.58,633.91,4288.4,7.0234,79.5,51.15,11.91,389.9,8.63,6,3,0,1
2022-09-28,1483.3,1665.5,23.64,11.46,128.97,301.15,78.83,607.46,4298.8,7.0164,79.3,51.33,11.51,389.9,8.46,5,3,0,1
2022-09-29,1511.8,1645.8,23.93,11.44,127.16,288.4,81.27,640.82,4252.7,7.0379,79.34,52.38,11.83,389.9,8.63,6,3,0,1
2022-09-30,1507.5,1624.1,22.0,11.83,126.99,288.0,77.57,625.33,4343.5,7.0493,79.22,51.45,12.03,390.0,8.49,6,4,0,1
2022-10-03,1603.3,1734.2,22.69,11.5,124.97,285.78,78.93,609.79,4281.5,7.0432,79.51,50.94,11.59,390.1,8.45,3,3,0,0
2022-10-04,1642.9,1797.4,23.49,11.97,126.25,297.65,83.0,647.29,4235.9,6.9944,79.32,52.07,12.11,390.1,8.44,5,4,0,0
2022-10-05,1523.8,1695.7,22.51,11.56,129.23,285.33,82.9,649.69,4270.8,7.1025,79.36,51.48,11.53,390.1,8.49,4,4,0,0
2022-10-06,1587.1,1676.2,21.88,11.69,121.18,295.05,82.1,643.91,4238.7,7.0429,79.2,52.77,11.68,390.2,8.28,4,3,0,0
2022-10-07,1545.6,1714.9,22.76,11.1,124.54,286.9,79.44,621.08,4337.7,7.0565,79.65,51.95,11.65,390.2,8.1,4,4,0,0
2022-10-10,1431.9,1499.5,22.21,11.01,123.4,274.5,80.94,639.29,4262.3,7.0893,79.38,51.88,12.12,390.3,8.54,3,3,0,0
2022-10-11,1543.8,1608.5,22.47,11.43,127.29,284.6,80.86,635.65,4303.8,6.9819,79.6,51.59,11.75,390.3,8.58,4,4,0,0
2022-10-12,1440.7,1551.2,22.31,11.13,130.21,279.57,78.63,599.83,4271.2,7.0371,79.15,52.67,11.61,390.4,8.39,4,4,0,0
2022-10-13,1391.5,1468.8,23.43,11.4,124.56,288.21,83.27,656.64,4267.3,7.041,79.89,52.0,11.94,390.4,8.23,4,3,0,0
2022-10-14,1421.9,1425.5,22.08,11.49,119.01,278.56,81.98,648.14,4223.2,7.0428,79.78,51.57,11.98,390.4,8.02,5,3,0,0
2022-10-17,1438.6,1564.8,22.46,10.61,125.53,293.97,79.85,613.83,4314.4,7.0483,79.01,51.36,11.99,390.5,8.34,3,3,0,0
2022-10-18,1436.4,1524.4,22.82,10.78,129.95,285.87,80.14,625.42,4340.1,7.0972,79.29,51.76,11.8,390.6,8.05,4,3,0,0
2022-10-19,1486.9,1529.8,22.82,11.26,128.93,284.74,80.31,634.33,4263.7,7.0742,79.62,51.26,11.91,390.6,8.02,4,3,0,0
2022-10-20,1553.5,1516.8,21.6,10.68,128.75,290.51,76.11,595.02,4242.8,7.0829,79.18,52.37,11.73,390.6,8.31,4,3,0,0
2022-10-21,1458.2,1481.2,22.34,12.27,126.65,292.34,79.18,631.31,4326.2,7.0558,79.48,50.8,12.2,390.7,8.16,4,3,0,0
2022-10-24,1497.3,1552.6,22.95,11.43,123.61,284.47,78.24,640.43,4243.9,7.0131,79.64,51.72,12.1,390.8,8.37,4,4,0,0
2022-10-25,1416.8,1422.2,21.0,10.78,129.51,278.35,77.51,597.66,4345.4,6.9929,79.49,52.13,12.09,390.8,8.27,4,4,0,0
2022-10-26,1257.1,1298.0,22.18,10.45,125.34,270.33,78.66,598.29,4272.2,7.0096,79.68,51.98,12.03,390.8,8.18,3,3,0,0
2022-10-27,1416.9,1454.8,23.24,10.95,135.15,278.0,82.24,642.9,4266.4,7.0665,79.38,51.4,11.98,390.9,7.96,5,4,0,0
2022-10-28,1328.2,1327.6,21.34,10.88,130.13,278.01,80.01,632.71,4314.8,7.0569,79.0,52.15,11.63,390.9,8.12,5,3,0,0
2022-10-31,1234.7,1154.1,21.11,10.5,126.58,282.94,77.67,605.41,4273.2,7.0503,79.83,51.3,12.01,391.0,8.12,4,3,0,0
2022-11-01,1232.0,1165.9,21.78,10.51,126.61,279.04,79.58,638.58,4286.0,7.0457,79.83,51.77,11.91,391.0,8.04,3,4,0,0
2022-11-02,1290.6,1236.9,20.98,10.54,128.4,286.28,80.92,614.16,4324.3,7.1174,80.22,52.14,12.14,391.1,8.21,5,3,0,0
2022-11-03,1264.9,1250.7,21.87,11.23,128.05,276.01,79.91,631.7,4228.0,7.0326,79.05,52.03,12.05,391.1,8.05,3,3,0,0
2022-11-04,1381.1,1403.4,21.86,11.3,132.5,279.67,78.2,604.51,4371.7,7.0853,79.8,51.4,12.0,391.1,8.24,4,3,0,0
2022-11-07,1189.5,1204.6,20.37,10.72,129.63,288.46,76.78,622.75,4319.1,7.0582,79.14,52.43,11.56,391.2,8.31,4,3,0,0
2022-11-08,1179.8,1118.4,21.55,10.15,126.8,281.62,79.06,641.48,4273.5,7.0565,80.07,51.81,11.88,391.3,8.1,3,4,0,0
2022-11-09,1407.8,1341.0,20.83,10.91,135.29,278.09,78.36,603.64,4284.3,7.0939,79.76,52.17,11.79,391.3,8.34,4,3,0,0
2022-11-10,1402.4,1416.4,22.47,11.42,129.49,273.5,79.12,611.4,4355.8,7.1027,79.41,52.6,11.95,391.3,7.98,3,3,0,0
2022-11-11,1349.7,1360.5,21.39,11.35,131.87,272.74,78.5,624.14,4343.3,7.0518,79.85,52.37,11.82,391.3,8.03,4,4,0,0
2022-11-14,1463.7,1388.9,21.69,11.11,127.55,270.58,79.11,613.28,4374.2,7.0836,79.54,52.36,11.85,391.4,8.22,4,3,0,0
2022-11-15,1249.6,1308.8,22.27,11.13,130.73,272.38,76.11,597.01,4302.9,7.0708,79.76,51.84,12.0,391.5,8.38,4,3,0,0
2022-11-16,1282.6,1340.7,22.03,10.83,130.63,281.57,79.31,619.58,4338.3,7.0603,79.74,52.17,11.83,391.5,8.41,4,4,0,0
2022-11-17,1438.4,1363.7,20.68,10.85,123.65,273.71,77.15,581.59,4344.0,7.0664,80.13,51.84,11.94,391.5,8.56,4,3,0,0
2022-11-18,1270.7,1231.9,20.78,10.46,136.21,264.72,80.39,626.51,4354.6,7.0399,80.16,51.05,11.61,391.6,8.15,4,2,0,0
2022-11-21,1174.8,1104.5,20.21,10.36,133.94,287.57,75.28,583.64,4373.2,7.052,79.58,51.88,11.76,391.7,8.2,4,3,0,0
2022-11-22,1187.5,1199.1,21.47,11.05,128.58,276.17,79.51,614.77,4309.8,7.044,80.0,51.84,12.06,391.7,8.01,4,3,0,0
2022-11-23,1079.2,901.3,20.56,9.96,126.36,262.68,76.61,618.28,4332.0,7.0887,79.83,52.02,11.68,391.7,7.96,4,3,0,0
2022-11-24,1262.5,1180.1,20.19,10.01,131.04,269.39,74.95,574.6,4315.8,7.059,79.39,51.62,12.18,391.8,8.26,4,3,0,0
2022-11-25,989.9,882.2,19.32,10.06,130.23,272.99,75.13,600.61,4336.5,7.0231,79.58,51.26,12.13,391.8,8.05,5,3,0,0
2022-11-28,1049.6,900.9,20.19,9.91,131.11,284.41,75.29,588.65,4366.2,7.041,80.36,52.03,11.88,391.9,8.45,3,3,0,0
2022-11-29,1085.4,972.2,20.2,10.37,130.6,262.78,76.51,596.9,4285.0,6.967,79.87,50.94,12.54,391.9,7.9,4,4,0,0
2022-11-30,1114.3,971.2,21.86,10.06,131.62,277.87,76.56,610.12,4382.9,7.0483,80.04,52.45,12.19,392.0,8.29,5,2,0,0
2022-12-01,1089.9,1040.4,20.49,10.8,134.63,280.51,74.47,590.48,4305.3,7.0645,79.74,51.51,11.75,392.0,7.99,4,3,0,0
2022-12-02,1144.5,940.5,21.43,9.66,131.82,264.76,75.34,599.16,4335.6,7.0595,79.66,51.77,12.09,392.0,8.02,2,3,0,0
2022-12-05,1186.0,1031.6,20.09,10.86,126.63,266.85,79.12,629.67,4393.4,7.1237,79.83,51.93,11.96,392.1,8.29,4,3,0,0
2022-12-06,1125.5,1036.9,19.62,10.03,134.33,260.62,78.26,608.23,4362.4,7.0817,79.76,51.94,11.8,392.2,8.04,4,3,0,0
2022-12-07,1152.5,1067.7,19.8,9.6,135.2,266.33,75.83,588.29,4364.0,7.0806,79.46,50.82,11.74,392.2,8.07,2,4,0,0
2022-12-08,1125.8,1019.7,21.03,10.18,140.01,267.05,75.0,577.01,4311.9,7.0156,79.59,52.04,12.15,392.2,8.01,5,3,0,0
2022-12-09,1059.4,966.2,21.27,9.95,126.3,271.73,75.05,580.4,4317.9,7.0542,80.02,51.74,11.84,392.3,8.52,3,3,0,0
2022-12-12,1026.7,888.9,19.91,9.83,130.63,274.42,75.83,631.03,4390.8,7.0512,79.77,51.22,11.94,392.4,8.03,4,4,0,0
2022-12-13,1061.4,929.6,19.81,9.45,123.15,260.1,72.78,589.87,4338.4,7.0424,79.88,51.14,11.78,392.4,8.17,4,3,0,0
2022-12-14,1222.8,1034.7,19.45,10.06,131.53,250.42,74.06,567.42,4342.8,7.0422,79.94,51.36,11.82,392.4,8.11,3,2,0,0
2022-12-15,1241.1,1115.3,19.1,10.42,127.95,264.49,71.43,549.84,4395.1,7.0122,79.97,50.81,11.94,392.5,8.19,3,4,0,0
2022-12-16,1121.3,929.0,20.65,10.28,135.79,266.32,75.06,596.17,4325.7,7.0284,80.18,52.46,12.05,392.5,8.02,3,3,0,0
2022-12-19,1102.6,944.0,20.4,10.13,127.09,265.46,75.41,599.38,4375.3,7.0935,79.64,52.32,11.46,392.6,8.1,5,3,0,0
2022-12-20,1033.6,952.3,20.14,10.21,124.09,260.61,73.29,584.97,4368.6,7.0632,80.07,51.74,11.98,392.6,8.21,4,3,0,0
2022-12-21,1083.0,945.5,19.36,10.11,127.91,263.46,76.91,599.93,4368.1,7.0526,80.12,51.35,11.83,392.7,7.96,4,3,0,0
2022-12-22,1155.6,979.8,21.09,9.47,123.01,273.37,71.79,566.66,4351.2,7.0678,80.18,51.35,12.26,392.7,8.35,3,4,0,0
2022-12-23,988.8,893.3,19.45,9.36,131.64,264.34,71.28,568.64,4350.2,7.1032,79.59,51.86,12.57,392.7,8.36,5,2,0,0
2022-12-26,998.4,760.3,19.89,9.69,122.53,258.16,74.25,585.9,4336.2,7.069,80.03,52.4,11.92,392.8,8.24,5,3,0,0
2022-12-27,1164.9,888.7,18.81,9.79,129.13,256.69,75.65,567.81,4392.0,7.0853,80.4,51.1,11.65,392.9,8.13,5,4,0,0
2022-12-28,1046.6,802.4,19.69,10.2,122.28,258.65,76.73,599.01,4352.9,7.0439,79.95,50.79,12.02,392.9,7.51,4,3,0,0
2022-12-29,1070.2,811.7,19.67,9.98,127.79,271.68,72.81,564.87,4411.3,7.0509,80.11,52.24,11.95,392.9,8.19,4,3,0,0
2022-12-30,955.1,725.3,19.75,9.98,133.96,257.52,75.51,595.58,4370.7,7.0803,80.19,50.39,12.39,393.0,8.03,3,3,0,0
2023-01-02,1806.9,1997.7,23.82,11.66,129.73,258.24,73.44,615.22,4345.3,7.1272,79.76,50.8,12.34,393.1,8.04,4,3,0,0
2023-01-03,1691.5,1949.0,23.54,11.01,125.68,254.26,73.14,581.78,4375.1,7.1136,80.48,51.2,12.18,393.1,7.71,4,4,0,0
2023-01-04,1846.0,2072.2,22.91,11.84,128.21,265.62,74.99,586.17,4370.2,7.0884,80.15,50.47,11.89,393.1,8.19,3,3,0,0
2023-01-05,1924.3,2205.6,24.31,12.14,128.22,271.58,74.52,597.83,4421.1,7.0756,80.16,51.92,12.15,393.2,7.8,5,3,0,0
2023-01-06,1918.4,2224.9,23.97,10.96,129.53,259.76,70.47,564.96,4374.0,7.1133,79.63,51.76,12.06,393.2,8.11,4,3,0,0
2023-01-09,2000.4,2272.8,24.58,11.79,123.49,256.51,75.92,601.28,4380.7,7.0958,80.26,50.96,12.07,393.3,8.25,5,5,0,0
2023-01-10,1943.9,2329.4,24.66,11.93,129.61,255.67,75.7,602.06,4440.9,7.0034,80.2,51.96,11.71,393.3,7.98,5,3,0,0
2023-01-11,1928.5,2277.8,23.55,12.09,118.9,237.02,72.06,594.66,4410.4,7.0408,80.48,52.04,12.23,393.4,8.31,5,4,0,0
2023-01-12,2030.7,2415.5,23.68,11.82,125.37,260.01,73.86,568.68,4452.0,7.0828,80.0,51.16,12.04,393.4,7.91,5,4,0,0
2023-01-13,1918.3,2327.7,23.03,12.07,125.65,254.95,74.01,588.94,4439.0,7.0192,79.84,50.96,12.0,393.4,8.18,4,3,0,0
2023-01-16,1957.8,2291.3,24.68,11.84,129.06,256.68,73.56,569.1,4367.3,7.0466,79.94,52.43,11.91,393.5,7.79,5,3,0,0
2023-01-17,1911.8,2371.4,25.02,12.02,126.93,247.66,72.08,576.79,4434.2,7.0527,79.99,51.57,11.87,393.6,8.26,4,3,0,0
2023-01-18,2009.8,2308.5,24.63,11.62,122.17,249.64,71.84,557.48,4454.1,7.0663,79.84,51.29,12.1,393.6,8.22,4,4,0,0
2023-01-19,2026.1,2412.1,24.75,11.88,123.32,248.98,72.99,571.29,4455.5,7.0655,80.45,51.88,11.69,393.6,8.14,4,4,0,0
2023-01-20,2090.2,2556.7,23.79,12.04,126.92,259.26,75.13,587.34,4437.6,7.0657,80.47,51.28,12.2,393.7,7.96,4,5,1,0
2023-01-23,1923.3,2320.4,23.85,12.24,125.83,248.3,73.99,594.82,4440.3,7.0998,80.11,50.82,11.83,393.8,7.75,5,4,1,0
2023-01-24,2002.2,2396.7,24.74,12.35,124.02,266.31,72.34,582.9,4397.0,7.0673,80.07,51.12,11.63,393.8,7.95,4,3,1,0
2023-01-25,2019.9,2352.3,24.45,11.75,124.13,253.48,74.39,570.9,4379.4,7.0639,79.72,51.63,12.41,393.8,8.25,4,4,1,0
2023-01-26,2141.3,2553.0,24.54,12.68,127.68,240.24,67.87,542.2,4397.6,7.0352,80.35,49.94,11.88,393.9,8.05,3,3,1,0
2023-01-27,2064.4,2530.8,25.27,12.24,123.58,248.4,75.07,581.98,4352.8,7.1066,80.6,50.86,11.91,393.9,7.71,4,3,1,0
2023-01-30,2071.2,2552.4,24.67,12.67,124.73,244.05,69.88,540.09,4461.5,7.0564,80.05,51.76,12.28,394.0,7.78,5,6,1,0
2023-01-31,2137.7,2538.8,25.01,12.06,131.73,232.05,72.37,569.52,4405.7,7.0442,80.18,50.7,12.43,394.0,8.26,4,4,1,0
2023-02-01,2175.4,2705.5,24.93,11.76,120.01,260.08,71.02,559.25,4462.0,7.0834,80.33,51.81,11.75,394.1,8.1,4,4,1,0
2023-02-02,2272.0,2795.4,26.58,12.92,118.4,252.94,70.73,590.06,4374.8,7.0542,80.66,51.72,11.87,394.1,7.75,5,3,1,0
2023-02-03,2178.8,2644.8,25.26,12.68,126.6,251.25,75.17,596.33,4457.0,7.0617,80.28,50.88,11.89,394.1,7.64,4,4,1,0
2023-02-06,2113.8,2528.4,23.88,12.19,121.68,248.09,72.26,554.84,4405.2,7.0859,80.3,50.58,12.26,394.2,7.86,4,4,1,0
2023-02-07,2280.9,2746.9,25.13,12.4,122.59,236.08,73.75,574.75,4378.7,7.0685,80.3,50.72,12.4,394.2,7.62,4,5,1,0
2023-02-08,2069.2,2581.7,25.04,12.45,120.86,242.42,73.08,589.19,4481.8,7.1479,79.91,52.32,11.86,394.3,7.95,5,5,1,0
2023-02-09,1957.9,2458.5,25.74,12.22,122.28,251.97,74.06,608.64,4464.8,7.0765,79.91,51.87,12.36,394.3,8.47,5,3,1,0
2023-02-10,2096.8,2570.6,24.9,12.17,127.97,237.39,73.37,559.91,4434.6,7.0975,80.08,50.88,11.94,394.3,7.66,5,3,1,0
2023-02-13,2132.8,2441.7,24.19,12.26,125.16,225.91,70.97,540.02,4431.8,7.0214,80.55,50.46,12.15,394.4,7.93,5,3,1,0
2023-02-14,2188.6,2511.7,24.49,12.57,125.1,242.82,75.12,613.24,4447.1,7.054,80.22,50.84,11.83,394.5,8.23,4,3,1,0
2023-02-15,2180.0,2513.2,25.44,12.51,117.54,243.1,72.48,577.55,4439.7,7.0475,80.18,50.88,12.06,394.5,8.11,5,4,1,0
2023-02-16,2116.5,2572.1,24.4,12.14,118.12,244.82,70.62,549.8,4406.3,7.0517,80.18,50.04,12.07,394.5,7.93,4,3,0,0
2023-02-17,2065.5,2616.6,25.23,12.34,112.45,248.91,72.71,580.82,4420.8,7.093,80.29,50.75,12.03,394.6,7.93,5,5,0,0
2023-02-20,1942.4,2468.1,25.64,11.76,118.68,247.88,76.24,566.78,4507.3,7.1122,80.77,51.41,12.17,394.7,7.72,4,5,0,0
2023-02-21,2079.6,2547.3,25.51,12.29,124.06,244.7,75.13,590.9,4533.3,7.0917,80.32,49.67,11.9,394.7,7.89,4,4,0,0
2023-02-22,2143.9,2615.3,24.23,11.3,122.37,251.39,73.03,580.56,4495.6,7.0748,80.17,51.1,11.92,394.7,7.99,5,5,0,0
2023-02-23,2312.4,2761.5,24.67,12.51,119.73,230.7,73.1,588.17,4458.8,7.0629,80.38,51.38,12.19,394.8,8.16,5,5,0,0
2023-02-24,2176.4,2582.8,24.98,12.3,120.09,245.56,73.22,565.73,4431.4,7.1155,80.82,50.29,12.37,394.8,7.81,5,3,0,0
2023-02-27,2133.2,2565.4,24.64,12.75,117.67,246.16,77.61,608.78,4418.8,7.1448,80.27,51.51,12.11,394.9,7.89,4,3,0,0
2023-02-28,2138.6,2661.0,25.8,12.41,120.25,231.85,74.64,576.43,4422.2,7.087,80.11,50.17,12.21,394.9,7.73,4,4,0,0
2023-03-01,2070.0,2559.5,25.25,12.57,121.76,229.58,74.8,591.73,4429.6,7.1113,80.29,50.77,12.27,395.0,7.96,4,3,0,0
2023-03-02,2154.7,2596.9,25.39,11.7,113.85,234.96,75.97,585.83,4525.4,7.0937,80.45,50.34,12.28,395.0,8.07,4,4,0,0
2023-03-03,2110.9,2493.7,24.47,12.27,119.69,235.3,74.63,582.57,4514.5,7.1062,80.6,50.32,11.93,395.0,8.04,4,4,0,0
2023-03-06,2267.9,2763.0,26.77,12.03,121.42,245.64,73.82,570.02,4480.9,7.0493,80.7,50.12,11.97,395.1,7.67,4,4,0,0
2023-03-07,1990.0,2440.1,26.7,11.84,116.82,235.1,74.02,591.18,4422.3,7.0698,80.19,50.82,11.99,395.2,7.93,5,4,0,0
2023-03-08,2129.9,2527.1,24.99,12.36,120.09,233.02,74.34,595.83,4488.3,7.0965,80.22,50.88,12.51,395.2,7.76,4,3,0,0
2023-03-09,2116.0,2523.0,25.26,12.79,126.56,234.6,74.5,583.79,4449.8,7.1213,80.38,50.36,12.23,395.2,8.1,4,4,0,0
2023-03-10,2134.2,2668.4,25.69,12.77,116.92,247.32,75.98,597.1,4384.0,7.0606,80.64,49.62,12.22,395.3,7.86,5,3,0,0
2023-03-13,2027.7,2479.5,24.6,12.22,118.22,238.79,74.86,571.69,4472.8,7.0248,80.18,50.57,12.21,395.4,7.58,4,4,0,0
2023-03-14,2276.4,2753.1,25.32,12.74,114.3,237.11,76.19,594.52,4434.5,7.071,80.35,50.56,11.88,395.4,7.84,5,4,0,0
2023-03-15,2209.0,2719.9,24.99,12.41,116.95,237.4,74.84,588.28,4436.8,7.1165,80.36,50.18,12.53,395.4,7.97,4,3,0,0
2023-03-16,2315.4,2743.6,25.39,12.71,117.54,247.69,75.23,623.03,4457.5,7.0389,80.75,51.31,12.24,395.5,7.92,5,4,0,0
2023-03-17,2234.5,2702.2,25.54,12.58,116.39,232.17,71.61,553.58,4450.0,7.0513,80.65,49.4,12.29,395.5,7.77,5,4,0,0
2023-03-20,2248.2,2800.8,25.95,12.49,112.2,247.45,76.97,620.95,4469.6,7.092,80.77,49.02,11.8,395.6,7.75,4,3,0,0
2023-03-21,2208.7,2701.9,24.18,12.96,115.83,238.96,76.06,609.16,4469.1,7.084,80.88,49.81,12.31,395.6,7.66,4,4,0,0
2023-03-22,2309.7,2854.0,26.62,12.85,119.55,235.99,77.35,609.35,4407.5,7.1056,80.48,50.58,12.08,395.7,7.78,5,3,0,0
2023-03-23,2187.3,2724.5,25.6,12.91,116.0,255.76,70.46,580.24,4527.5,7.0511,80.26,49.59,11.89,395.7,7.68,5,3,0,0
2023-03-24,2193.7,2749.0,27.05,13.26,117.35,228.91,79.56,625.45,4441.0,7.0784,80.27,49.6,11.97,395.7,8.04,4,3,0,0
2023-03-27,2256.3,2720.7,26.05,12.14,113.21,234.01,75.67,599.24,4445.6,7.1247,80.13,50.64,11.91,395.8,7.66,5,4,0,0
2023-03-28,2232.9,2672.9,24.81,12.52,116.07,227.26,78.05,610.07,4468.5,7.0533,80.48,50.35,11.91,395.9,7.86,5,3,0,0
2023-03-29,2256.3,2728.3,24.39,12.44,114.26,243.49,74.31,599.98,4477.4,7.1336,80.51,50.28,12.18,395.9,7.85,4,4,0,0
2023-03-30,2318.4,2754.1,25.66,12.26,110.03,248.88,77.41,619.58,4533.4,7.0575,80.81,50.48,12.09,395.9,8.02,4,5,0,0
2023-03-31,2232.8,2781.1,25.38,12.34,113.79,248.6,74.55,579.42,4492.9,7.1152,80.62,49.8,12.24,396.0,8.05,5,4,0,0
2023-04-03,2265.8,2659.5,26.0,13.36,109.31,245.12,75.46,577.28,4506.8,7.0792,80.51,49.8,12.51,396.1,7.96,5,4,0,0
2023-04-04,2195.8,2751.3,26.15,13.12,110.16,234.34,80.16,622.66,4497.7,7.0562,80.61,50.43,12.15,396.1,7.89,4,5,0,0
2023-04-05,2221.2,2799.7,26.7,13.46,112.5,232.97,76.51,590.67,4497.3,7.0759,80.39,49.22,11.73,396.1,7.6,4,4,0,0
2023-04-06,2048.6,2588.5,24.6,12.86,112.55,223.07,77.39,605.46,4501.2,7.1074,80.91,48.76,12.14,396.2,7.6,4,4,0,0
2023-04-07,2231.4,2771.4,26.92,12.72,107.5,250.78,78.7,630.02,4423.9,7.091,80.47,49.68,12.42,396.2,7.64,4,4,0,0
2023-04-10,2136.8,2628.1,26.06,12.5,114.39,238.94,78.17,606.07,4486.2,7.1255,80.4,50.41,12.17,396.3,7.95,4,3,0,0
2023-04-11,2137.4,2548.6,24.05,12.73,112.56,231.65,77.69,607.8,4536.8,7.1352,80.9,50.01,12.5,396.3,7.81,3,3,0,0
2023-04-12,2121.4,2545.7,26.26,12.7,108.19,245.23,78.22,612.62,4635.3,7.0568,80.84,50.32,12.29,396.4,7.97,5,3,0,0
2023-04-13,2058.6,2559.8,25.88,12.57,105.24,227.91,82.04,648.05,4456.3,7.0549,80.27,48.72,11.83,396.4,7.99,5,5,0,0
2023-04-14,2015.4,2429.7,24.97,11.67,109.41,238.2,77.76,581.79,4514.4,7.0536,80.93,49.98,12.22,396.4,7.64,4,3,0,0
2023-04-17,1972.8,2361.6,24.19,13.39,108.16,233.81,78.37,605.65,4483.1,7.0665,80.55,50.14,12.26,396.5,7.78,4,3,0,0
2023-04-18,1922.6,2392.9,25.91,12.36,109.68,239.86,80.05,626.88,4575.9,7.1268,80.65,49.02,12.42,396.5,7.77,4,3,0,0
2023-04-19,1937.8,2354.4,24.33,12.32,107.87,234.56,80.3,640.44,4458.0,7.1107,80.79,50.21,12.57,396.6,7.71,4,4,0,0
2023-04-20,1929.7,2325.3,25.36,12.32,102.34,224.14,80.6,622.16,4528.4,7.0777,80.9,49.66,12.39,396.6,7.66,4,4,0,0
2023-04-21,2057.0,2352.1,25.2,12.1,107.25,235.57,79.76,599.87,4458.4,7.094,80.87,51.39,12.3,396.6,8.0,4,4,0,0
2023-04-24,2025.5,2399.9,24.28,12.35,107.24,242.87,76.71,609.06,4499.9,7.1371,80.77,48.48,12.35,396.7,7.77,5,4,0,0
2023-04-25,1951.1,2246.8,25.93,12.65,109.98,234.78,81.86,629.02,4511.0,7.1524,80.68,50.41,12.19,396.8,7.76,4,3,0,0
2023-04-26,1828.9,2224.8,24.31,11.9,105.46,240.83,77.01,589.39,4550.8,7.1032,80.9,49.41,11.93,396.8,7.59,4,3,0,0
2023-04-27,1834.6,2023.3,24.22,11.39,112.8,227.19,79.77,614.96,4476.8,7.0158,80.77,48.72,12.23,396.8,7.88,4,4,0,0
2023-04-28,1894.6,2108.7,23.0,11.82,101.06,234.87,78.03,608.36,4538.9,7.1048,81.26,49.3,12.3,396.9,7.54,5,3,0,0
2023-05-01,1656.7,1994.7,25.06,11.58,111.12,230.41,79.42,612.82,4519.8,7.1245,80.97,49.72,11.99,397.0,7.83,3,4,0,0
2023-05-02,1767.7,2067.2,22.97,12.26,105.95,240.75,80.28,599.47,4529.8,7.1035,80.6,50.12,12.5,397.0,7.83,4,3,0,0
2023-05-03,1769.3,1975.9,24.55,12.27,109.17,235.43,80.43,637.67,4555.0,7.1187,80.72,50.47,12.44,397.0,7.65,5,3,0,0
2023-05-04,1736.0,1912.1,23.11,11.84,106.43,240.43,80.76,644.49,4477.7,7.1079,80.86,50.29,11.96,397.1,7.79,4,3,0,0
2023-05-05,1648.8,1879.2,23.34,11.36,109.58,243.48,83.06,652.66,4552.1,7.0603,81.18,48.95,12.51,397.1,7.76,4,3,0,0
2023-05-08,1614.7,1796.8,23.63,11.05,104.46,240.59,81.13,618.04,4507.3,7.0714,81.23,50.09,12.18,397.2,7.71,5,3,0,0
2023-05-09,1555.1,1726.5,23.61,11.4,101.95,237.54,80.03,621.79,4566.7,7.0886,80.78,49.66,12.09,397.2,7.71,4,3,0,0
2023-05-10,1601.5,1743.7,22.36,11.65,109.78,228.1,82.36,639.98,4541.2,7.1304,80.66,49.06,12.46,397.3,7.72,4,4,0,0
2023-05-11,1634.7,1710.6,23.91,11.41,104.65,235.66,82.92,651.05,4523.3,7.0757,80.63,49.29,12.24,397.3,7.73,4,3,0,0
2023-05-12,1510.4,1670.3,23.46,11.15,105.5,231.8,78.72,623.35,4511.1,7.1126,80.97,48.99,12.63,397.3,7.71,3,3,0,0
2023-05-15,1645.2,1742.5,22.47,11.26,108.52,233.33,82.16,629.9,4564.1,7.1087,81.5,49.39,12.09,397.4,7.47,5,3,0,0
2023-05-16,1492.2,1642.7,23.93,11.38,101.05,233.23,82.5,642.01,4580.5,7.1474,81.07,48.94,11.91,397.5,7.66,4,3,0,0
2023-05-17,1486.3,1638.6,21.86,10.51,106.05,228.82,80.86,635.33,4518.9,7.0988,80.54,48.76,12.21,397.5,7.74,5,3,0,0
2023-05-18,1541.0,1593.8,22.61,11.09,102.06,221.64,84.02,668.83,4499.0,7.0476,80.76,49.57,12.42,397.5,7.7,5,3,0,0
2023-05-19,1615.7,1702.5,23.39,11.26,103.32,231.46,81.43,642.16,4564.1,7.1199,80.8,49.63,12.08,397.6,7.87,4,4,0,0
2023-05-22,1585.6,1661.0,22.45,11.87,103.78,238.07,82.07,647.58,4492.6,7.1652,80.77,49.17,12.01,397.7,7.8,4,4,0,0
2023-05-23,1450.3,1618.9,22.93,11.04,98.55,226.68,81.69,636.48,4498.7,7.1227,80.88,50.0,12.32,397.7,7.5,4,4,0,0
2023-05-24,1454.6,1559.3,22.93,11.41,100.68,237.08,82.17,655.71,4508.4,7.0779,81.08,49.09,11.98,397.7,7.63,4,3,0,0
2023-05-25,1558.3,1620.5,22.59,11.37,107.31,251.4,80.32,631.1,4532.2,7.0693,81.16,49.05,12.34,397.8,7.6,4,3,0,0
2023-05-26,1569.1,1698.5,23.3,11.76,105.64,245.01,79.85,612.64,4501.1,7.0734,81.27,49.56,12.21,397.8,7.66,5,3,0,0
2023-05-29,1487.0,1657.3,23.17,12.07,102.44,249.86,85.46,677.94,4483.5,7.1627,81.15,49.11,12.38,397.9,7.65,4,3,0,0
2023-05-30,1580.2,1683.3,23.15,11.42,103.25,240.67,81.21,640.57,4512.7,7.093,80.54,49.21,12.01,397.9,7.77,4,3,0,0
2023-05-31,1447.4,1567.4,23.23,11.02,101.37,246.71,81.09,626.08,4576.1,7.0832,80.77,47.76,12.55,398.0,7.68,4,3,0,0
2023-06-01,1519.6,1484.3,22.6,10.75,106.49,232.74,79.14,612.38,4510.3,7.0985,81.0,49.14,12.25,398.0,7.89,6,3,0,1
2023-06-02,1529.1,1518.5,23.01,11.12,101.36,233.57,82.0,641.18,4544.0,7.094,81.08,48.11,12.45,398.0,7.69,5,3,0,1
2023-06-05,1470.1,1499.9,21.63,10.99,102.59,218.09,80.91,635.74,4627.5,7.1512,81.28,48.42,12.49,398.1,7.46,5,4,0,1
2023-06-06,1487.1,1467.3,22.98,11.49,105.38,247.77,86.38,669.77,4558.8,7.074,81.09,48.34,12.07,398.2,7.53,6,4,0,1
2023-06-07,1481.5,1559.7,22.3,11.55,99.08,250.68,85.38,664.32,4573.7,7.14,81.09,48.49,12.48,398.2,7.74,6,4,0,1
2023-06-08,1473.7,1492.8,21.79,11.49,106.43,235.23,82.46,661.11,4529.7,7.1085,81.15,48.74,12.02,398.2,7.3,6,3,0,1
2023-06-09,1483.0,1451.7,22.76,11.84,96.42,237.74,87.88,690.45,4639.7,7.1413,81.03,48.76,12.03,398.3,7.35,5,4,0,1
2023-06-12,1377.1,1382.5,21.73,11.8,106.41,234.27,85.72,665.2,4548.5,7.1532,81.14,49.38,12.71,398.4,7.61,5,3,0,1
2023-06-13,1318.6,1330.2,22.61,11.08,99.89,243.07,83.5,659.09,4560.6,7.1085,81.4,49.12,12.54,398.4,7.8,6,3,0,1
2023-06-14,1152.9,1184.6,21.65,10.91,100.2,248.92,79.71,609.64,4615.8,7.0967,81.11,47.94,12.73,398.4,7.86,6,3,0,1
2023-06-15,1281.3,1258.5,20.92,10.96,94.82,227.71,88.46,686.27,4564.5,7.1083,81.13,49.01,12.24,398.5,7.56,6,4,0,1
2023-06-16,1389.6,1357.0,21.64,11.49,99.32,244.15,81.95,658.98,4573.7,7.1037,81.13,49.13,12.34,398.5,7.81,7,3,0,1
2023-06-19,1399.7,1363.1,20.97,11.3,97.35,239.31,81.61,632.33,4565.6,7.0575,81.49,48.76,12.43,398.6,7.6,5,4,0,1
2023-06-20,1429.3,1443.9,22.14,11.55,98.65,242.55,86.53,658.23,4567.0,7.154,80.89,48.89,12.33,398.6,7.28,7,4,0,1
2023-06-21,1394.6,1471.4,23.04,11.39,100.07,245.46,89.19,678.7,4590.7,7.115,81.62,49.02,12.18,398.7,7.58,6,3,0,1
2023-06-22,1307.0,1446.6,22.32,10.98,103.5,240.93,87.41,661.29,4598.3,7.073,80.89,49.32,12.15,398.7,7.46,5,4,0,1
2023-06-23,1471.1,1587.3,22.48,10.9,101.03,241.9,86.04,655.65,4557.6,7.0461,81.03,48.02,12.38,398.7,7.76,6,4,0,1
2023-06-26,1388.1,1442.7,23.32,11.2,101.29,241.41,86.2,661.73,4556.7,7.0389,81.4,48.74,12.13,398.8,7.56,6,3,0,1
2023-06-27,1466.9,1566.5,21.27,11.88,96.74,250.64,86.77,653.18,4563.4,7.1321,81.48,49.69,12.12,398.8,7.31,6,4,0,1
2023-06-28,1417.4,1416.4,23.28,11.11,97.38,246.86,86.7,669.77,4536.8,7.0906,80.87,49.63,12.42,398.9,7.26,5,3,0,1
2023-06-29,1505.0,1446.4,22.27,11.57,105.91,245.73,85.94,675.24,4531.3,7.0958,80.96,49.3,12.33,398.9,7.55,6,3,0,1
2023-06-30,1404.2,1434.4,22.29,11.44,97.76,234.91,85.72,652.01,4598.5,7.1243,81.31,49.12,12.53,398.9,7.07,5,3,0,1
2023-07-03,1289.0,1281.0,21.82,10.98,105.38,241.97,85.52,679.73,4624.4,7.0948,81.85,49.72,12.27,399.0,7.44,6,4,0,1
2023-07-04,1177.0,1109.3,22.41,11.17,99.27,251.93,84.36,659.79,4623.2,7.1269,81.58,49.86,12.24,399.1,7.59,6,3,0,1
2023-07-05,1233.7,1167.9,20.93,9.85,100.04,245.85,85.3,672.42,4510.5,7.1136,81.21,48.72,12.44,399.1,7.33,5,3,0,1
2023-07-06,1231.4,1238.8,21.57,10.33,103.44,250.9,82.85,635.45,4586.5,7.1084,80.68,48.25,12.2,399.1,7.74,5,3,0,1
2023-07-07,1268.3,1222.3,22.25,10.64,104.07,259.6,85.8,673.68,4557.6,7.064,81.31,48.62,12.23,399.2,7.77,6,4,0,1
2023-07-10,1261.8,1186.3,20.4,10.42,99.65,254.54,84.28,639.97,4604.7,7.0872,81.4,50.46,12.24,399.3,7.32,5,4,0,1
2023-07-11,1202.3,1112.2,20.86,10.85,98.76,247.86,84.14,662.87,4586.2,7.1301,81.22,47.89,12.33,399.3,7.46,5,3,0,1
2023-07-12,1209.1,1103.5,21.41,10.87,99.83,243.74,86.53,670.46,4622.6,7.0918,81.11,48.48,12.72,399.3,7.72,5,2,0,1
2023-07-13,1284.5,1223.1,21.51,11.2,101.11,228.83,88.78,690.35,4602.4,7.1487,81.37,47.95,12.1,399.4,7.52,6,4,0,1
2023-07-14,1189.1,1246.4,21.36,11.15,102.9,247.14,88.0,664.26,4537.9,7.1831,81.1,48.79,12.63,399.4,7.23,6,2,0,1
2023-07-17,1289.5,1215.1,21.28,10.4,100.09,246.39,83.58,637.6,4573.8,7.1331,81.82,48.05,12.53,399.5,7.48,5,3,0,1
2023-07-18,1241.9,1242.8,22.29,10.5,102.08,252.19,84.69,663.04,4609.0,7.1584,81.74,48.65,12.69,399.5,7.33,6,3,0,1
2023-07-19,1238.3,1270.5,21.78,11.14,105.39,248.54,88.22,668.51,4613.1,7.1354,81.53,47.62,13.01,399.6,7.72,7,4,0,1
2023-07-20,1193.4,1201.0,22.43,10.64,101.41,247.74,84.81,662.28,4561.9,7.098,81.4,49.03,12.67,399.6,7.62,5,3,0,1
2023-07-21,1185.4,1068.4,20.53,10.04,101.23,237.24,86.23,649.94,4558.5,7.1202,81.22,49.35,12.57,399.6,7.43,5,4,0,1
2023-07-24,1091.3,972.5,20.45,11.01,95.43,243.99,87.67,686.33,4617.7,7.1753,81.4,48.46,12.13,399.7,7.51,6,3,0,1
2023-07-25,1124.5,1138.4,22.58,11.15,91.94,255.07,84.98,643.09,4567.8,7.0994,81.82,48.59,12.16,399.8,7.22,6,4,0,1
2023-07-26,1223.3,1124.0,21.22,11.39,101.67,264.82,86.96,677.93,4559.6,7.0842,81.63,48.57,12.47,399.8,7.33,5,4,0,1
2023-07-27,1084.7,1057.4,20.41,10.71,100.19,251.68,84.4,661.45,4603.6,7.0815,81.47,48.76,12.06,399.8,7.78,6,3,0,1
2023-07-28,1139.6,1019.6,19.95,10.77,98.93,255.34,85.76,654.79,4603.2,7.1093,81.66,48.63,12.52,399.9,7.48,6,3,0,1
2023-07-31,1226.5,1147.8,22.46,11.38,101.44,260.5,87.45,681.62,4593.0,7.0863,81.59,49.07,11.98,400.0,7.65,4,5,0,1
2023-08-01,1165.9,1002.5,20.8,10.3,100.56,247.75,84.03,654.54,4600.3,7.1669,81.56,49.32,12.64,400.0,7.5,5,3,0,1
2023-08-02,1241.0,1049.9,21.17,11.07,104.46,257.06,87.72,670.01,4626.6,7.1234,81.71,48.19,12.35,400.0,7.72,7,3,0,1
2023-08-03,1070.7,1029.6,21.05,10.69,101.23,249.24,86.91,658.88,4602.0,7.1462,81.6,48.46,12.44,400.1,7.05,6,3,0,1
2023-08-04,981.0,786.9,21.01,10.53,98.67,261.76,87.96,654.56,4630.9,7.1084,81.69,49.12,12.26,400.1,7.41,6,3,0,1
2023-08-07,1003.1,839.0,20.65,10.49,104.34,256.9,87.38,678.38,4618.5,7.0838,81.54,47.84,12.04,400.2,7.77,6,2,0,1
2023-08-08,1065.7,881.2,22.32,10.89,100.6,258.5,89.44,669.44,4638.8,7.0789,81.44,47.53,12.67,400.2,7.63,6,4,0,1
2023-08-09,1164.1,1052.1,21.47,10.79,103.1,250.89,87.22,674.24,4664.9,7.0912,81.38,48.74,12.69,400.3,7.7,6,2,0,1
2023-08-10,982.5,812.6,21.21,9.78,100.02,262.56,86.23,663.18,4664.7,7.129,81.35,48.88,12.36,400.3,7.43,6,3,0,1
2023-08-11,1160.2,1097.3,22.12,11.33,99.6,273.4,87.22,681.25,4681.5,7.1344,81.13,48.21,12.56,400.3,7.32,6,4,0,1
2023-08-14,1042.5,966.2,21.1,10.26,102.09,250.71,87.97,674.6,4669.2,7.1376,81.32,48.29,12.35,400.4,7.21,5,3,0,1
2023-08-15,1192.4,1035.9,20.89,11.09,102.01,256.23,87.08,668.18,4649.4,7.0751,81.32,48.19,12.49,400.5,7.2,6,3,0,1
2023-08-16,1155.3,1019.3,21.57,10.67,103.65,261.02,87.05,680.75,4627.0,7.1199,81.43,48.13,12.59,400.5,7.57,5,4,0,1
2023-08-17,1148.6,973.0,21.39,10.96,101.42,265.7,85.7,666.81,4629.8,7.0894,81.96,48.98,12.55,400.5,7.51,6,3,0,1
2023-08-18,1173.6,1108.1,21.11,11.15,96.56,256.12,85.76,666.95,4613.8,7.1324,81.53,47.95,12.71,400.6,7.39,5,3,0,1
2023-08-21,1061.0,959.1,21.05,10.64,101.22,239.59,84.41,659.59,4648.1,7.1354,81.66,48.45,12.55,400.7,7.5,5,3,0,1
2023-08-22,1080.1,1021.8,22.09,10.85,105.32,271.55,90.06,673.96,4673.5,7.0861,81.67,48.1,12.45,400.7,7.42,6,3,0,1
2023-08-23,1113.8,962.2,22.35,10.67,102.0,267.58,84.64,664.64,4624.8,7.1505,82.01,47.8,12.3,400.7,7.58,5,2,0,1
2023-08-24,1033.1,945.5,21.56,9.82,102.34,249.33,85.6,669.45,4650.1,7.1919,81.47,49.08,12.36,400.8,7.58,5,3,0,1
2023-08-25,1362.1,1233.9,22.9,10.88,106.47,258.37,85.52,649.36,4628.8,7.147,81.57,48.32,12.62,400.8,7.17,6,3,0,1
2023-08-28,1065.4,1016.9,20.91,10.29,101.23,275.22,88.39,678.12,4663.3,7.1177,81.62,48.71,12.16,400.9,7.43,6,3,0,1
2023-08-29,1160.6,1042.0,21.72,10.71,98.77,274.85,86.21,665.74,4637.9,7.1133,81.93,47.77,12.68,400.9,7.04,6,3,0,1
2023-08-30,1272.7,1116.2,22.55,10.46,103.39,271.56,88.94,683.18,4632.4,7.1167,81.99,48.2,12.41,401.0,7.4,5,3,0,1
2023-08-31,1131.4,971.0,20.45,10.12,102.56,263.73,85.44,664.97,4635.6,7.1004,81.78,49.02,12.3,401.0,7.49,6,4,0,1
2023-09-01,1288.3,1249.2,21.85,11.65,101.22,266.21,87.1,689.45,4678.2,7.131,81.98,50.03,12.25,401.0,7.1,6,3,0,1
2023-09-04,1060.3,982.3,22.27,10.97,103.97,265.14,85.04,671.25,4660.6,7.0899,81.74,47.52,12.61,401.1,7.27,6,3,0,1
2023-09-05,1115.6,1101.1,20.95,10.81,106.32,275.12,90.35,678.62,4650.2,7.0676,81.65,48.5,12.47,401.1,7.36,6,3,0,1
2023-09-06,1262.4,1162.3,20.71,10.86,104.94,260.62,84.29,660.63,4675.5,7.1311,82.0,48.84,12.79,401.2,7.4,6,4,0,1
2023-09-07,1354.9,1249.3,23.13,10.99,106.17,261.69,86.92,687.01,4653.0,7.1254,81.83,48.28,12.23,401.2,7.29,6,3,0,1
2023-09-08,1241.1,1223.6,22.75,11.19,111.22,275.84,87.44,679.22,4708.1,7.1078,81.53,49.09,12.37,401.2,7.11,6,3,0,1
2023-09-11,1215.1,1237.5,22.35,10.81,104.56,268.47,86.97,684.5,4638.0,7.0872,81.99,48.15,12.47,401.3,7.32,7,3,0,1
2023-09-12,1147.2,1234.5,22.07,11.41,106.78,279.68,85.82,687.73,4666.7,7.1345,81.69,48.72,12.34,401.4,7.0,6,3,0,1
2023-09-13,1173.9,1160.9,21.46,10.8,104.5,264.84,85.85,676.03,4625.2,7.0964,81.67,48.35,12.49,401.4,7.28,6,4,0,1
2023-09-14,1191.4,1120.5,21.72,10.63,103.66,270.01,86.08,668.33,4663.4,7.1221,81.98,49.31,12.56,401.4,7.24,7,3,0,1
2023-09-15,1419.8,1343.5,23.33,11.15,104.75,264.04,85.65,674.99,4617.9,7.1795,81.74,48.28,12.59,401.5,7.3,5,4,0,1
2023-09-18,1290.8,1214.3,22.08,10.76,105.34,271.55,87.57,677.21,4706.2,7.1467,81.88,48.46,12.8,401.6,7.2,6,3,0,1
2023-09-19,1332.6,1308.4,23.76,11.3,108.27,260.94,89.73,690.42,4708.1,7.0863,81.96,49.18,12.24,401.6,7.01,6,3,0,1
2023-09-20,1211.5,1174.2,20.94,10.57,114.9,268.91,84.65,651.43,4709.9,7.0894,81.6,48.1,12.57,401.6,7.23,6,4,0,1
2023-09-21,1227.8,1214.1,21.77,11.05,105.35,262.34,83.1,663.83,4684.6,7.1324,81.9,48.71,12.38,401.7,7.49,6,4,0,1
2023-09-22,1308.0,1183.9,21.3,11.19,106.57,278.85,85.31,650.28,4653.9,7.0868,82.15,47.68,12.59,401.7,7.55,6,3,0,1
2023-09-25,1335.4,1320.9,21.9,11.07,107.97,279.55,90.01,710.48,4660.2,7.0686,81.6,48.09,12.6,401.8,7.78,5,3,0,1
2023-09-26,1243.1,1356.6,22.05,11.01,109.71,261.74,83.82,655.99,4742.9,7.1449,81.95,48.91,12.32,401.8,7.63,6,4,0,1
2023-09-27,1217.5,1205.0,22.01,11.03,109.55,285.25,88.12,662.39,4740.7,7.1388,81.64,48.16,12.34,401.9,7.05,5,3,0,1
2023-09-28,1238.0,1251.4,22.44,10.91,113.09,294.51,88.08,683.35,4695.9,7.1429,82.11,48.41,12.62,401.9,7.2,5,3,0,1
2023-09-29,1299.9,1323.7,23.13,10.99,101.49,276.65,83.95,625.68,4674.7,7.1375,82.11,48.99,12.53,401.9,7.28,5,3,0,1
2023-10-02,1375.7,1355.5,22.6,11.34,101.9,272.03,85.86,671.37,4744.1,7.1283,81.79,48.41,12.48,402.0,7.25,4,4,0,0
2023-10-03,1321.9,1323.9,23.11,11.57,108.23,298.55,87.66,686.69,4673.1,7.1106,82.44,49.19,12.66,402.1,7.28,5,4,0,0
2023-10-04,1285.4,1264.4,21.77,10.63,113.61,268.0,83.93,643.59,4706.5,7.1462,82.17,48.87,12.68,402.1,7.75,4,3,0,0
2023-10-05,1431.3,1383.8,23.29,10.75,105.37,278.56,84.12,653.53,4747.0,7.1768,82.08,49.0,12.43,402.1,7.05,4,5,0,0
2023-10-06,1409.0,1505.9,24.32,11.25,101.05,280.28,83.32,670.05,4671.5,7.1161,82.07,49.45,12.36,402.2,7.12,5,4,0,0
2023-10-09,1476.4,1411.2,22.43,10.67,112.79,289.54,82.42,634.4,4733.3,7.1011,82.18,48.96,12.29,402.3,7.58,3,3,0,0
2023-10-10,1303.8,1339.6,21.19,11.08,112.03,282.67,82.95,631.38,4723.6,7.0979,81.69,49.64,12.55,402.3,7.12,4,3,0,0
2023-10-11,1331.8,1324.0,21.66,10.59,108.05,276.75,81.79,653.98,4705.2,7.1062,81.99,49.3,12.26,402.3,7.32,4,3,0,0
2023-10-12,1405.1,1467.4,22.87,12.14,108.68,273.87,83.93,674.27,4673.0,7.1385,82.05,48.52,12.57,402.4,7.45,4,3,0,0
2023-10-13,1328.3,1315.8,22.15,11.35,109.02,278.95,82.35,640.03,4683.5,7.0685,81.86,49.54,12.79,402.4,7.34,4,3,0,0
2023-10-16,1435.5,1458.3,23.0,11.25,112.78,274.46,84.03,663.51,4722.5,7.1465,82.09,48.98,12.48,402.5,7.27,4,4,0,0
2023-10-17,1401.6,1406.0,22.48,11.36,110.71,282.88,80.67,644.65,4663.7,7.1528,82.29,48.63,12.45,402.5,7.41,4,4,0,0
2023-10-18,1466.0,1599.4,22.76,10.75,114.6,278.79,83.93,641.82,4719.2,7.0798,81.89,49.01,12.96,402.6,7.05,5,4,0,0
2023-10-19,1324.7,1407.6,21.83,11.98,104.18,272.31,84.7,650.12,4734.7,7.1046,81.99,49.48,12.86,402.6,7.12,5,3,0,0
2023-10-20,1579.5,1522.4,22.7,10.97,110.87,293.43,79.47,635.16,4751.4,7.1366,81.8,49.14,12.41,402.6,7.32,4,3,0,0
2023-10-23,1402.2,1478.7,23.86,11.27,110.31,280.77,83.59,668.64,4671.4,7.1305,81.58,49.9,12.6,402.7,6.79,3,4,0,0
2023-10-24,1534.1,1592.4,23.64,10.8,113.39,275.48,84.99,664.65,4767.6,7.1506,82.23,49.51,12.63,402.8,7.49,3,3,0,0
2023-10-25,1338.3,1466.7,22.42,11.15,112.79,284.22,80.45,616.53,4782.0,7.131,82.03,49.21,12.61,402.8,7.26,5,4,0,0
2023-10-26,1441.6,1524.4,23.65,11.09,117.36,286.47,85.5,685.23,4738.2,7.1734,82.06,48.38,12.94,402.8,7.23,3,4,0,0
2023-10-27,1548.1,1678.9,22.73,11.46,109.16,273.34,83.1,638.68,4688.6,7.1261,81.81,48.86,12.59,402.9,6.87,4,3,0,0
2023-10-30,1599.0,1711.5,22.61,11.21,115.55,289.4,80.92,626.27,4716.9,7.1069,82.03,49.01,12.63,403.0,6.93,5,3,0,0
2023-10-31,1390.4,1635.1,22.37,11.0,117.5,279.53,81.95,641.34,4727.9,7.1047,82.35,49.37,12.72,403.0,7.1,3,3,0,0
2023-11-01,1546.8,1653.8,23.06,11.25,121.95,300.68,82.9,662.38,4740.2,7.1589,82.09,49.35,12.82,403.0,7.34,5,3,0,0
2023-11-02,1582.3,1812.1,23.2,11.75,114.77,292.24,81.88,647.05,4732.6,7.1379,82.1,49.11,12.77,403.1,6.76,4,4,0,0
2023-11-03,1710.8,1897.8,24.52,11.34,117.64,285.76,82.56,646.42,4742.9,7.1563,82.15,49.1,12.7,403.1,7.33,3,3,0,0
2023-11-06,1639.2,1892.2,23.22,11.42,111.13,283.63,79.79,628.1,4733.3,7.1563,81.81,49.44,12.28,403.2,7.09,4,3,0,0
2023-11-07,1735.7,2028.9,23.51,12.15,109.55,288.88,81.6,635.37,4746.9,7.0775,82.28,48.59,12.5,403.2,7.12,4,3,0,0
2023-11-08,1670.7,1881.9,24.68,12.53,120.2,294.7,78.59,621.13,4722.6,7.1041,81.82,50.01,12.76,403.3,7.21,4,4,0,0
2023-11-09,1668.9,1939.8,23.07,11.74,117.77,290.35,80.78,598.97,4728.1,7.1079,81.91,47.97,12.65,403.3,7.21,4,3,0,0
2023-11-10,1775.1,2060.7,24.01,11.53,121.86,289.35,79.2,615.02,4720.9,7.1143,81.89,49.91,12.77,403.3,7.01,3,3,0,0
2023-11-13,1697.3,1995.3,24.08,11.67,113.98,291.85,79.35,622.48,4811.6,7.1268,82.13,49.1,12.98,403.4,7.27,4,4,0,0
2023-11-14,1672.1,2005.8,23.15,11.86,120.33,287.3,82.74,628.85,4796.9,7.1696,82.09,49.7,12.37,403.4,6.68,3,3,0,0
2023-11-15,1940.9,2203.1,25.47,12.11,124.94,289.68,82.33,644.47,4766.3,7.1758,82.18,49.36,12.84,403.5,7.05,4,4,0,0
2023-11-16,1658.6,1942.9,24.12,12.08,120.59,277.02,81.31,630.42,4794.4,7.1313,81.96,49.37,12.55,403.5,7.17,3,3,0,0
2023-11-17,1821.4,2109.9,25.26,12.1,120.42,300.37,78.09,632.06,4777.1,7.1328,82.45,49.5,12.8,403.5,7.06,4,3,0,0
2023-11-20,1938.0,2219.3,24.21,12.54,119.85,295.71,79.33,638.31,4758.9,7.1198,82.43,49.66,12.61,403.6,6.76,4,3,0,0
2023-11-21,1741.4,2019.0,24.02,11.77,115.08,288.07,81.93,631.51,4701.0,7.1439,82.18,49.05,13.05,403.7,7.27,4,4,0,0
2023-11-22,1855.1,2213.1,24.48,12.57,124.72,308.5,79.84,621.12,4745.7,7.1475,82.11,49.82,12.65,403.7,6.87,4,3,0,0
2023-11-23,1836.6,2102.0,24.56,12.04,118.71,295.3,83.61,647.64,4744.3,7.1658,82.09,48.67,12.5,403.7,7.1,5,4,0,0
2023-11-24,1848.6,2051.1,22.97,11.51,122.56,287.25,79.99,618.48,4717.5,7.1658,82.17,49.28,12.71,403.8,7.14,3,4,0,0
2023-11-27,1796.7,2148.7,24.34,12.79,116.21,301.82,79.47,622.73,4708.6,7.0734,81.92,49.77,12.7,403.9,7.11,4,3,0,0
2023-11-28,1879.0,2197.6,23.3,11.35,117.71,298.75,78.41,604.1,4779.0,7.1381,82.03,49.87,12.86,403.9,7.33,2,3,0,0
2023-11-29,1823.8,2235.0,24.58,11.78,126.35,299.09,79.06,604.01,4774.3,7.1845,82.49,49.6,12.73,403.9,7.09,4,3,0,0
2023-11-30,1950.7,2328.7,23.43,12.06,120.91,293.29,78.39,620.51,4723.2,7.13,82.36,49.15,13.14,404.0,7.18,4,4,0,0
2023-12-01,1938.0,2275.4,23.54,13.13,126.94,300.21,79.78,630.09,4739.1,7.1776,82.7,49.88,12.62,404.0,7.08,4,4,0,0
2023-12-04,1966.8,2389.9,25.47,12.96,122.3,295.21,80.08,614.89,4809.3,7.1348,82.24,49.04,12.63,404.1,7.2,4,3,0,0
2023-12-05,1947.8,2329.2,24.38,12.75,116.91,301.68,76.79,612.93,4739.1,7.1495,82.23,50.39,12.53,404.1,7.36,5,4,0,0
2023-12-06,1960.8,2423.8,24.11,12.1,125.91,283.55,75.66,586.92,4776.9,7.1104,82.23,49.4,12.67,404.2,7.1,4,4,0,0
2023-12-07,2068.9,2476.6,25.78,13.16,121.42,294.91,74.6,590.34,4765.5,7.1117,82.25,48.62,12.7,404.2,7.23,4,4,0,0
2023-12-08,2096.4,2443.1,25.42,12.6,125.8,311.39,78.67,624.83,4791.0,7.1667,82.18,48.83,12.71,404.2,7.36,4,3,0,0
2023-12-11,2002.9,2465.2,25.52,12.66,123.88,293.04,75.63,593.86,4746.8,7.172,82.43,49.53,12.67,404.3,7.33,4,3,0,0
2023-12-12,1954.9,2353.1,24.41,12.17,119.11,294.56,73.59,585.89,4781.0,7.1466,82.38,49.6,12.54,404.4,6.98,4,4,0,0
2023-12-13,2065.0,2437.3,26.72,12.32,124.81,296.03,78.02,604.36,4784.9,7.1092,82.25,50.63,12.49,404.4,7.26,5,3,0,0
2023-12-14,2137.4,2495.0,25.07,12.5,131.54,290.56,81.67,632.98,4788.2,7.1475,82.69,49.0,12.59,404.4,7.1,4,3,0,0
2023-12-15,1887.4,2315.7,25.7,12.07,126.32,283.4,77.03,601.32,4784.1,7.1842,82.86,49.61,12.9,404.5,7.27,3,3,0,0
2023-12-18,2072.5,2501.5,25.14,12.65,124.79,298.5,78.41,604.21,4796.8,7.1994,82.7,49.03,12.95,404.6,7.15,3,4,0,0
2023-12-19,2114.2,2531.4,24.16,12.59,128.64,301.52,76.91,600.85,4862.6,7.1378,82.56,49.36,12.66,404.6,7.09,4,4,0,0
2023-12-20,2124.2,2577.1,25.49,12.4,126.09,300.37,76.44,581.24,4876.7,7.0977,82.61,50.58,12.49,404.6,7.12,5,4,0,0
2023-12-21,1917.4,2439.4,25.2,12.88,126.3,299.93,78.14,605.47,4765.8,7.173,82.89,49.05,12.66,404.7,7.08,3,4,0,0
2023-12-22,2212.0,2667.0,24.89,11.57,122.34,301.58,75.83,592.23,4708.2,7.1397,82.63,50.02,13.1,404.7,7.09,5,4,0,0
2023-12-25,2366.5,2828.9,25.54,13.06,126.79,309.17,76.7,598.51,4813.7,7.1769,82.31,49.93,12.89,404.8,6.99,5,4,0,0
2023-12-26,2214.6,2701.1,25.72,12.94,129.56,300.3,76.67,598.46,4800.5,7.1573,82.56,49.73,12.8,404.8,6.97,6,3,0,0
2023-12-27,2142.5,2678.2,25.78,13.0,123.76,297.65,74.76,587.64,4832.2,7.1226,82.63,50.05,12.88,404.9,7.37,5,4,0,0
2023-12-28,2150.9,2650.9,24.14,12.69,131.19,300.06,77.62,613.59,4806.2,7.151,82.23,49.14,13.0,404.9,7.11,5,3,0,0
2023-12-29,2285.9,2683.4,26.42,12.77,126.52,306.72,75.4,603.21,4799.5,7.1888,82.41,50.72,12.47,404.9,6.89,3,4,0,0
2024-01-01,2238.5,2676.5,25.12,12.88,124.16,313.17,74.23,576.98,4840.7,7.1457,82.78,50.89,12.62,405.0,6.94,6,4,0,0
2024-01-02,2217.5,2664.9,24.62,13.08,130.37,298.06,76.44,585.34,4846.7,7.1194,82.06,49.88,12.6,405.1,7.21,4,3,0,0
2024-01-03,2292.9,2804.9,26.37,12.57,126.43,303.7,73.74,568.91,4754.9,7.103,82.21,51.2,12.82,405.1,6.84,4,4,0,0
2024-01-04,2275.2,2856.6,26.08,12.94,129.95,305.67,75.29,586.13,4776.0,7.1277,82.48,49.67,12.74,405.1,6.69,4,4,0,0
2024-01-05,2097.3,2542.7,25.91,12.98,126.75,295.86,75.11,586.53,4802.1,7.1388,82.62,50.14,12.86,405.2,6.7,5,4,0,0
2024-01-08,2193.8,2684.0,25.93,11.9,127.65,303.62,76.97,594.16,4812.6,7.1764,82.22,50.73,12.61,405.3,6.63,6,3,0,0
2024-01-09,2119.2,2518.3,24.97,12.07,129.57,292.63,75.76,579.63,4802.4,7.1183,82.53,49.71,12.99,405.3,6.71,4,3,0,0
2024-01-10,2280.5,2695.3,25.46,13.11,129.07,290.5,74.76,582.88,4826.7,7.1988,82.86,49.22,12.71,405.3,6.73,5,4,0,0
2024-01-11,2263.6,2699.4,26.07,13.08,121.89,306.65,76.17,600.14,4847.5,7.1123,82.59,49.12,12.86,405.4,7.24,4,4,0,0
2024-01-12,2103.9,2648.2,25.44,12.87,124.83,301.15,77.1,611.43,4874.1,7.2226,82.82,51.16,12.96,405.4,6.95,4,3,0,0
2024-01-15,2243.1,2737.4,25.18,12.52,131.52,305.67,75.51,586.75,4837.5,7.2051,82.45,49.76,12.95,405.5,6.88,5,5,0,0
2024-01-16,2315.5,2810.4,26.3,12.44,128.25,304.13,74.43,581.14,4788.6,7.1577,82.41,49.97,12.8,405.5,6.66,4,4,0,0
2024-01-17,2265.2,2741.1,25.35,12.31,127.12,297.05,71.95,558.16,4814.4,7.1043,82.83,49.49,12.9,405.6,6.92,5,3,0,0
2024-01-18,2190.0,2721.0,25.54,13.1,124.56,304.13,72.31,571.32,4818.1,7.1523,82.72,50.64,13.08,405.6,6.6,5,4,0,0
2024-01-19,2396.0,2766.1,26.35,12.4,125.56,295.31,73.59,570.23,4839.9,7.1426,82.33,49.71,12.84,405.6,6.87,5,5,0,0
2024-01-22,2199.2,2786.1,25.77,12.76,122.65,315.07,72.96,582.99,4838.9,7.1166,82.45,49.9,12.6,405.7,7.35,5,3,1,0
2024-01-23,2162.8,2714.0,25.38,12.22,128.9,294.54,73.64,559.31,4898.2,7.1638,83.05,50.35,12.86,405.8,7.06,6,4,1,0
2024-01-24,2267.5,2774.8,25.37,12.98,127.4,303.31,74.0,578.88,4811.4,7.1305,82.43,49.63,12.74,405.8,6.89,4,4,1,0
2024-01-25,2368.2,2784.9,26.22,12.59,126.31,297.02,74.78,592.09,4842.2,7.134,82.9,50.14,12.28,405.8,7.06,4,4,1,0
2024-01-26,2172.1,2709.2,25.83,12.58,129.26,309.16,73.62,582.85,4912.3,7.1496,82.56,51.03,12.84,405.9,6.82,3,4,1,0
2024-01-29,2271.5,2820.0,26.92,12.4,130.72,302.44,74.56,619.31,4812.9,7.1391,82.7,50.52,12.78,406.0,6.75,6,4,1,0
2024-01-30,2389.6,2899.6,25.85,12.34,136.33,301.06,73.73,585.58,4839.6,7.2189,82.78,50.38,12.99,406.0,7.25,4,4,1,0
2024-01-31,2318.6,2874.2,25.41,12.63,124.85,311.38,70.0,543.94,4802.6,7.1407,82.19,50.44,12.61,406.0,6.68,5,5,1,0
2024-02-01,2277.0,2833.9,26.34,12.24,133.46,305.21,71.8,567.13,4839.7,7.1702,82.35,50.14,12.46,406.1,6.83,4,4,1,0
2024-02-02,2270.0,2752.7,25.62,13.26,132.91,308.87,73.18,556.31,4810.6,7.1616,82.75,51.47,12.8,406.1,6.96,5,4,1,0
2024-02-05,2288.0,2803.7,25.1,11.91,127.35,297.64,71.21,563.26,4878.0,7.1685,82.57,49.95,12.85,406.2,6.7,4,3,1,0
2024-02-06,2254.7,2692.5,26.33,12.27,130.54,294.45,74.42,576.04,4847.7,7.171,83.0,50.53,12.79,406.2,7.02,4,4,1,0
2024-02-07,2260.0,2680.3,24.67,12.72,128.46,305.77,76.05,608.1,4811.0,7.1848,82.36,50.5,12.78,406.2,6.82,4,4,1,0
2024-02-08,2209.1,2677.7,26.05,12.46,130.54,302.55,75.44,586.41,4874.3,7.1665,82.91,51.02,12.56,406.3,7.02,4,4,1,0
2024-02-09,2227.7,2707.9,24.68,12.17,134.8,309.61,72.83,573.81,4852.3,7.1655,82.43,51.09,12.75,406.3,7.0,5,4,1,0
2024-02-12,2202.7,2675.0,26.78,12.26,131.92,304.27,75.86,588.2,4882.8,7.1612,82.71,50.49,12.71,406.4,6.82,4,4,1,0
2024-02-13,2188.9,2631.9,24.54,12.25,131.62,306.35,73.41,600.04,4810.4,7.1555,82.54,50.69,13.0,406.4,7.21,5,4,1,0
2024-02-14,2152.2,2608.6,25.89,12.28,128.62,292.58,72.5,569.18,4864.7,7.1325,83.28,50.73,12.86,406.5,6.73,4,4,1,0
2024-02-15,2235.5,2743.0,25.74,13.4,125.25,318.85,71.98,591.46,4880.0,7.1582,82.48,49.32,12.73,406.5,7.13,4,4,1,0
2024-02-16,2153.2,2520.9,24.78,12.36,129.32,303.38,72.52,582.89,4839.2,7.1675,82.79,49.72,13.13,406.5,7.09,4,3,0,0
2024-02-19,2151.8,2493.8,25.0,12.68,133.84,309.76,72.34,577.73,4813.4,7.173,82.41,50.29,12.74,406.6,7.2,6,3,0,0
2024-02-20,1945.7,2408.0,25.07,12.35,125.07,298.17,73.33,583.1,4857.2,7.1666,83.25,50.33,12.91,406.7,6.88,4,3,0,0
2024-02-21,2035.8,2430.2,24.15,12.59,126.55,306.65,73.3,583.2,4902.8,7.1544,82.96,50.0,12.77,406.7,6.69,3,4,0,0
2024-02-22,2034.5,2482.8,24.05,11.13,130.3,294.46,73.01,553.35,4900.4,7.1599,82.9,51.1,13.13,406.7,7.26,4,3,0,0
2024-02-23,2083.9,2530.5,25.42,12.22,126.71,307.5,73.79,578.41,4847.1,7.1452,83.24,50.71,12.82,406.8,6.77,4,4,0,0
2024-02-26,2073.5,2458.4,23.9,12.81,127.28,301.32,75.14,601.12,4820.6,7.1719,82.93,50.61,12.83,406.9,6.67,5,3,0,0
2024-02-27,2088.9,2461.6,24.5,12.08,128.41,304.07,74.71,587.45,4851.6,7.1561,82.95,50.06,12.78,406.9,6.79,5,4,0,0
2024-02-28,2098.5,2537.7,26.61,12.73,125.34,308.95,70.33,541.41,4851.4,7.1683,82.94,50.75,12.85,406.9,6.63,4,4,0,0
2024-02-29,2017.7,2552.1,24.08,12.68,126.53,294.32,68.42,544.61,4884.6,7.1932,83.05,49.35,13.05,407.0,6.92,6,4,0,0
2024-03-01,2107.8,2618.8,26.33,12.47,131.83,298.27,74.71,608.47,4866.5,7.1421,82.79,50.72,12.99,407.0,6.7,4,4,0,0
2024-03-04,2319.8,2804.6,25.44,12.53,125.33,306.67,70.58,574.92,4847.2,7.1819,82.88,50.87,12.83,407.1,6.75,5,5,0,0
2024-03-05,2005.2,2597.1,25.48,12.04,124.32,318.81,72.66,573.32,4913.4,7.1652,83.15,50.99,13.16,407.1,7.0,4,4,0,0
2024-03-06,2232.9,2646.1,25.74,12.25,127.33,301.86,70.98,574.06,4880.8,7.2251,83.02,50.02,13.0,407.2,6.93,3,4,0,0
2024-03-07,2322.7,2838.5,26.4,12.18,131.6,307.14,69.87,550.69,4892.3,7.1582,82.93,51.02,12.74,407.2,6.8,4,3,0,0
2024-03-08,2289.6,2724.7,25.32,12.67,128.53,301.71,74.11,563.52,4817.8,7.1857,82.62,50.34,12.55,407.2,6.83,2,3,0,0
2024-03-11,2215.3,2726.9,26.87,12.09,127.57,316.87,74.54,575.76,4796.8,7.166,83.36,50.49,12.75,407.3,6.79,6,3,0,0
2024-03-12,2184.5,2824.4,25.65,13.03,129.09,288.99,72.17,589.51,4832.5,7.1241,82.83,51.35,12.92,407.4,6.7,5,3,0,0
2024-03-13,2185.7,2631.5,25.09,12.48,123.25,302.58,68.58,543.07,4867.1,7.1504,83.25,52.09,12.96,407.4,6.78,4,4,0,0
2024-03-14,2246.1,2659.9,25.46,11.88,130.3,289.46,72.31,568.76,4905.3,7.1926,83.05,51.03,13.11,407.4,6.88,5,3,0,0
2024-03-15,2185.4,2592.4,24.48,12.97,129.82,282.62,74.04,579.87,4804.3,7.1534,82.69,50.57,12.62,407.5,6.75,4,4,0,0
2024-03-18,1974.3,2386.6,24.42,12.32,127.15,303.4,70.72,583.76,4945.4,7.1005,83.35,51.14,12.76,407.6,6.85,5,4,0,0
2024-03-19,2074.5,2484.7,25.2,12.65,131.55,301.97,73.77,601.12,4896.8,7.1664,83.1,51.57,12.62,407.6,6.59,5,4,0,0
2024-03-20,2106.5,2583.0,25.17,12.3,124.58,298.53,73.46,606.18,4939.6,7.1348,83.38,51.42,12.59,407.6,6.64,4,3,0,0
2024-03-21,2058.7,2530.6,26.66,12.58,131.65,299.61,74.59,585.33,4862.1,7.1717,83.01,52.6,12.73,407.7,6.61,4,4,0,0
2024-03-22,2179.0,2580.0,24.68,12.83,128.39,323.37,73.83,585.58,4911.9,7.2145,83.24,50.72,12.93,407.7,6.64,5,3,0,0
2024-03-25,1996.4,2463.0,25.26,12.03,126.66,297.92,71.93,550.9,4900.7,7.1917,82.64,51.27,13.02,407.8,7.0,5,3,0,0
2024-03-26,1956.1,2376.3,25.44,13.01,127.51,303.4,75.9,613.84,4927.5,7.2149,82.96,52.0,12.68,407.8,6.89,4,4,0,0
2024-03-27,2010.2,2477.2,24.69,12.19,127.07,294.41,73.53,566.01,4891.9,7.1522,82.78,51.99,12.7,407.9,6.52,6,3,0,0
2024-03-28,1901.3,2337.2,23.9,12.48,131.14,301.2,73.84,584.73,4917.8,7.165,83.01,50.11,12.51,407.9,6.82,4,4,0,0
2024-03-29,2024.3,2401.6,23.88,12.12,123.62,296.89,72.29,558.4,4940.9,7.1382,83.23,51.2,12.91,407.9,6.65,4,4,0,0
2024-04-01,2033.3,2336.3,23.98,12.2,124.44,295.29,73.25,571.05,4883.0,7.1496,82.98,52.04,12.73,408.0,6.59,5,3,0,0
2024-04-02,2045.2,2460.1,23.46,11.55,130.01,311.69,72.54,563.23,4915.4,7.1426,83.35,52.83,13.21,408.1,6.42,4,3,0,0
2024-04-03,2001.1,2494.4,24.2,12.38,124.6,306.55,73.91,575.28,4842.0,7.1314,82.93,51.64,12.96,408.1,6.91,5,4,0,0
2024-04-04,2008.6,2322.8,23.61,11.89,129.19,298.42,77.39,599.78,4933.8,7.2118,83.37,51.07,12.85,408.1,6.44,4,4,0,0
2024-04-05,2076.8,2363.3,25.18,11.69,131.55,279.77,71.93,562.56,4978.8,7.1083,83.48,50.74,12.76,408.2,6.7,4,3,0,0
2024-04-08,1988.7,2407.8,25.0,12.74,124.62,294.0,71.59,576.82,4870.3,7.2128,83.43,52.53,12.59,408.3,6.51,5,4,0,0
2024-04-09,1986.6,2391.4,25.22,12.12,127.88,316.63,77.24,591.98,4911.8,7.2093,83.1,51.72,12.62,408.3,6.85,4,4,0,0
2024-04-10,2035.4,2390.0,25.04,11.82,121.8,294.27,74.32,588.0,4947.0,7.1871,82.66,50.87,12.77,408.3,6.63,4,3,0,0
2024-04-11,2161.9,2501.3,25.19,12.25,127.69,303.91,73.59,595.04,4918.4,7.1389,83.34,51.24,12.76,408.4,6.67,5,3,0,0
2024-04-12,2005.0,2423.4,25.8,11.81,125.69,306.08,76.77,595.9,4924.2,7.1251,83.17,51.54,12.7,408.4,6.67,4,4,0,0
2024-04-15,1858.7,2258.4,23.7,12.4,126.34,296.53,73.92,574.04,4908.2,7.1568,82.98,51.69,12.98,408.5,6.74,4,4,0,0
2024-04-16,1953.7,2253.3,24.54,11.86,122.53,288.2,78.41,610.4,4908.1,7.1922,83.09,50.91,13.01,408.5,6.68,5,3,0,0
2024-04-17,1881.0,2126.6,24.59,12.12,119.05,275.86,76.45,614.03,4921.2,7.1737,83.6,51.08,12.82,408.5,6.67,5,3,0,0
2024-04-18,1879.0,2185.4,23.17,12.35,125.74,298.86,74.47,588.72,4926.8,7.1426,82.96,50.52,13.3,408.6,6.57,5,4,0,0
2024-04-19,1741.2,2014.2,25.76,11.59,117.29,287.22,79.35,613.19,4885.1,7.2085,83.37,52.02,12.56,408.6,6.35,4,3,0,0
2024-04-22,1851.8,2065.7,23.71,11.91,122.63,294.25,74.49,592.37,4927.6,7.2253,83.33,51.27,12.93,408.7,6.44,5,4,0,0
2024-04-23,1822.0,2055.6,23.73,11.34,126.41,283.14,77.04,590.66,4986.0,7.1682,83.19,51.73,12.87,408.7,6.8,4,3,0,0
2024-04-24,1594.7,1801.7,23.84,12.28,123.76,290.11,76.37,607.48,4917.6,7.1785,83.45,52.27,12.81,408.8,6.59,4,2,0,0
2024-04-25,1642.9,1813.2,23.76,11.83,129.13,291.93,78.3,617.34,4890.1,7.1301,83.7,51.62,12.78,408.8,6.52,5,3,0,0
2024-04-26,1652.0,1936.9,23.53,11.59,125.92,293.27,78.89,612.79,4929.2,7.1632,83.23,51.45,12.92,408.8,6.37,4,3,0,0
2024-04-29,1720.5,1884.8,23.17,11.16,120.29,282.46,76.27,588.58,4913.0,7.1916,83.26,51.63,12.88,408.9,6.29,4,4,0,0
2024-04-30,1588.1,1752.0,21.59,11.14,122.2,299.37,74.99,579.29,4892.3,7.1871,83.48,51.58,12.85,409.0,6.49,4,3,0,0
2024-05-01,1528.1,1671.6,22.31,11.14,121.7,285.47,77.31,612.11,4945.2,7.1615,83.56,52.24,12.67,409.0,6.81,3,3,0,0
2024-05-02,1613.6,1773.7,23.27,12.07,116.52,276.95,75.39,607.43,4916.6,7.1687,83.31,51.74,12.61,409.0,6.52,5,4,0,0
2024-05-03,1625.2,1786.2,23.39,11.04,118.3,288.24,80.38,618.91,4920.7,7.1637,83.27,51.28,12.88,409.1,6.71,4,3,0,0
2024-05-06,1467.9,1473.7,22.82,11.0,119.24,288.86,77.14,610.02,4951.4,7.1695,82.81,52.16,12.86,409.2,6.5,3,3,0,0
2024-05-07,1466.1,1494.5,21.64,10.77,114.25,289.35,76.37,574.29,4893.5,7.1907,83.18,52.28,12.91,409.2,6.74,4,4,0,0
2024-05-08,1515.1,1629.6,21.51,11.08,120.64,297.9,77.5,600.01,4887.4,7.1192,83.1,50.87,12.93,409.2,6.54,4,3,0,0
2024-05-09,1533.5,1586.4,22.84,10.96,119.41,285.44,74.89,588.88,4973.0,7.1762,83.56,52.46,12.84,409.3,6.36,5,3,0,0
2024-05-10,1434.6,1460.2,22.64,10.74,114.57,285.85,75.71,583.91,4883.1,7.1892,83.34,51.83,12.91,409.3,6.55,3,4,0,0
2024-05-13,1407.0,1481.7,22.65,11.28,120.93,278.0,79.77,611.17,4919.9,7.1622,83.35,51.8,12.79,409.4,6.96,4,4,0,0
2024-05-14,1328.6,1335.7,21.31,10.86,121.64,291.94,76.57,592.66,4892.2,7.1652,83.42,52.2,13.26,409.4,6.95,4,3,0,0
2024-05-15,1261.8,1233.2,21.85,10.69,119.79,286.69,76.01,600.41,4939.4,7.1663,83.21,51.35,12.8,409.5,6.69,4,3,0,0
2024-05-16,1295.2,1234.3,23.56,9.57,117.74,281.67,79.01,615.05,4972.5,7.1656,83.83,52.19,12.89,409.5,6.56,4,3,0,0
2024-05-17,1226.3,1194.8,21.12,10.59,120.38,270.05,80.33,599.4,4962.6,7.1804,83.77,51.47,12.82,409.5,6.65,3,4,0,0
2024-05-20,1242.2,1221.5,20.24,9.92,120.37,294.67,79.64,596.12,5045.9,7.1848,83.87,50.88,12.82,409.6,6.64,5,3,0,0
2024-05-21,1283.7,1102.0,20.58,10.69,118.88,274.14,80.29,618.71,5001.3,7.1181,83.64,51.15,12.98,409.7,6.56,4,3,0,0
2024-05-22,1228.0,1095.3,21.26,10.92,114.96,278.41,77.29,611.07,4931.8,7.2009,83.47,52.02,12.95,409.7,6.66,5,3,0,0
2024-05-23,1194.8,1176.3,19.59,9.93,118.19,285.03,76.25,565.5,4923.7,7.1728,83.89,51.19,12.88,409.7,6.61,4,3,0,0
2024-05-24,1255.6,1167.3,21.38,10.53,120.83,272.86,81.66,629.3,5061.5,7.2397,83.32,52.6,12.92,409.8,6.5,4,3,0,0
2024-05-27,1254.0,1200.2,21.39,10.33,114.8,270.13,78.53,607.7,5007.4,7.1467,83.3,52.38,12.84,409.9,6.32,3,3,0,0
2024-05-28,1249.5,1171.8,22.32,11.08,123.13,264.89,78.82,632.61,4992.0,7.1566,83.37,52.47,13.07,409.9,6.46,4,4,0,0
2024-05-29,1128.7,1002.8,21.64,10.42,114.43,285.71,81.81,631.71,4975.1,7.1768,83.66,51.81,13.4,409.9,6.71,5,3,0,0
2024-05-30,1162.8,974.0,21.26,10.96,115.92,275.7,80.58,632.53,4983.2,7.1955,83.34,51.89,12.81,410.0,6.54,5,2,0,0
2024-05-31,1191.8,1085.1,19.61,10.64,113.36,301.23,80.55,629.46,4922.9,7.1248,83.5,51.09,13.07,410.0,6.6,4,2,0,0
2024-06-03,1186.6,1108.9,21.63,10.59,115.93,271.29,83.79,624.17,4983.7,7.1591,83.16,52.3,13.01,410.1,6.48,4,3,0,1
2024-06-04,1255.3,1130.0,21.58,10.57,109.34,271.32,78.89,625.64,4981.9,7.2019,83.69,51.97,13.13,410.1,6.32,6,4,0,1
2024-06-05,1115.8,975.2,20.94,10.68,112.87,273.46,81.87,639.3,4948.9,7.1559,83.2,52.08,13.14,410.2,6.48,6,3,0,1
2024-06-06,1108.2,972.0,19.58,9.75,110.82,279.0,80.46,633.21,4962.8,7.2257,83.35,52.7,13.04,410.2,6.32,6,3,0,1
2024-06-07,1129.1,989.7,20.72,10.67,114.45,273.12,80.99,677.87,5035.9,7.1712,83.89,51.44,13.0,410.2,6.3,6,3,0,1
2024-06-10,1205.5,1140.8,20.36,10.51,116.9,280.71,83.42,622.22,4981.9,7.1585,83.9,51.71,12.92,410.3,6.75,6,3,0,1
2024-06-11,1233.9,1177.2,20.28,11.05,115.49,268.25,81.73,656.49,5059.9,7.204,83.71,51.96,12.86,410.4,6.43,6,3,0,1
2024-06-12,1237.4,1229.3,21.51,10.67,105.53,264.7,81.94,633.76,4927.7,7.2341,83.69,51.27,12.99,410.4,6.36,6,4,0,1
2024-06-13,1268.5,1290.7,21.34,10.55,119.36,261.04,83.06,648.25,4971.5,7.1986,83.5,51.69,12.76,410.4,6.83,5,3,0,1
2024-06-14,1244.5,1272.6,23.29,10.77,113.47,257.31,80.62,627.7,4936.7,7.2242,83.44,52.06,12.9,410.5,6.66,6,3,0,1
2024-06-17,1250.5,1312.7,21.5,10.39,109.75,269.57,79.92,618.39,4952.0,7.2373,83.57,51.61,13.25,410.6,6.42,7,5,0,1
2024-06-18,1251.9,1274.8,22.3,10.02,112.44,270.66,79.71,615.16,4966.5,7.1596,83.29,52.52,13.05,410.6,6.57,6,3,0,1
2024-06-19,1219.5,1169.0,20.11,10.8,112.21,267.64,78.2,615.7,5007.7,7.2156,83.73,50.97,13.21,410.6,6.44,6,3,0,1
2024-06-20,1212.9,1137.1,20.99,10.86,109.22,281.17,85.59,643.79,5007.1,7.142,83.69,52.42,13.32,410.7,6.34,6,4,0,1
2024-06-21,1236.9,1203.9,21.49,10.86,111.7,280.52,80.05,633.35,4975.2,7.2006,83.45,52.16,13.0,410.7,6.57,6,3,0,1
2024-06-24,1125.9,1193.2,20.78,11.12,108.83,268.26,81.79,631.15,4924.4,7.1864,84.1,51.49,13.08,410.8,6.41,4,4,0,1
2024-06-25,1319.2,1188.2,21.0,10.38,109.19,256.77,81.83,622.91,5055.3,7.2261,83.86,51.29,12.98,410.8,6.48,6,3,0,1
2024-06-26,1318.4,1225.1,21.42,10.26,108.0,265.44,83.03,639.21,4994.7,7.2242,83.89,50.66,12.88,410.8,6.67,6,4,0,1
2024-06-27,1294.9,1238.4,21.74,10.92,105.33,264.65,84.09,666.91,4966.8,7.2063,83.6,51.36,12.85,410.9,6.64,7,3,0,1
2024-06-28,1305.2,1140.3,22.58,10.56,110.1,263.69,84.32,646.92,5016.6,7.1984,83.73,52.37,13.21,410.9,6.35,6,4,0,1
2024-07-01,1089.0,1027.9,21.2,10.19,111.23,262.84,81.86,640.94,5017.6,7.2053,83.91,51.77,13.09,411.0,6.55,5,4,0,1
2024-07-02,1268.1,1083.9,21.37,10.5,110.73,262.64,82.75,633.92,5000.3,7.1922,83.8,52.44,13.42,411.0,6.22,6,3,0,1
2024-07-03,990.9,873.7,21.01,10.14,111.43,264.1,83.7,658.24,5017.9,7.1887,84.17,51.45,13.25,411.1,6.53,5,4,0,1
2024-07-04,1033.5,846.3,20.9,9.64,109.57,261.7,82.88,651.8,4973.5,7.234,83.72,52.18,12.91,411.1,6.47,5,2,0,1
2024-07-05,1054.6,997.4,21.32,10.57,106.56,267.49,86.36,689.4,5041.6,7.2378,83.65,51.4,13.23,411.1,6.51,5,3,0,1
2024-07-08,1097.5,963.6,20.67,10.06,110.68,268.1,84.48,652.36,4983.6,7.1874,83.96,51.26,13.0,411.2,6.37,6,3,0,1
2024-07-09,1044.0,851.1,20.78,10.45,103.39,258.03,85.05,666.38,4998.4,7.199,83.49,51.73,13.31,411.3,6.84,6,3,0,1
2024-07-10,1036.4,881.4,21.45,10.15,104.59,273.86,85.05,659.54,5043.5,7.1945,84.05,51.42,12.97,411.3,6.24,6,3,0,1
2024-07-11,1102.8,917.4,21.77,10.94,104.13,256.45,86.1,681.04,5064.1,7.1439,83.5,50.93,12.86,411.3,6.61,6,3,0,1
2024-07-12,1113.6,982.2,20.71,11.0,110.42,251.14,84.44,645.58,5078.6,7.1824,83.99,51.67,12.91,411.4,6.21,6,3,0,1
2024-07-15,1166.0,1112.7,21.78,10.87,109.73,265.6,81.91,645.9,5063.5,7.2411,83.69,51.83,12.93,411.5,6.51,6,3,0,1
2024-07-16,1162.3,1110.3,21.25,10.15,108.02,256.09,85.08,656.23,5016.3,7.1709,83.97,52.46,12.91,411.5,6.52,6,3,0,1
2024-07-17,1194.2,1052.6,21.11,11.07,109.65,264.1,83.31,645.75,4974.9,7.257,84.09,52.28,12.97,411.5,6.41,4,4,0,1
2024-07-18,1065.0,965.1,20.55,10.99,103.16,243.14,83.65,649.92,5079.2,7.229,83.91,52.43,13.25,411.6,6.3,6,4,0,1
2024-07-19,1166.6,1001.4,21.02,10.6,106.85,271.09,85.77,666.29,5079.1,7.2061,83.58,52.15,13.44,411.6,6.42,5,3,0,1
2024-07-22,1276.4,1148.8,22.52,11.3,105.1,265.18,87.06,670.62,5011.1,7.2115,83.67,51.93,12.82,411.7,6.44,6,3,0,1
2024-07-23,1117.9,1127.1,21.53,10.55,107.98,248.36,84.98,660.45,5068.0,7.1674,83.72,51.06,13.35,411.7,6.74,6,3,0,1
2024-07-24,1236.3,1093.1,21.67,10.16,104.68,248.01,85.61,681.07,5025.3,7.1872,83.44,51.81,13.0,411.8,6.21,6,3,0,1
2024-07-25,1328.1,1164.2,20.98,10.72,103.59,271.14,88.22,691.74,5090.6,7.2386,84.2,52.05,13.17,411.8,6.27,5,3,0,1
2024-07-26,1237.3,1163.6,21.52,11.48,106.34,252.56,85.7,673.16,5021.2,7.1771,83.95,52.52,12.77,411.8,6.43,6,4,0,1
2024-07-29,1270.6,1188.4,21.79,10.47,107.19,251.33,90.05,686.85,5111.9,7.228,83.66,52.09,13.21,411.9,6.31,6,3,0,1
2024-07-30,1375.6,1318.3,21.5,11.01,102.04,240.08,86.48,657.39,5071.3,7.1551,84.31,52.38,12.71,412.0,6.34,6,3,0,1
2024-07-31,1251.1,1226.4,21.71,10.85,103.78,253.95,82.39,651.71,5107.8,7.1607,83.78,51.13,13.17,412.0,6.57,5,2,0,1
2024-08-01,1257.6,1200.7,21.65,10.8,100.39,254.38,87.01,682.16,5029.8,7.2539,84.03,51.51,13.16,412.0,5.79,5,3,0,1
2024-08-02,1191.9,1215.0,22.06,10.86,95.58,260.96,86.43,685.38,5061.4,7.1967,83.77,51.91,13.15,412.1,6.23,6,4,0,1
2024-08-05,1249.5,1191.5,21.88,10.93,104.03,244.61,88.15,672.18,5016.8,7.1816,83.49,52.31,12.97,412.2,5.99,5,4,0,1
2024-08-06,1322.9,1278.1,21.42,10.82,105.15,243.22,87.13,669.7,5081.4,7.2388,83.66,51.58,13.23,412.2,6.1,6,3,0,1
2024-08-07,1367.8,1346.9,21.72,10.47,103.85,257.52,85.75,643.4,5084.4,7.2356,83.89,51.6,13.2,412.2,6.82,4,4,0,1
2024-08-08,1237.0,1099.6,21.28,10.69,96.6,261.21,83.87,645.61,5138.0,7.226,84.24,52.02,13.08,412.3,6.45,5,3,0,1
2024-08-09,1126.9,1071.2,22.23,11.12,101.54,241.4,85.77,675.22,5072.1,7.1815,84.11,51.01,13.26,412.3,6.52,7,3,0,1
2024-08-12,1188.3,1148.3,21.6,11.02,95.4,260.83,84.69,650.31,5084.1,7.1907,84.08,52.5,13.11,412.4,6.31,6,2,0,1
2024-08-13,1407.0,1300.3,21.66,10.75,106.72,252.53,85.25,667.37,5043.4,7.2088,83.54,51.13,13.24,412.4,6.47,6,3,0,1
2024-08-14,1308.1,1305.6,22.41,10.64,98.7,259.97,87.42,672.16,5080.0,7.2206,84.37,50.54,13.11,412.5,5.96,7,4,0,1
2024-08-15,1385.9,1399.8,23.77,11.23,106.04,250.8,89.43,692.0,5048.9,7.1847,84.12,51.59,13.18,412.5,6.52,4,4,0,1
2024-08-16,1388.7,1425.1,22.99,11.72,104.9,231.96,87.19,659.14,5067.4,7.2053,84.04,52.51,13.25,412.5,6.15,5,3,0,1
2024-08-19,1313.8,1367.0,22.52,11.29,98.85,249.29,84.39,654.86,5072.9,7.2088,84.37,51.89,13.07,412.6,6.2,6,3,0,1
2024-08-20,1447.1,1384.3,22.52,11.24,97.97,257.93,87.39,638.39,5055.6,7.2396,84.41,51.96,12.9,412.7,6.4,6,4,0,1
2024-08-21,1427.2,1521.2,23.86,11.76,102.58,242.84,88.8,681.59,5071.3,7.2239,84.39,51.56,13.2,412.7,6.36,6,3,0,1
2024-08-22,1376.8,1489.3,23.12,11.32,98.63,246.2,85.59,642.47,5057.1,7.1563,84.05,51.44,13.39,412.7,6.31,5,2,0,1
2024-08-23,1389.5,1456.3,23.11,11.4,101.54,247.36,86.49,682.64,5058.1,7.1953,83.86,50.66,13.21,412.8,6.02,6,3,0,1
2024-08-26,1279.5,1405.7,23.24,11.5,99.55,226.51,86.8,679.59,5112.5,7.1745,84.38,50.26,13.22,412.9,6.3,6,4,0,1
2024-08-27,1436.5,1545.5,22.14,11.2,95.29,260.37,85.4,666.33,5082.1,7.2196,83.8,51.59,13.15,412.9,6.47,7,3,0,1
2024-08-28,1473.4,1627.8,22.44,11.2,93.75,240.66,88.01,696.75,5089.3,7.2305,84.5,52.19,13.31,412.9,6.17,5,3,0,1
2024-08-29,1534.5,1599.5,23.03,11.68,101.51,250.81,86.66,657.91,5027.3,7.2061,84.16,51.65,13.13,413.0,6.53,6,3,0,1
2024-08-30,1458.0,1580.8,23.32,12.06,98.9,245.96,87.66,697.06,5094.2,7.1952,83.9,51.79,13.07,413.0,6.09,6,2,0,1
